walletAddress,pendingPoints,userPosition
0xBfCdC2f21dfD9Ac76beb1f986E156ee73c93f889,64916,1
0xC45CD31c4B09a16B294e66aC73c89D4f70bEe349,57816,2
0x0209982066a02dD4968b82Ddd8833195b95cc8db,54402,3
0x6B855dCe6C4b644Fc8438eEa2C79fc93C30C211c,50912,4
0xB875F61b76b90dc4a01f12991aF4f611e418ce93,46684,5
0xe2d57320b62a8cA760338CB38B1A6ece4B7adc39,39478,6
0x5222DF4a999F3D03efD00d010233Bac76C16B586,34616,7
0x851418f4C60589f9F84Dc73db12275860A27ae7f,27387,8
0xDa5F504382A1A147c1bd81e640eA5FfA7280AF79,26526,9
0x0452B119a96dc377c9804C5abf318fd30B1B5465,26508,10
0xD25cb4970c9C09975200EBf083511453a3F91BE9,26364,11
0x749Aff193D662ad6BeC9f6dAA2492d4223CfEA54,25986,12
0x4FC203b0b94016CE4dE787495F88d14827C55e75,25784,13
0x8301B3525884d848a154632c2A6a075F469DA4d3,25411,14
0x0a9fD20fc663CC9afA28699959965a2A2dc5aaE3,24293,15
0xC342B60228a044163D0972cA5536f2A9b5199d41,23993,16
0x39f4DA389fEF57165BD470Eb422c755e271F785B,23052,17
0x6B1746AfF649B1575916A7Fa0697c2a694ed8244,20224,18
0xdd6477C387708EcE5a43A643fC8d76488C55c6D7,19067,19
0xBaD941fb6C539643043854cE8e6320682A99f5E3,18195,20
0x986360f84b9e114d89b17e1945e60B5C8703CbB0,17876,21
0x6E2218f25Fd13db788DceeebfD1525270BEe96D4,16826,22
0x4d41c26e25F1826215905713c412bA9Eabcc6402,13828,23
0x0e503284945508b29091651556F82003b3c6B8CF,13189,24
0x0AaD398EFc545546c66ea14a0DA6B1e7e153F9f0,12000,25
0x93817fe33D390a49F35B940Fa8ec0D781f4C505e,11644,26
0x84AC2aCbF92Dc935E0610830810Ff341931b8749,11116,27
0xE6a19c89d6fADCc83230c4BaF0D9E33CE9b38710,10254,28
0x6A09bc42c189D047B28ce04D1eA011501a4E9Ad5,8504,29
0xe37e217d6a30d6Fb685eF9E5e435Eef748EB7eDa,8503,30
0x15C2D3a7005Ef6C266d779CB70D83dB76c32D1F9,8161,31
0x5e8e66dF40E58f3a96142aCA5329575E5f638E75,7967,32
0x110eD35e28084e3619E9F9af3e4994Fe659BD138,7807,33
0xbc5A18F05639B5814f12FBDfD0D4C4d7632e8921,7598,34
0x0A1d722d3e7C9bb09B40C1b598D1e88791896225,6903,35
0x38E96F3783d5595E6Be607dcaDefe369A8672850,6662,36
0xc7c37c802547f0A0B4Dc16c1dCb5ec19ca606116,6223,37
0x34EdeED81a89381001e320AAd5b39f4224809C3D,5642,38
0x415Dcd7c9f4954595cc5479c74f0F4c4c986df02,5590,39
0x9A182C2B2b141F43f72b3b5a282f627A0d96C5Bc,5541,40
0x309Bd9887Cc1BaE1C137e30b9C282473855eD1a6,5405,41
0x752C306b092A7AFb95cd34e73032aE458BEa00B2,5363,42
0x8D0739d9D0d49aFCF8d101416cD2759Bf8922013,5059,43
0xe78450034b19E97E42d5b14b425d6e2d4E93703F,4990,44
0x4c44a38c15086F173C3a4454658Aa48f687F4f25,4985,45
0xcbd8379f584A017840631Be74Bb8e45F6436c6Ca,4984,46
0x3a69CA32BbBec61C7214039284b8aC65a24bdf19,4984,47
0xe9fA511761f1245c7e41B9c7B0317934519d1786,4956,48
0x154D6A9Ebb7b9A1d437276C531531aE903f2F178,4853,49
0x48E61f885430dA6C5776325D1f1D1e4a77c92280,4786,50
0x8dF38138d5cda4Df15E600Cbb36ea4FC2496C90D,4745,51
0x46559eD2F42B7f5221340A7d0eD3F14F03D30732,4735,52
0xc3bB76c61De54D7E9DF0B5E864e42BAcFf43B98d,4718,53
0xAb4aF4fB0a12233A919Ac8839e93E1Ad2FeE5f72,4715,54
0xf59b8Ce8C05a64126939050e1573F8B38B49d394,4598,55
0x0Cc66319d129f887Bd1D3fe58E10400ed1025A79,4547,56
0x9B44E450FCd3DA34f9D0501D843FD145f2E2e5A2,4438,57
0xAE0a61b3a3f2A09e8322d0a34EF77D4C42F5Ad14,4420,58
0x0b4C5A2BAD8FC02C4A9A93ADfCC9f717e60971b8,4208,59
0x193f69b0024132036A160c05894dF483E39Bd0Fa,3998,60
0xAC93d9f63Ca5f54D0197403f7C64C492545A44D9,3988,61
0xb3922F8e6B872a28cf9ab048c980F6467e94C3aF,3566,62
0x83D96020B0766f567AFd2e19b5F62ef6Dd4026D5,3417,63
0xbCa0CaCe073751f9E0721745681C7137cfbD5892,3417,64
0xd88E063108c94A38Bc620C66b0B9f3FECb704E6F,3207,65
0xe38718bd1e7608F6c3Ba8d6e0823f3125Ce2D645,3129,66
0x73c27251f096C4e558E6522946f1b7eef01F8AaD,3106,67
0xeCb6ED573bd0064988e9E636E84BbEdeB5c7a01f,2924,68
0xD7AaD9788313410A5b0B606135BAc3675532516F,2892,69
0xC6BC5271DccB8b40b52a054c1b9653774A50d213,2884,70
0x916789ee1F8c522a147dd6A1Aee04165fa824482,2875,71
0x816D1638EE93692AB586d6E032efF05429e20d76,2864,72
0xC672B699cBf95AA753798e3ad64D504f980D6e89,2644,73
0x5DB2BC476a6df625766F31Fd82553bAB531eB527,2624,74
0x8879aD7BFcd29368e824Eb2A0E6F0ACaf662187C,2285,75
0x08d8DfaD93332728daB5dD355595332b6c7b02ED,2170,76
0x76717B477316f1693c121E7fFdc369a887d896bA,1830,77
0xbd68ACAe9db8DFA8aa07f2A6488CaC14e2B9bEB8,1275,78
0x1b343cf0b75eEf848Dd9dDDD5872f4247A681Ba3,1222,79
0x060d18a81D79d241192752e660e6617663271e70,1199,80
0xd94Bc00092de81d5EDF12E0c1b073a91c44a4d14,1043,81
0x607C77EAdB523bbDd3249B87697626fa18aB0cac,871,82
0xcb9A278Ca4e7c96d29e30e81967dEFa742B5B7dd,817,83
0x3462ff5e096E30f69A5B1e9E3C6A3107E8bF2309,738,84
0x965C69C085cD55a8C74aE3547B5B5ECeAB614E20,701,85
0x26473a1a24F568c47D19fFEEd2A22A076ede8F2C,677,86
0x8Cb608394DDDed6CBDFd5463fe29403DD7f69E4f,639,87
0x285833471023c05707E6c8Da912069f736b3E199,586,88
0xeeB2FFA13F4eF4381647FE642eBFaD0CC1BBc467,585,89
0x640f37e18B32712D5463b1b93bDC671446019581,581,90
0x69f18B432c2156fded1Edc2AF31836CFd4b9014F,561,91
0x34c2871C3D539C473E40a09158BDff522202E2d5,534,92
0xc371806277E97e2Eca75a7143Fc48fA418B82754,488,93
0x596Ee980df65d4481A0d7f793B57433E2Ef8012E,410,94
0x91307506c22E9F9de822F259E917b6ab3B71BE93,401,95
0x939e38f9D88A535b7851582672212c7BFfF63742,379,96
0x2f024B3EcCfE52150E55A147Ff4b3fC8640871B5,376,97
0xc3a9CD5Aa738694D73411A35f5C31DdF70ee5C27,375,98
0xfA77E9FECA6CAffd3c326Bddc31F8f19ef6AE632,355,99
0x9a9bF95c4bbe82705151879FAb44c29a3d126Acf,341,100
0xeeB1C63fB37CeE6528e706073a21e5AEF4605149,0,1901
0xf3d8695ad443B4d8CeE98d5042B0233dfEB1B5b7,0,1902
0x1798e83F97d34DEBb827Ce886b495Dc4DE38b8AC,0,1903
0x404151F417219A37D0d58DBA71A3692255d1E580,0,1904
0xBCc92ec9185307aaB64d5529f50baB47E74D9Cb9,0,1905
0x78Dbd63A1e461b0B2550dDeb870BB797D034F5d7,0,1906
0x764A2D03a6CB5B5165930546B3B2E358222f247C,0,1907
0xC10f18e98c7b0EE104e327229400597ad3d2D84a,0,1908
0x4e32fd292Ad2c343a64Cc5AFFB1f505F4D5FbF02,0,1909
0xDDd39C07e3a0e2Db2c0245cC4B115d543268554E,0,1910
0xB235336Ef80E8767abB6c6047F25bB6786B54AFA,0,1911
0xc3F7a4df4F935e3713a6d94d5d8c283B8CbefF3e,0,1912
0x5237B7dE938BC992C318E9BB20edaAd953963224,0,1913
0x20eA439Aa09e4568EeB3b6aEB76A6aA7B03BBbfa,0,1914
0xC4565fe13aEcfB3d8522AC4E91fdd1A2bf564137,0,1915
0x2D4c8BF9ac33cBa2C61f969b1ABE07e2b2766558,0,1916
0xcdC028aeea1657dBA5272738B12e1dD707875F01,0,1917
0x867D1883dA9e3E4A0633Aa8E792a0aA0043A9963,0,1918
0xB9B41d2D59e7297C2635F8da6A393d4232b40BAD,0,1919
0x5dc1b0b2a99aC4350234dD31e822b281eC73e7A6,0,1920
0xaE7E4CE7b4C5c3C549ec9a9F3Cf84745c50a1541,0,1921
0x108F053934B12623cf7B85554aFD241eF257c1a3,0,1922
0xE2beA1922bEa06Ffd503AA328180e6a61432715A,0,1923
0x122dF74e2d0DFC8802Bb7a7c930b947962EfcC32,0,1924
0x7F3b9899FdcaFeC18958243810853761a7Bb9AC5,0,1925
0x4a526B5487296d21884D923e05eF4a40cF54B476,0,1926
0x1DC53Cc716390094704F91e9a32060541D476d97,0,1927
0x8F02cf0dD242C869B8Afe5487137d7BBa9185A65,0,1928
0x82C97792C5a9aE4a4f17B5547FEE2fab7548d8f4,0,1929
0x583cdF4412dEE0493f56369db36a31f0a213337B,0,1930
0xd0de45949D8a6538c3E48BbA06AB8A67635dFdf5,0,1931
0xf4487d0F3aE9FEfeE70cE8e939C99134D4059CA6,0,1932
0x28C0Cc47b3Df1714aD2013E4118997542D43A12d,0,1933
0x6B9c2d9f6188888a12E45d04A09E37FfFa8D4275,0,1934
0xDB5053B8ca9E8A32CD716F502AD064090E9da1AF,0,1935
0x7Cf72Cf87c968ee35B6AF6151041d2C2664349C8,0,1936
0x7659F3d2fD2Bef6906B8e780B9cDfC37f62f4362,0,1937
0x9C973De4dfDd6736058ed5f9653C6c2eA2230286,0,1938
0x4dd17E596DD39696Fb304Aa7aa4410432Ca57169,0,1939
0x4b47ca72daBa19Db9F56d1f6c00c57386d4603A7,0,1940
0xA1dadf69ee37B888239CDe9823fE9C9CC1b0C2D0,0,1941
0xB9C0C1C68950A5A93755DcDA5e21684450790859,0,1942
0x5d8Bcb1696a86cDCb817530EC17C87ef0E6f5962,0,1943
0xdfE31E31A33C7FDE3273d685eBa6FdCe71419649,0,1944
0x57c2C775B1830d13aafC98EB96467F751EDee7be,0,1945
0x1157f5C80c0AEaDBe89faC5D357f1eDc73153793,0,1946
0x47dAd7A2D56c42C966192caf0d2455A07d6AC66E,0,1947
0xa4003a893c7Eea4a262A2505D6b6903c4358Fc6a,0,1948
0xb0FdE4EfCbCC1C375F36Ff2545D94b3b16b1039a,0,1949
0x717D29bB1E8D611FF1517E49EFC503163E963BEe,0,1950
0x70d6AadE4CC2d021120221A7e73a8151b7c0b674,0,1951
0x87F99B2F8227D44BE24320e0b8c733399b644946,0,1952
0x2E80B5451B1594036516a23F3AAbDb2bE70b2726,0,1953
0xFFBFBA1557c2E0c9f5Db27D01ca0659d44DFD31d,0,1954
0x817837Cd5D31222B06eD6696289ea9B1ecBDD403,0,1955
0x4e09AdB4c7F95EC0E9dacDD14Fe62a24661A128B,0,1956
0x920BcB2E72f9C4961fa29B6a4604664fc2AD589c,0,1957
0x1DCBd1442d65BF8D99B0c459bfC2460222c2523A,0,1958
0xD8444935b59C1Eea136BC5DEAEa3832f549a0aa8,0,1959
0x7cb9544a9867e4D2f01377fc36CC11D4C3c2D17f,0,1960
0x3Cc57c43F44B70edA018C4390Cf499ABFcb26908,0,1961
0xB797b32183C304DB23dcF05dE789d88654709224,0,1962
0x40093148D3D32F3269eCF24d6DcDAFcdcaF641F1,0,1963
0xDa80aee67d39160b22Ff6E0cd050a397431f5310,0,1964
0x673a20ecBC0BB31ed0621cfcD069F8368Dc94517,0,1965
0xa6658B4126a63F6435191b2CdDe660C0464ADb11,0,1966
0x53d81d81404A20691018678Add02D77e5A394607,0,1967
0x063c5392409Cc6a36bc0FE0c58555e0C167E7D37,0,1968
0xB17B480D508C5e976D68c015f1f563152c34B2D8,0,1969
0xE8143183C498B8A3fc0305ec9959D4DE0D3D4ccA,0,1970
0x7394F1F936FDC5d6eD507FB8Fca211a789171412,0,1971
0xDA225E997eD2F4425F8Ea3545552d84B6EE07b99,0,1972
0x205Acf8B2C3eba57c5669360D107Ef8D6Dc3eb32,0,1973
0x47798ab0BD62d7ECAcCfe1E2aBC1942AD34f62e4,0,1974
0xEE7f690000f02f449c19d9d525D7E9f29c75F3B6,0,1975
0x7385b1a4eCD438DC8E60581587cA94e7Ff072ebd,0,1976
0x532012bB4F47bbd294ecc55a96f5088627b676c6,0,1977
0x3929Cd91D09964a869d62268931EF7aD0b7b4d4a,0,1978
0x52F38f79Fe1EfB182d7D44A8D1D59f53d5141838,0,1979
0x10B11F66bD1b2dB898C0c320FBb10254C0EAb524,0,1980
0x7BE71f340A6f25909130d3b1b2d8D51baa1c6186,0,1981
0x5117e152a6581dB1f7f37c33329F104a1e937216,0,1982
0x66896A1B2599525274bD7F222d1E0282fA1e4699,0,1983
0xB3664a14737730429E369Bd9e1C310A0aa0CbEc8,0,1984
0x04D48cd916D930aAF2eDEBD651C082E6945B4282,0,1985
0x59c7F0695e40a822282D058364D4DC42a8B91B77,0,1986
0xfe915CaDCdb89823ecFa1ab707951CBA3203A72A,0,1987
0x4a096eE638d11FD4CB98C6C27E3db6f4A5711F45,0,1988
0x369BB7728fB391041Bd68576510dd8D1BF784089,0,1989
0x1689dbBb5b0aaa7324d54E0530BAF71cF7Fba5d1,0,1990
0x4c0E8b3536F7930a9204bB1A66262920a2602569,0,1991
0x83EbE4DBeE23090Cfab37acB402b8a5bede7E329,0,1992
0x9f553Db4e7a82C52291D2421BC47f108dB65AFE7,0,1993
0x0831fB3Fa60dB0d2Bd5E3e5Fa2Bf8735c1FC2FfF,0,1994
0x9cA41E279F0b8F744aFF96d732A09f208681fcae,0,1995
0x4e48417e450aFEa86A682ee1b085928b20f9cb4c,0,1996
0x683b690f40e31F1ecdcF3Da860F81040c6fd8596,0,1997
0xD3c16011bb0fC711f81a135B0c21D1cfE5c1B7F9,0,1998
0xDb2C1E58c053Ddebce709959d308080F008078eB,0,1999
0x3Ea9Ba60f2987070B26A1e7C24a843cba485E30E,0,2000
0xA1816928B3999ef35E48FD7717A4c5F4Bcd7CB1c,0,2901
0x7C898f74C85E1F03F9E3Ce9ff865E6043d2EB0C8,0,2902
0xB961436d905c09189f011af305fC2c04B04Dbc71,0,2903
0x7ED9c68021a190Db3e570Dddd3402cEC426Ff044,0,2904
0x6b9aa4176566E69e7f7280081F885Be5B686412A,0,2905
0xe9BA2f4da28Aa9e3bE2397Eb5aa0D32cA649ed1f,0,2906
0xdb245d3592eE7fA831CA45B85eA4157eF2531e65,0,2907
0x68649A9d6EE16127F58E17CccBe448E84E82CA59,0,2908
0xF059126c51bf40A6bE304CcAE2879D1752ba124c,0,2909
0x9F3eDa388421a91d2a4e8a9a69B501b90D302454,0,2910
0xc952F33B0990b745e7328e7d625539FF7cFB82d5,0,2911
0xE8a4FB4Ba888f778B340CDfd107Dc156EF2efb50,0,2912
0x93e80b9fD23c473Ed5432c7b1C0FC5d4425f9c01,0,2913
0x13b570468b0B89543234073b17319A947d4895E0,0,2914
0xBb346245cFD6fac36de5693d2A91c6974955514A,0,2915
0x2148BeE630097E949ad87FD199147E76e3A9199C,0,2916
0x12fF33bED7911635C2Cd3eA2D5a8fA9d73216B52,0,2917
0x695a9EcaB40462E2B87b9392d9D72Fcd52e1D30d,0,2918
0x2aF72f48AFacCAD4f50C29e8FeD8a7eDD1863528,0,2919
0xD0d054196f6723a4F747d45B20558945bb85C443,0,2920
0xa49B91ecf61FFE7bA6A67aa59a084709EcC16098,0,2921
0x0121E0D13520c88335f678557820fb9543f9AdA6,0,2922
0xbf66A8861E0f86E8Cd9442333acC25D5a4509c14,0,2923
0x748C683A1Cc674Db994bc801cE5114ac235F46eb,0,2924
0x2634d932d3208666b82B34681b0b662D6fD67678,0,2925
0xE5fC4d40f9ad928c8cCf04949c2348589640158c,0,2926
0xF855CDcf907232e78258746cc4129045d814D61f,0,2927
0x1517c2b9079107431f84995404520b619B5A3e66,0,2928
0x48Bb9d91C9Efe1d2668800c4f0336c81eA494c70,0,2929
0xf4b409552649943098BF28D23e4916664ed3e420,0,2930
0x6092E2bA1945c6005974C9Ca4075d823E79dc356,0,2931
0x3d28663B20CD953F3BCf14c92F24a366cc0FDFf5,0,2932
0x0b42FbF71AA23d3566Af7b4980A238a76b2D5534,0,2933
0xeAB9abcB9c5d5D37601Fb37B1A65EE0Fde45E9Fd,0,2934
0x450f6aeB7296D2AD58214BADe39B9cDdB7CE8931,0,2935
0xEDf3a023D6cd5bC6164cfA8fEab7354b88c57f77,0,2936
0xd72622Be74c9aD4027f8aff50693524Aa927F9c2,0,2937
0x75c3553CDe805Cc2ffEC2B87Dc5E9e2BE6C747af,0,2938
0xedA0AbAC0B36A20893A8413647375bb8Ab92eF89,0,2939
0x9E1F0CB224E60D5fCE5D1E37BeEFda887baA1aF1,0,2940
0xa5eEc4078054109ABF3A101951B3e64Ca5a168ae,0,2941
0xA0d473F97B40fE797241d49F9dD829Fa8078A65B,0,2942
0x41270c791C47C4fBc822764299D6A7A446874CAe,0,2943
0x1CCEB4fabe9De6c92EcB4B90E75c64708ECBE644,0,2944
0xF6db12eC0E2833C119c23E11480Df50c61f7a182,0,2945
0xCD252067434E574eB7230102aE013A07B4d25C97,0,2946
0x65c81d733bE13aDd99101434e621430dD0221e34,0,2947
0xc41A75e55E60Be408d48ce9575EB5380E1218AF8,0,2948
0x1A25AC79fDE578d9bC6Bac1021A9e997A1677515,0,2949
0x301711e966E0793e2F09BBe27f7FfcA3ef29711F,0,2950
0x00359c94f1B4502c94EDB2b17C80b7677aadd1EA,0,2951
0x9226cA0475CC94005fE934D2b5E795c45e7879dc,0,2952
0x6F6CD34e68626fd133504622997dDE7c138DC77e,0,2953
0x469C4a0bC3b0efCa8C9642B4675Fd55A3339af7d,0,2954
0xb6D3d80E580Ef7B9a01D515B6Ccb33450546b63b,0,2955
0x804F19970A7F54B710210A0cF5Aec9E758276acd,0,2956
0xb006e00d455BF04629A06966B38F1F2ADF2a96F3,0,2957
0xCb2F7b5d6b56442eFC2e72a72f9587d8A68F0c4E,0,2958
0x5e8792743635D640A6f2d56DBCde2C3aB8a3ebad,0,2959
0x5dF4cE1d7E1370B77E9b15b22a57AD8D72A89cd5,0,2960
0xDf3A4567b7C8A838c2D4604f282886F738FE0133,0,2961
0xFA5D8003814584930304D9Fbc934C7AD8e23b288,0,2962
0x76651dabf61486395259FCe364aE012D2Cc28Ce8,0,2963
0x34aE267b69d72BAA8B3c345Bb90cCF81417b2D5B,0,2964
0x23A502ef1965148c13788050298CfE38B2734742,0,2965
0x512DB5Fa40A85586f6153Df2ec8E140E282979E2,0,2966
0xF87800962F0DDb243E05a178927f04a6699711CD,0,2967
0x1ADceCd991247184dcf2F52cB801C4e55Dd7ae7A,0,2968
0x2c790Fe3a5ed83f563Ec997714b440Ea31c1540c,0,2969
0xfC35b5EC4fbEf20e4B2aA86abaDD35ffE02056CD,0,2970
0xD146D645136B69f9945BA892d95F5853aEe91aAD,0,2971
0xB3714242E256826E81b2F2212ECCcF85061Ca859,0,2972
0x73aCF433F93f2CBbc4BF363F52b1145eb362082c,0,2973
0x35fca00d70b3a3205863ECFeFFdBb6a4D822dA81,0,2974
0xf446A85C1F5e71cDd2b7fE50244001D052f82777,0,2975
0x7c29A840fce20335CbaB59Fb4627E9194351B846,0,2976
0xB12dF52F63e6B6177fe8e24cff28A7329f112eA8,0,2977
0x2AcC53AEB9AF30a6c354f8aFCEBED097d1386373,0,2978
0xC49B75a6d6D15ebe09C26FE66bB042153D8f0A34,0,2979
0x99cb176EF827e9F5a52DD28A2033D6bA602687d6,0,2980
0x5ab5726f8799e121Faa443B46314928D5570B6D7,0,2981
0x7eb42BD30f0c3b1D5948FCF97C27d09D1B1B98cC,0,2982
0x02313CbB07E0955B4Db67E6F24fe4ccAda68Fa0c,0,2983
0xA27E11045FCeDae50f39075aBBA1aC86f8EE1D92,0,2984
0xD14Bf67f08c3c79F26f6e30FCd3A9a709F37D4e6,0,2985
0x926d445Fa1Ca64Bd66228Cdd462B48C99A24D372,0,2986
0x2C826552B676F31B8410DDef7fC2E2D1E93AB119,0,2987
0xA100Fd5a9b16071854d6966dE89e5ddd25EA6Db9,0,2988
0xe2C1D972A78C5c9DD89e24c78A860A7DE39436EF,0,2989
0x986C1A50ba0527b61b943aFBf1C6E5F8971A23f8,0,2990
0xd9eb3E0724C86e571dD43D2623E6231Cd9c61bB2,0,2991
0x79347049515693DBeCed76BD952780F1f1530554,0,2992
0x7CB9D76362e44fFB782120A978c9829e5bD42e6B,0,2993
0x89C88089560a6b6235FB2B54ECAE36B668F9F5dD,0,2994
0xEe719a300F0F99352953306680299973d9A0d767,0,2995
0x73C0CE7683B3bab399e1C34A49886a2ea7d63a68,0,2996
0x2E629A14413e2FBD635a01CAFee4145f64EA0ECB,0,2997
0x9Fc75b0dF40175BD6fEc41437D9f81d1D92D199D,0,2998
0xDE88Bfc8e2D757cCf440F6ff33dB0373c634899b,0,2999
0x282323D29F3B5eff9e834fea79873C1660e2a6E1,0,3000
0xe4668808Cc878e2b17e0e74F1a21CB739D0d9791,0,3801
0xD9651cDdF8052eeb15Ddd8E215430A94459608De,0,3802
0x588777367ECbf9A046d5fc397aE0Fb20aB6B680F,0,3803
0x0FaC6913BC29020F70edeCB83DE69DbbFFA92ddf,0,3804
0xd0395fa11B9C61B71055E22728A80d3cAbD56bC0,0,3805
0x2C9C80DEf65C34eEd74bE5E988e31E88fB7859B2,0,3806
0x5579fe8434B7d0bbCC582708873C5531172a58d2,0,3807
0x2011511517dd60B206f07fdb9D3bD74d2E409Ce6,0,3808
0x4c0dFBA23A42b414E8909EBdB21B723784a53306,0,3809
0x2E6C735b6d1826F6f717af563EA9e266512d0f9A,0,3810
0x8db2D9F7ebBd63CE10B63be203c39E2d6149d446,0,3811
0xFAF17b13f3f389DED978B1bB1F1874B50C5D05Ac,0,3812
0x80dada9Dba4199285ccC393718eabF1a5BDd8389,0,3813
0x0c051e7D461e449f7BCA6d7aC0B46a8246a1BCef,0,3814
0x329066Ed0dACBe86213176Db97541E4368F16a65,0,3815
0x6a257E21cc21dB7f3331C0a22de764a21E679001,0,3816
0xf88C2e1AeD2082c74901BE8dC6d79f74d32dC334,0,3817
0xE6F7BDd8272572F373cEA75eeeA60a4cF8849C05,0,3818
0x8b1be6AE3c96B4Dc0Ebd5c6E2D23D014d16A1c10,0,3819
0xb64470A65f7068DA6BbD3eCB4190E74b1e4d2FF6,0,3820
0x5c31f4c40A65A49a7C7eFEea4d19642Ac8EBa3Ed,0,3821
0xDC031DB54Fd19dA73e6693965799f422774EEF10,0,3822
0xE2a9Ce24A01815455cD3A7D8691E06BC5B884DCE,0,3823
0x906F094523AA5a8935C1F8814c8A8975C318F229,0,3824
0x4E5cD8DFE404397417AbA3569Af7883364048FfD,0,3825
0x1D652A11eDdE1A7782d9Ccb26E1CD51bA3ba38F3,0,3826
0xF1c8afd9dC04021257760aCBD0954240e38c334d,0,3827
0x19c7121F8e7EAC9d4b1ba9965379252a64c98acf,0,3828
0x8762B0605BEA26BC5118AbeA5D9cDA7d1Fd1F531,0,3829
0x836c9103ddCFaB572C36Bc2819e734E75f14D71E,0,3830
0xae4D5fabce2E3eC9483c0C828D70DA22549BD712,0,3831
0xff322b19866592FCE71c9b71166Dff0426819A5F,0,3832
0x7bBD7c30837698E83603773a6765D2D865f5eFd2,0,3833
0x7845F6959AF69F145ae75217d6703BCc0b47F369,0,3834
0xb27219dA626dE8A00245B6aa9E0dceB4A9dcbB97,0,3835
0xe20f7AAcb03A2AB629f883fb496B83C5cB07f73E,0,3836
0x1267018FAe8d90859aEd0Ab56ec71657BAdDB641,0,3837
0x39515bbdA9eb3ED5bf66e5cDFbFfDaF0b5FB9875,0,3838
0xc53D47b9d6C982760eAf45240dd5df726f614Ecc,0,3839
0x49cb27aC49F81Bd602d79c1aE67441c09de6d520,0,3840
0xA88158f5926a9AFa4754167dCd008453B26DDae4,0,3841
0x297da495E577706c2D385AA6fDbC93B41563D189,0,3842
0x5bf18E4F5c383Dc5360ba821C08C17E3031e6375,0,3843
0x53b83bD89adb2E87F78927e54df9573D3c6a3Ed4,0,3844
0x055Ef5522e738741e080E9F7bB6d5AB2203bDa47,0,3845
0xdbb6635F0a7b3706E852087C298b5D9CAAE4cFD0,0,3846
0xcf7817f3bDE9dBa1A01ea7Dc81303682ac086176,0,3847
0xB359205Ceee880914BD8a4c363733817abB3F537,0,3848
0x9E73fF3Ce9E4391d3a5D91E72bcD36Fb253CC27F,0,3849
0xBb7A9B5Bf4Bd87B8f59AF88E3b740C5fA50Da694,0,3850
0x07b18bcd3cb6B6C1071DD892Fae146892b68b455,0,3851
0x78ae8f240090414027f4EA14459DB8b33105b2C9,0,3852
0xaEe05b6d6CDa9BD64C6ad8a63328eD5F7B6a44Aa,0,3853
0x1eF8EEbD08B7D5C4015c57B908091A56dBbA116C,0,3854
0x2C8420F4CbeccEA575dde7403D8cC2F87A7A400D,0,3855
0x325161De7B7ab5A5D8C393d905bE88b38051b412,0,3856
0x09beeF25e155590E264462db2F2DEf9A7bB411e5,0,3857
0x2414b1BAb47C02306088D73d7cf5b260dEed59e6,0,3858
0x2Cfeffe7196c399d225A7260484054672d977319,0,3859
0xedF4519553d728A09d22Fe993296Ab3f93A7A70F,0,3860
0xacc5a835C14a19bFf8df5b0Cb58b5756Cf1Dd963,0,3861
0xB04A0dbBeD7B1222aC9E01Ff512c9620cB150E90,0,3862
0x84f744b153C8261a63C76A41F19584aAB2e0d06c,0,3863
0x2f568c94750FEc5d55d16D7560Af63b7b27Ef172,0,3864
0x25dAE2a4A322fF0C9006EF4d2dc99188e9BB7921,0,3865
0x002Da850d87aa7d448904E42b99B933599C14F9E,0,3866
0x8788135DC7E79c7E22d9DCEBE1e9c3cf4b731eb6,0,3867
0x6DC4693846f788AEfD3c9D267c546BdacBfd86A7,0,3868
0xefAd1B61F4363181133eA84600B6E673778a634F,0,3869
0xDD021aAa0C1D4e3F4c3ce06ba98fA5c147A5FBc5,0,3870
0xfF340043d5B30cB524b44dEe90892E45687d2a00,0,3871
0xD6E054064B589183a81427DbF0D295F87185cA67,0,3872
0xB460Dc3096340753ab471fDFF3dC8310E3E9FfA0,0,3873
0x0576591b3289C15aDd0a8a80B6ceA63963b1cF42,0,3874
0x890388d12899F58f318DecEDdAb95D932e01DC30,0,3875
0xD34d1Fc4be5bec078378A37004bA2eee3873144b,0,3876
0xbd3221386EA4A2bEfBF662Ed05d912bA9b45667c,0,3877
0x13Fd0cfDdcB98A73ceb2E926f1097F48529fF8DD,0,3878
0x9715907848c3c1dE7127bf5fD48F8A4820C64a04,0,3879
0xd6B9621c09e4f29DABcdE891B3f8083b03348B7E,0,3880
0x7fDE6C9acb5a2867C73D76c58acB845DC10cF204,0,3881
0x2F4d8FB5bE98bf0c360fc2A1FD520042c9A15D33,0,3882
0xBcDd87F0e3B725DbE697a4C8509c60ADb44f8b20,0,3883
0x57E1D2099Bb20c1947c15f1587E31E48f4B0A1Aa,0,3884
0x6bF33E6872747968997F95e3eECA430912585dAf,0,3885
0x5c8a4dB38367c2CE6ec1015aA7a8F90c2ff821fd,0,3886
0xaB7199adBcE7cA145a815B7AbE6e2F0d49B2c12F,0,3887
0x75f17360923Ea4b6A97AF33Ffa4697Ab0Fc32f2b,0,3888
0x8FCFda1e2D3a2595d382a582233397c4e9679d4F,0,3889
0x87A4893d17836c77D1c16804250C43735d954155,0,3890
0x7f06cD26D722e7B726098AF4e33C709eE924f5AD,0,3891
0xb76b310fDfC2821d4338cE7b9330B3EE33f79b4B,0,3892
0xA18Dad010593CDc32fA4A7480c294913F53ACD56,0,3893
0x5a268EE3E60e456efE659E0315322974A4EC532f,0,3894
0x3C31342737Aa815873247FB62386310F7780782c,0,3895
0x79496d49a0FBb1fFF09f65e46c0Ee10Af5E183F2,0,3896
0x38418da547931E0Ad88C366326fEdCBF4d34E190,0,3897
0x40776ff99fc7A7D4734cB300e7f39C3242CEbcf5,0,3898
0x5A88B72CE40e4FA15266b54A35AABdd124e1c258,0,3899
0x0DF6d14c5dcdA69aD186cB8439F63b12bdcEcc54,0,3900
0x4E4983aB468E6bB77d67E4C630484b7B98aC9e31,0,5101
0x202834D4F9A74Af2A9a6Cdc2db7771213D467c5a,0,5102
0x3e35f5992b4a8457Fce035388C312256995D3c9c,0,5103
0xf99FD557882e419bfDeDCa995f12152c4fE032d8,0,5104
0xaFa717924B86d7aCB556fDfe13B2b07C3E99430b,0,5105
0x633c8d74840A440152C0EF58fD01B59d749a7Cf6,0,5106
0xe890EdF16e414A59EE9B0738CF65Cb2b1528d81b,0,5107
0xc784E244Bc63CFc68b3d708889D78A6A2abC8Ec9,0,5108
0x956e4197ABB0e5Edd773BA42ceED76d97C0Aea6E,0,5109
0x2dBB0E9A3728E38D1BDfAe170C0EE6c8A71A1B3a,0,5110
0xdd1a365a4a7d059ADE09e6c72Ce92215368b7922,0,5111
0xD69d983751c5b4D50985e80BA278aBe7aC5625Ba,0,5112
0xf13fFa23Ead63faaF5717396DEA37bE9690DcaE9,0,5113
0x0cb9a6996485B43181DfD495fF816f530c2EDc4E,0,5114
0x8A7DD4f3cf57156A3c6F4b7F6493672039b250d9,0,5115
0xE69bA1AC490Ca6ADf8A8fC0468569B741d2239da,0,5116
0x4383FdAb0A695c34401a3BEaA5aad715C73848D2,0,5117
0xA950A0a3ee8e33F6849c02A169e827e2756D7D62,0,5118
0xb23D20C39d571aa5632cdd2a36BF59e20E72bbCA,0,5119
0x46c1dA41d4D27E1bc389f628BFA3A6C19DC769b2,0,5120
0x2bBaa8737DD88E80C2C313FA1eAD49a73A8a14ED,0,5121
0x9F168aa557aEce3555d215602a1a48fB2b2d37F6,0,5122
0xF7Bc22C61535158dA839a6084B4472dc1F03aaA2,0,5123
0xe902900A2734BfE63748a8CC6ED9fbA6c825BB97,0,5124
0xb6839f354F8A5E6237D989b50647Bd88315bd9c5,0,5125
0x0169589172646c5245F641B6cD16B52378979a2E,0,5126
0x3ab78D896945Ea734a4985a7A895e854622E48E9,0,5127
0x17342F58de4BecB20a2a85031e91bFE756Cd0eFB,0,5128
0xc1DFe580384821114b3e854a2e4277Fc21670f25,0,5129
0xebeF4dcd3Ac7B506BE7AF5AC269Ee7a8606E4E6C,0,5130
0xb694750842905AF512cEA0c6A0a8Ffa4212Ed26A,0,5131
0x20F9d73f78895FFEC200Bf46a022D49732D4dd1C,0,5132
0x11eb3c40Fd3Eeb7135E57c3A56C43614F7cb54D3,0,5133
0xF7b57Ae9773CC3E6bb8A5510AB77498A0dF30913,0,5134
0x6dfCD62e6e5a0165244d81aFacf247DFE94FDCFE,0,5135
0x884a2ace6487072f0433B57B95Ca82c11a697EF5,0,5136
0x1E6a66f4A7d159A9b617706200352BbA0083802d,0,5137
0x08a329cF390492D5937017a507feCCA4eA524342,0,5138
0x2C825b334ddDAE748e196271408cA1fdD634987b,0,5139
0x25E31aE1a5c39C8681d4D01F1299313f9A84D694,0,5140
0x5BC450597935490F6814E450b7990bB09E302225,0,5141
0xDf2dD3311204f7aEf87c9028FaDD699e64097C2E,0,5142
0x791fFE632c128DB5dF76eF1795006D63DFd5B934,0,5143
0x38730d0AE50Ea3b4959c7F9EBcF683d45F0e1aA3,0,5144
0x12976C5b13121288Fc6691A4745D1405bB1C37aC,0,5145
0x9cFefC01BF964C8C8730F878Bd43BA3c0c23c1dd,0,5146
0xef9364C6aA840Bc7593a6548dB63B45DdEd79D28,0,5147
0x8C1889254893EaEAF5884549f3A098b1b9CE29ad,0,5148
0x9aAD7b4a1be9790fcD1B6bCd1AafA62EBc9968E3,0,5149
0x131dA07EfF7410eBF73fd520AB2a7D487F3909fd,0,5150
0x09829Aa418546F8D0d61F7e9a4a0028969f344Bc,0,5151
0xd12923Df9C3E7dC12dab279fE12c01dE1ab3457D,0,5152
0x93f102Ff75a7cE358293f1ac955F6610927d0Dc1,0,5153
0xf4Ed29cC6dfd76dc70D5a2976B579BBD6Ca2C8Cc,0,5154
0x07aadCA694D4FE353f503fcBaF2947083Ec3a4D0,0,5155
0x6813a0B6DE58Bd6159bC7de11372f3fe335404B1,0,5156
0xd3568DceEE325ee17ad105D66d0BC05d0fF8fE84,0,5157
0x9a766E04753a293d55D7Cf7F1123720462fD130a,0,5158
0x28a5D9E36d75eBBD03D26f64514FC7a912C81645,0,5159
0xd33856702e54a9D21dD9F4a63B7d80df113EA47B,0,5160
0xec69f46F6d7FF1f20AAb2074DD431945565FCC32,0,5161
0x37cd0DA2370AAA9dD56Ce4950F43909a30B6EaF9,0,5162
0x0082d5AEF95E501e6B7789533ccD6cec2280CEea,0,5163
0x8F0c8FF5777276CF982d1B5bAED5366188491caE,0,5164
0x2c87Fee9f9356C84C40CF5A9028404f70f489bBb,0,5165
0x5047DAccedAc9AcA2e8EEB1C37fC855F6f98802B,0,5166
0x31329a8ca2Dbf876bA50BBb8Df9039DAeA674681,0,5167
0xE2D1993be9D54Ad73CAdE82F8fb48eB9D61C9bC2,0,5168
0x5A8081A8606A6277F2c47E2752BA02615Be47726,0,5169
0x5B0b626e1a506b25F30E37B95E39FE137BeceB7f,0,5170
0x50F71a4303cC000c3d5049512E9c16f4bb9ca68d,0,5171
0x0DbeF21B1E820858C11E1A3460ef41B7e1c71274,0,5172
0x965EEF431793411b5450b5386596BB4A4050aCbA,0,5173
0x686Dedc4828039aC05bBd5B53C585a6865eBe248,0,5174
0x5e323ca82103452d09f8Fd9cE44381D76f1ca729,0,5175
0x5527597aE9B16D101016Bb61e1059B6923FcE47E,0,5176
0x367152dAf59a05dbf2e66D33F72b8b89c17a9ce4,0,5177
0xCf86e19C686AAc64bA7754fc6e539637a5d7344d,0,5178
0x10348b318dbeFD60C62ef3d6bCf3D0F31761Cd9C,0,5179
0x7CF2756Be621115FC0Dc0b31c7edF40ba706f2FF,0,5180
0xb7fd87754f61FC30177877bcD76A8CC34Aa307Fd,0,5181
0x3a98C9E36319c0d32942738c39087523844C92DB,0,5182
0x3A8D169b5ec1A7106dFC2cC36197cc9689780d2f,0,5183
0x218D8C38dbba7fcDa99Ed1BFcc784364B1c19508,0,5184
0x23c7ef6150BEf60a14045ceC2F83a82687E89469,0,5185
0xA1c30E4316A1dce17C0a86d71D7C1f5Ec891e5f3,0,5186
0xdeda62a36e57ABA9126d536695d814824c7EB780,0,5187
0xe3c5A51c63b00413229Dc13CE1b87805f95D3D5b,0,5188
0x2DE9C351794C914a89777A8Dc5E06B2B26C361E6,0,5189
0x37DBc4ef7F8254e6dEdf9e3b85D594088343DBC0,0,5190
0x24d30265CD1957997Ab53F001ba8BF9C0AF2E825,0,5191
0x38e15b6Fc3e679A9606f47425Ecec111D642a956,0,5192
0xf5651ac879909E391Fd321CD4f19c4EfF8257526,0,5193
0xa49066dB9222A1d648661Cb1f15dB5e4eAFc4a11,0,5194
0x63d6C15d21ed3B61CEa9631De040C1D5DfBce142,0,5195
0x1E68d9eCA6E1FEBAF18E52e3bdee3dea71aAe79D,0,5196
0xD6F30927B9C2a9F8d9d79828020A3a206767e316,0,5197
0x0D9DBC4B3BF1808bdbc99DD8AD16b819beC6056c,0,5198
0xF37087Ded08650d4B7E69Da2Aa7bbDbcaB3ba6a9,0,5199
0x15dccDdc9f1478B3783342Eb290d10F0417861fA,0,5200
0xCECc9Aa11Fb660efc571c94B3AD0c114C67F7DF8,334,101
0x52D969222EA2112aAC5A961DF0e67aa4a51C2540,308,102
0xC1D80aD5C1e661E20708ebFb212a254353dB6EFd,242,103
0x74498B3DeA8D5F8E4326631A4f5aef5339d48193,223,104
0xF7dcC97E4158C756345b7202025648d5aC11cdf4,194,105
0x9f270ecBb2F1291b5F85E4Bd896e69d66CF4092E,194,106
0x4AD611617a481697C8177655705879A01D1857Eb,190,107
0x1613Ed73CEcC749C9AC2796E9b5b17dC20FE4eCD,186,108
0x3C93fa6A2aEf7FD936fEF9E56d8f4c35cc5bB9C6,167,109
0x555C8eA85605e066B911C6454566Aa9C08BFD013,165,110
0x19Fd2297fa70876F03E3bB782ff06c80AB4f218d,162,111
0x7705296e6AbcF93Bb26fFFB6BB7fF6Eb66B630BB,142,112
0x0cB6C036B411B30a04424a35aa3Ab83602AB4633,138,113
0x1E1B13C472F417F3C54D2B4665654D04F7b7F511,127,114
0x34db27d1698BaD02FC2F98D6D5eF245961E37219,120,115
0xbB8C7d23f04EC19551325592fb8d72819fF4bBC1,101,116
0x956900132b5EE2282AA65ce4Fa2120Ea533Dc6c9,77,117
0xa9115F7346803091053D2cCEB2328a21fda595E4,57,118
0x7d2FB9d8Ae1549a3A61fE4C51e239C0ec09Fb2e0,45,119
0x05549F20EcAf45e53b205215863D6096364BA565,40,120
0x246cA19cCb33075e6703B3722CAfBb0de1f0CaA1,37,121
0xB1CC956A6c6D5B2A695440f2488e80dDCF227d78,31,122
0xE7a3dE8F8e8F530b597CB512Cc4e0d3f878811cA,27,123
0x4Aa4A02708B5A191cD9F42D6C3a99385B180610C,27,124
0xD67Dcd2c1A7b1683b16Cf34F5278123E5c338eF0,26,125
0x3D691ccfF159EDc6479db9d807C99Dc125b426a4,23,126
0x0F8287A874A39D1DDF029347Ba5F67aBEa938939,22,127
0x3A425268663003C3f23c70Ea9cE5730F3eF60F29,19,128
0xaf544f0de1f7Ff507AE169704b7c69C9E0e208cE,18,129
0x49D8d8a61A7807a8cC78b42A34FA223014518863,17,130
0xb98947E664e9AD590b21B4cf37d8b4B3DdA20DC0,15,131
0x8724289C26E828424cd74195d6E8cB16988213D0,15,132
0xcCe7539AcEa05788898024D48619DB71D4E4F323,14,133
0xF0E077B273b74B38aD2a6b755504FC053550507F,12,134
0x77cFd752BE59AFFb6622bDB09F81b426d1f4a722,12,135
0x315963E514d6c7d86538607919D02B76b053Df64,9,136
0x26765734964067c9d3F85b809b424e5CC066301C,7,137
0xC410781151007033b5F51bFFfe9ecEE945B2ABbA,7,138
0x23FCE035d55BBf480a02015028ba53dEEa8CfDE7,6,139
0x9E936B5ADA204776fb25759Ac7FB3dbAEeEE797B,5,140
0x7f4A06D37440BC42D3705f67feFCFb3dBD16dc64,5,141
0x461Aa6BF4899627c51982aC6Ecaf46Fe8d732B81,5,142
0x8D5343670a35A9AE84c1521889EB5a4efc6B4a69,5,143
0x19CAb071727433d1C1E883A12FF7d8489f7cE009,5,144
0xA042Bf3F5B027EB6d9dC53c361017b4d447A0f15,5,145
0xF5f944393ECB9914Aa4827a7356C45336DDEF8B0,4,146
0x21f8f3fBD459C20Ad8C8ec70de5c9b10C33d08A6,4,147
0xD03B36A2655fEF505bff5890bA4611F771Fb002C,4,148
0xdD75e696C7Bc3cE5de0B0B3E19fa8212F28bc89d,4,149
0x72F7D6CC489a1e69bC31Bd602DE170ba1B47a4F8,4,150
0x4a85cf471207Bd1811af250bb1b55484b60c9b36,4,151
0x2378768967476b106437aa345414875Be89De079,3,152
0x484975421Bd26d55A2a077244B607715f1cb47DD,3,153
0xC37a684569AfD8dc398eaE80a6e7480eEb5f309d,3,154
0xd8fC05E1f50A6690bA87bfF5E838fA4739e26529,3,155
0xa60049E7310CcbA31b8e39595f9B6f1dBf819d27,3,156
0x2E752DEe7888E7785932E23c4b5D156AFa9d3039,2,157
0xc2d71F217E448916473B9edFb4b94C06b88c15fa,2,158
0xcfe5ab09aB09C3593Bd239dA9da6Ed6a1348f94F,2,159
0x7aD69Fb601f43Af66595Bd3b92F7eD6D29b231eB,2,160
0x753Df9736be478F0993eC848F067b0C34976CA7D,2,161
0x10126E9Dae16a4add5B3C6212c25B550420d3BA1,2,162
0xb553871647894356e696F0C0AbE0453CA469011C,2,163
0x1e151D757EAF3fa8c266c87B4335F5383aB18338,2,164
0x93618EABeA3e7317A158C54B16F7Bf2d2F550381,2,165
0x6933E8bF2E35D8C7f59104Bc072432CAb88A196f,2,166
0xaC5e76963671117f51218E890fb59d7761890d47,2,167
0x5B69cdA090EA14a5c2cF7141D210C354EA4C74ee,2,168
0xa46B29AB54C6d36D92F07a59eDfa638835E092bC,1,169
0x280d9073b1F896411afeAE2791F4354FF07bd951,1,170
0xc60d1E886ed0Fa0183D743d4c5D3b434Ec81F379,1,171
0x5D298ddfbC8229b286FA2062c689b4C1523A20f6,1,172
0x3D1F0A17CeC779f87A4a9B12327784BF95FD546F,1,173
0x22D6590Cd8694aFCB64816691ACef66c7d465988,1,174
0x2011D366F08257Df909616AC4C11cD4f7CF4b77d,1,175
0x0074b6E57ed8296Ac73bdA2A531cc41Ce46eD910,1,176
0xadbdd5eaEA53e2bDCA7df58B3631B5f7790C8e10,1,177
0xBeE96Fbfa28d204aC829DbAf981a5E8c238D989e,1,178
0xf5C3cb8C6e43B5d08b1fa9ba5720f93019dA50AA,1,179
0x834aAC2b2Cd9bD116Cf30743c315f888ab07c5a5,1,180
0x5236ef0D18eE39B6D24d8B544Ff28c583F7C169c,1,181
0xf3aE2F19CeBEb4F7db6D9593169fC06eCc4fdEB6,1,182
0xfbc88f023F3Da8e46511B68D3E6bBc38837c60BA,1,183
0x5820ddeb0abDb976a7Ea1Dbc202B0F5e9194F561,1,184
0x608426cA13411e5B9AFFcd6c6f8a0E00F94cbb14,0,185
0xeaE9C3eE9aCfBEf0C19Bde018d820bc9Ca3C8710,0,186
0x2C7b3D3a691dbEfBd009C3a32b4585C503AD5b55,0,187
0x2FBac50501BC50365F43AF034EBc1243A65001Fb,0,188
0x272883Df647566bF4d68782d0a372a56264Ec28f,0,189
0x1E83e6A1DfCED863966B925c307FfC8EF245415d,0,190
0xEdC6260A4Ea6b713e7317Fba972Ce0fa5Bfd174e,0,191
0x571557fE9c324f0aF482088fd927E023222e7798,0,192
0x6e19d6046f5A35C233c047c451e82652Ab2a700E,0,193
0x3F28fBa71EAF60dB8ece9B23D3d07cFb5cE452FD,0,194
0xf28d3d4843258168eA46FeB0BCFe609473472876,0,195
0x70C2885BF475D72eEBd105E4dfB467B34a646aF5,0,196
0x561275CeE8bBc8A9aFD510eb12DB789256c86BA5,0,197
0x99Aa5220D6cF763fbfF65a7389AEb80674F14a62,0,198
0xE7e14F85BA19a2103e86d42Fdd4822e4BDac87e5,0,199
0x28aB2390085821133789FE851DB28532702BA3f7,0,200
0x9D8C3435164F9c9da2BA9073F25EB930686C2497,0,1201
0x3eD9e4830bf4aD96F0b0b601838D39734E31b25b,0,1202
0x6cD1B7BBf4c341f5D22334F056661D66EaeFc695,0,1203
0x9bbB41D117c008B1c8e2D768B3eA5161D40afC24,0,1204
0x92a9c18419d94cb9575803bd126bb5D977382d53,0,1205
0x2C53Db15503Fb8A8666f0F0FAAa63eEa6085e19a,0,1206
0x2220Cbf89fd34D7789c5E2A86b8058dE02106c64,0,1207
0xD1ebe5DA9BC9c61d689fD3781B33768090aBffaC,0,1208
0x4F6F41732CC7bD39b574A7Ff1700BF1431f28F9C,0,1209
0xd1FBc3b872331012d8Da9ebB1aEDC96C50B3798d,0,1210
0x854b14463247C7CE2653eF97D1F8C09c36D0B245,0,1211
0x227CD376Cfdbd2eD1aC34ccc91BFFaa13f829799,0,1212
0x0E0346528786324f2165375ab023623b5aD0f885,0,1213
0x2e73A1e8F5d825374074ae2624C77d4F71c283c3,0,1214
0x459e81a4F23116a06A41317b273Dd05632782c37,0,1215
0xB8e990E1ff56DdA33F02b98DEc1199609a676929,0,1216
0xb621A789915Ca84839C02645a973c0114D112153,0,1217
0x4b60947eC3E3e9527eb4B2bb0832149d70772745,0,1218
0x1C63C9031dACd5611C26503493Eda76387eB698b,0,1219
0x6296b0DC9C631EcC17EEe3e48957d744085aA4e9,0,1220
0x36429a76f2177e6a827C37FCd2056E677dcADFfA,0,1221
0xF728F78A8Cbb66790A1a0bB8649e695f3F3bf963,0,1222
0x652145eB7B201984fFd2eD6dcfd76285e5608116,0,1223
0x63855642f44030ab8919e4739FAd7c383273ad11,0,1224
0xbD0BEbb78869cdD40C8647825b2350AdED961610,0,1225
0xc61890cEf1955B7c45B5cA2255B28c13b008F08c,0,1226
0x95429a8FdCb9dD02FF300c18684e03dcdc73A57B,0,1227
0x3A3c944c0EBb2FADE5CD5b679923F816a7d9Efd1,0,1228
0x1d1fE085aBF409984fe7D283398bf02017a01249,0,1229
0xe528e9772F71e207088d2DA7FE9c3FDCcc4FeC76,0,1230
0x0223987C64D27249D3bd64F64e49640A62341013,0,1231
0x0e29b2007C7eC937EbD9EC9c548eCeeEf6fbD083,0,1232
0x728c14157cDD4aAdde9760BfBeD12B3D5011ba91,0,1233
0x0f0E4fd8760FE01f3fa6a05f3fb06c1c5F21A6D3,0,1234
0x7749466bcF59FD17A1D5bBE6F51E2F3A806e93C4,0,1235
0x23Aeba8eA302984d37279eda2daEb7D3AaE6030E,0,1236
0x6CBd43cd469A915411c6C5279c9c91763A47A319,0,1237
0xcEf4cf6764EE6AaD871aACb3a6eaC547F18594cb,0,1238
0x8a2878074959D2153aBef3ebf30689686D4F1Ad9,0,1239
0x949fcD7EAC7DE949943Ec5661b2af85FE0D29774,0,1240
0xaa5A2325873559e3FB7C6B4faC73992dd0354D76,0,1241
0x4FC1Bf5E37D9B42c16B4DB00e914C3Be3398187d,0,1242
0x557865b019272185dE6Fd325DdF55D5b3d3BE54E,0,1243
0xE97364A3C5803aC3Cb90fC7d4385c3CE26347B68,0,1244
0x210760352D72c5BCd0CA5c07c0445e3284f71A95,0,1245
0x8556FDe8a14f9Ba63c0142C4415502074c9382ba,0,1246
0x0c3c46EB6f9427a384Ca9f7832b2028827304dA3,0,1247
0x0ce844c8CcE59a5b8AAC2E2974C31B3b7766c785,0,1248
0x5E75cB9e8CAc918640e5096951D3A156234237C0,0,1249
0x33D562B9C7d9aDD04638A46E0945c24fd798B234,0,1250
0xA9b3b132061DefeA6B6921C7fA1FCDC3ba4Fe6AD,0,1251
0x3b550BBf3C7A64C57dAda3d4D0c5952d36DEfD1a,0,1252
0x16CA997A3a91A786018F847C5969a0c46Ee996db,0,1253
0x8C7c02D6d81306884f5B06Ab60d0591aF22123D5,0,1254
0xB2BF4A1De72Ba0654EFb53b6f9ac1902f06AE178,0,1255
0x8198E2D87Eb088C8a9214110b333ECbafaB51bEa,0,1256
0xcbe197278ab65EAA1fb0460c1D57bafb923390C3,0,1257
0xD3e8C450dA51c21Ff5f803c3F10156Af123E75E5,0,1258
0xDf7D5ce16a97c7223612a55901571c3116Cd8C56,0,1259
0xd29C0D3E69c4280596064d969a072890E9D781ee,0,1260
0xb0994c5d8288EbA08f8578eA2c0eCF7d607e8f5d,0,1261
0x8B48876F62334811AfB82936fc489e0d8aC96ecC,0,1262
0xa9E12003AF4e5a89807821662133bcD5ac43ec9e,0,1263
0xcAF57441D0679dAeBf971d00260336ef40Bf6dec,0,1264
0x01A34c1A6f23bD709aB27F62D9271027BAE559Bd,0,1265
0xE84E899dD6EfE2e062E3afB90e7A17491f525CE6,0,1266
0xFADc179918677CAdd86268B4c40413f20512ac0c,0,1267
0xe706a91a6aabCb33Ba16750e3F6e06878450237d,0,1268
0xB995b806C01021424570ac4163dd4EFFa85f2D66,0,1269
0xb804fE9c85680C447F58F5151e6aE31405D54738,0,1270
0x32FaDddb23c7B8C33A2Ab92b1984E284bb2b3A2B,0,1271
0x5A287861e5aaF4A11e02491B9b030715528496aa,0,1272
0x249Dd5a8488129F0E18FEAA7fdf2aaC7aA0c2421,0,1273
0x8286cEd61695cA7Dd425527673E739d7Ea09B91C,0,1274
0xb748364f52d27e3877e1076DeD78D8197361dFdA,0,1275
0x46B5159b9d1a3c7Da22fbf346a07a6c8CC3A34Df,0,1276
0x037dE8424b123052f6837369468cF77F03855f45,0,1277
0x2507637b5B4EEb6434F3Ab3771CD68E6FCD9f6Fa,0,1278
0xAb1e0517322503336BB902c597440564ec6c4529,0,1279
0x36FdA96d6Ec5C690a25085109670A723817A5ED8,0,1280
0xb121793b3992C208764534d34E98b49D1e2DB905,0,1281
0xcE5E22a7F328c62D860c6676a287aEc4e415CBF5,0,1282
0x72eea1aAa8BCAe6D181f00FD15D0223a8e62eb9c,0,1283
0xFC492D1220f56e533bAec8EFAb25DEF59829D9f2,0,1284
0x2B9F207c227a1705027661B5EED322be99535D71,0,1285
0x233bc68712c9208cc8779b6b64E6A067BA73E2C8,0,1286
0x22319aFeaFfFAE8d4Af9cbcF078a5Fd4Ae2d4e02,0,1287
0x4E1306F0D1EddB0C88533901af96296dbAeE2d23,0,1288
0x9A94f98c91473e7402fd3f8a9BfCdaED24d85E09,0,1289
0x87C09D21CD14579dB67e0c02Ab4823D6aBC82Ce2,0,1290
0xe18AFd1d5c01BD278B8D0b1C85dEbb930348B11c,0,1291
0xdCbba382E4BAffd014ed197fe9A489d807118BdB,0,1292
0x65dAC83572189A0093aBb09fD0Af1195aD0e2A0A,0,1293
0x86e41b044e50D361120D1bA246F007207983f707,0,1294
0x85299A3CA8705378af31EcA81256DD5eC356CF26,0,1295
0x5576c5dcb12483Bcc3081381051C8E2eD9B1c7D2,0,1296
0x4AcA61cA45572aC1f7D31811B5cb64f3602b2D1A,0,1297
0x44C834090419fFC878AD1883A53010c2F0fae8B2,0,1298
0xe2c6B73005d056431A7a1edD8065d39958EcC9Df,0,1299
0xD4096C06603b2eaA20292D851B8b8eD502A28135,0,1300
0x80B1cfeEbd995B2C6B74f7d4977D33Eb6A7F99BF,0,2201
0x9E193bBbaf6B16ACD248af8eAD86B94Bc0863f81,0,2202
0xe7AC2F3dd8F91f71f47dC0bb4D3e9faCedE03e6C,0,2203
0x5552DFA46734DB3Ac0eE4aE3a4B1964022CaCDf1,0,2204
0x914CE9aa4c3bF2f927129B15FC88A1acf280C7Ab,0,2205
0xc496f2e382d64B3c2417D9487D5fE1B201E190e1,0,2206
0xAC2379350aDBE5044a723f5a234e8A4A116e7242,0,2207
0x2d8b55626362E7Bd0FEd07A496cE6908Aa40c672,0,2208
0x142d2601eEEA5812E9D04CC08C730Dc418fE1789,0,2209
0x8C096909B93703862420759216BaC1b1e9505f2c,0,2210
0x85F00A2E6528c4ddb27d4B6E5645B8F7AfF415F5,0,2211
0xc3d7f7d381032A5DA87383C631a27e4a952AC696,0,2212
0xdE89D41d1c30E26e23b6C1628511C16EA730E6e1,0,2213
0xe5237bCEfaB73D6fB08FEE94c16076E38e14A087,0,2214
0x12123e499dF066BD1df0D31EF6a7Aa0A56244DC2,0,2215
0xE817e4af7c1D68e947b0b930cF2cEda075e95D4A,0,2216
0xFAb8E299B5Bef4B7aA092A4e553e3b86cb5ff3B2,0,2217
0x8b351230CF463135920285FD042456351e344AF4,0,2218
0xf36884a55791490763B9a402eA93b4363c6Ac40F,0,2219
0x3A7D93A7f82C7db4bDE8e96b89F7F98068AB7E97,0,2220
0x257C32d0bfaD2E64A59B59436be3Af18c8Fd1190,0,2221
0xdaf3f03EbAF5B52b69A6A8cE935D4A9caad44c2a,0,2222
0x16F738409B7b023BDd04eC13126181E9cB87EDC6,0,2223
0xeff409919c81794B1B1Bc421226A3B787a281F84,0,2224
0xa6CeA5BCB1eeBDD522c2562802dB594352d9C5E6,0,2225
0xDb7268416C23212AC550534F8D3e10a8a6c98713,0,2226
0x5a5D6bab604B0a13C771Cc3c30A09aBc2208e0C5,0,2227
0xe19aE5c2bFA0dbd9540a6C94F3b43D8c364C8f6E,0,2228
0x9aEA21F2EC3082e52CBBcB3eD055FEf7944Cc0bA,0,2229
0x89f18Bc72225DAb61A3fE2B9c581bdbD4B3F2DA7,0,2230
0x8CF154e3651381a2AFA08eDB8DBf03C16a0E5429,0,2231
0x9809F9E688BAdD39492A25aC768778Fd9Df33205,0,2232
0x2D42dEb73ffF9BB49Fc9fEA7666a511743a45885,0,2233
0xbc9bc6fFC49cD445f8C7B1Df7c94e125455e8277,0,2234
0xa956176d73DE502E688Aa200E6056dBE1426120C,0,2235
0xEe2456b9EEAEf8561EAC228CfAEE25235e68d3Ca,0,2236
0x904DCdeB8987DE961BB68E84371405Dae650aD15,0,2237
0x02bd444f76cc440324EC2f99C602Be8D19a610ed,0,2238
0xbCa8995F83aB6489924359734482c6E8a0E35908,0,2239
0x29958B956c0d755780E6855D0b092f056e93c492,0,2240
0x243D14DDA2a9D1CE6137889A50D3d271e5BAE83d,0,2241
0x3863b3089e498fF7dA747092124D051141697721,0,2242
0x15914B52744E01A9917fD51926F0f1B9a60607A4,0,2243
0xe79CDa6B2fF456A33057c278Ce1Da57af1518A31,0,2244
0xC0b4890cBd82766fcFD9AA84e39b7f24b645ded1,0,2245
0x869f46eCbFFa95643109cCA238b4B9aFE9c2EC76,0,2246
0xc614E294523a82542Dbbe704993488b55E5cE004,0,2247
0x656eD924030212968f0c4772Ef55465FFF41EF61,0,2248
0x810E9dDB4f6026234aec6A30c2b149F5E27818d9,0,2249
0x555c2eFFF8e0dbD4704c054f8B770C83b25D2E59,0,2250
0x7A5985F284b005185C5Eb58DeB3516fDD0dC7C16,0,2251
0x55DCFC5d2b465DF3d4a6678a08a0C504C65685C8,0,2252
0x7158efB157e049d492FeCA4da31de5d7C7E52B91,0,2253
0x8984d49c0326dFafebfd0Fa6Bad41aE149211851,0,2254
0x0974867e079AaA5042d6D1FA6542EC2959Afc113,0,2255
0xA976BBfc483097C1d12e96c6Acc5CeeA57fce2A7,0,2256
0x9B10D7ac65991Ac36E12932E97FfA317c64F6D11,0,2257
0x579cA495051b98C5512338cc0747DcF9Ed34aa0d,0,2258
0xCc0E494A12A340Eaa249E7B422862522EacC42DF,0,2259
0x218902B854C452404B284fCB5b6A434E29c00aA3,0,2260
0x65800E65F154A3e0BA80d7B81B875A85Ee846230,0,2261
0xD79d7D5817312C0720e649E51B447cE7C41cB2F4,0,2262
0x2F855Fe893B5a433747FdCE4cAd54B9FAd0c77A9,0,2263
0x4197AB4b924BFd47b08242E5971b9B7A36F9417a,0,2264
0x1a9485ca4EeB6A949aBAB88c1754f2A371497f00,0,2265
0x043E917b43711cEf2922Bfe88fB517ff9945eD7B,0,2266
0x39486C2281fd8a8f287974b48A91ea4a9388F206,0,2267
0x3E17F6d7982b2C907A62Ba7C6977e2967D7E0568,0,2268
0x0Dc135e86E83447D8b597AB5f69EDbBd51818bf0,0,2269
0x09c715137f405E65b0d58f635DaB5FF45Eedea9e,0,2270
0xe8Aa0594102f03Ff14fcF5CB749145c571F19F48,0,2271
0xC0fe67bd0695025A16950582c69bC0a12b830075,0,2272
0xAC473b1Dbd563aFef09f3880AEBB28fBd120cACd,0,2273
0x969ff2d8c73df34276a29Fdb81195542bb122050,0,2274
0x190FA98AD9D35E4EE2bA0f5CdBd1253aC4a609db,0,2275
0x470066B6e13B7924Ca89e18EE401b89daEC77db6,0,2276
0xee1538a4156a84a7A419cCb9a399A1817eE9642B,0,2277
0x1dB4677D350A57F0a31ccb204B950c9D27ed11a5,0,2278
0x02D63827305Ca87FED7Cb79d6b96E3Fa15Fbff9e,0,2279
0x961C893ACed95c0c69dDFfa7D47d529af71Ae1bF,0,2280
0xd3bA6E14c1a2e13E0204DE37138F28fdCAaa0B39,0,2281
0x490D2571fe07Ae0b85F279353dB2B59422EeAF24,0,2282
0x5B8Ff3EbB1E3adAdaD3191A59D36cB7A1428ce6B,0,2283
0x5958360d781aD0F6a8d20f5fC538740235d0f48b,0,2284
0x1D7e1102AA1155cE2cD3d168f7707d575A3EcEE6,0,2285
0x39E0DF86FDB9D0660ca0A63B0C4e98e425822fbe,0,2286
0xCfA8849bA0F03548952FEDDbC2B487F79614028E,0,2287
0x56DAa1E44F7318A34d045f85c9E6Bf20964b0dc6,0,2288
0x5E61674abaA9f1737E0a50a4391B667ed1C9a1B5,0,2289
0xBa54d67821Cb4D11650767cc19F754E5cdd071c4,0,2290
0x1f5D4901222D1E5E3ba3bA35B853C83B6Fc26387,0,2291
0x7A67a17993E50c712e6F130a33e4572c9f16d300,0,2292
0x891b8cb4f700fF29C406ce95665218C55ea0dBd1,0,2293
0xb3A432c6A0F8d5727d53C883D77A843f47e2C32A,0,2294
0x4529c978614d52302B64Bf76570E82637334616d,0,2295
0x8D7D475604383A0be4eA8E888E008b792846ac04,0,2296
0x5b0c610F1C9760D04670CF6ae964f9f8f5f427E8,0,2297
0x763C27e535DFc4eFc9dBF4FbE3c80a1984620290,0,2298
0x61D7bf444971AB802e222063212ec7EF11D5144d,0,2299
0xCC1EC0caf76dE463c7F43AFbF571ce5f9609A3Ec,0,2300
0xF3005Ffb12f2A1cB3D175e0c64a7971366D8852B,0,3201
0x3b2f7Dd39466Bd689e3c2b7E3EE31232F380A37F,0,3202
0xcCBD4aAFaf8aa5E992ddae89DC8df6BCf981f135,0,3203
0x7E3DD78ceAF58ee4f246e4503Eb1916F62381Bea,0,3204
0xD32065e4c55187f1F8ecF23DB7EEe3F8E904116b,0,3205
0x15a41151a902dbc53B7Ac1D09Bf967f554df6faE,0,3206
0xaCC338F9BC2C8E96dAb722fA83C2E85bc7aDAf4D,0,3207
0x36804aB2Ec6f19260161a13B8837a73be9B2Ee18,0,3208
0x4140D4ed03579Cd3f5eaCA7386dA4cE046E8A34c,0,3209
0xB3e6d8Cb51c135BCED231BB0B5DcCB450AA7C265,0,3210
0x9261c8EDd44f63B2656eD4E8E3CAeC11d89B82b2,0,3211
0x559E9c087F3d0320ab4b352bd1786E26765ed3ad,0,3212
0xadc60fAb4167EC403e8AF82cEdaA8b23B2dEd0b1,0,3213
0x158f9FbB8E385b6048040C05f3e8dD2FB16e73b5,0,3214
0x5B10848632aA3F49A4eeBD961ea16BEECa4f9eF6,0,3215
0x5D2Ff2CB22b798B5e2a9a77F2767589472d68C4A,0,3216
0x52A6DbdB516196a38cD7e00031a95fccA5D2E4c9,0,3217
0x1DF190831E6e2f70603897924E921007e681FaE9,0,3218
0x1BCBeB2A3D9F14E363E415Da0a311ff2813b8eCe,0,3219
0xb32cE77eFEae21133037D6B45B4BD61Ac0e186a2,0,3220
0xd1E5Ea26aE48e54e8Fe015e6E6AB943447c2739b,0,3221
0x90a82ab64D84005232e426259BFa685C09762F11,0,3222
0x4EA850F16C73d8EDf79136EC6581b04D957AddAe,0,3223
0x573a0821292c2046A4AE67953e2B4Bb1bba3eF6A,0,3224
0x2f3cB5176e2B59096C758b84D50768f969BF7eCF,0,3225
0x0CaFfE07Ba2cF6D873907f651De49dd9FC69Cf3a,0,3226
0x397a757B17Ec2E29a03C1Bf22b88690f18a34172,0,3227
0xCBdC8390dF391a6F51D519006799d52Ed1212195,0,3228
0xa7268bCC0b226E72dc4De7B9D3a26DA9EF918d24,0,3229
0xB463B18577594de00e441eFa264503565e68E4Dc,0,3230
0x1F00Cf07967bf118157AA2cb79a7114a05c39d99,0,3231
0x1A2339f60cbAA19eEB21B68B6f8e53A87F3c4fB5,0,3232
0xb654bcc504E770b284872158abCD620460851A0E,0,3233
0x946c054B8D34A066fbc443758dB0f000A2278fF2,0,3234
0x11Bf153B0614E8D88CfF1d7007eD8508d960987b,0,3235
0x87A9EE18826123fA025080C246533c86e11638FC,0,3236
0x9f9a301aCB1E2d30c2c874b558332c76b5492d4B,0,3237
0x48f0402Af773fc167c4CB49FD9017b44FE3C9dAe,0,3238
0x553c7D3F3fF9B08C2af31384132D36C9BfC2a882,0,3239
0x9f88D3d9Ff28F1b34688C47E0E04A8aEBaF959B2,0,3240
0x77557a55f68A891A466eF76eB2a2Bf6A19626aFf,0,3241
0xb056B4D90Bd78abd2c790411C6e3EB059a137818,0,3242
0x4518CEE8b5B028bbFA347aE26cB899829fC02f7b,0,3243
0xeceCcafF455227866e80B4ac5FabFD2393Be124a,0,3244
0xb8e3B07D84fdc9F6b4057A5Ea1eBA45C8BF8Ef0B,0,3245
0x7494d222B59Bf4323236A44c12127897CC34BA1e,0,3246
0x022E67bf583Fc1F1ba49EcC8f4024D1F1f7f82Bb,0,3247
0x123fc560193CbF9A013D67E3A9D9F5dcb5FbB215,0,3248
0x0aB21Ca3Df40C7A9c260afDb79BBF33b55911840,0,3249
0xBf359143286fb32D27649511edac44A0df8cF97e,0,3250
0x9547C759ea53662c9dEbB5C2b1dd771e478A0E6f,0,3251
0xd548D82ff09Da14Ac0DCf37CfD0392dAAEa1336B,0,3252
0xe1B7F7f23084E92813B077C8fBa204C0ceB71c19,0,3253
0xe8D44aD76ec256259a504D9E5A9B49bFF6a1cc3D,0,3254
0xEF1fFe2acD8388b5BA3715fDF6C6d6e01aeEb36D,0,3255
0xDf5F73a685b11cFfFF9cb97b763f11D8d15790EC,0,3256
0xc57b3a49485e3D3D72788109bc8AcD9F6497f7CA,0,3257
0x728aDf1E106c2f0a79dE33FefA2291C0304b9FAb,0,3258
0x72F7F737A4AfCAbF38ab05f159886026c1bD185f,0,3259
0x48245b9DA84B669154211f4E8E4F67Af1CD3ADAF,0,3260
0x757A73472EDf78b1ef6f469DBE9076C3f2D00f4D,0,3261
0x350A6707f98b902C9ebC2d87e81cC65924A1b3eb,0,3262
0xc7E72d7EF4b43CD003e7f965D6b182D99f497C93,0,3263
0x9C22c2A368236B472080C31a81020c9004b397d2,0,3264
0x1b6da75C9317095E5069F80579224B33BDB0C97D,0,3265
0x63e2Afc215cDA766309c389a5e4152eb96A9b2fA,0,3266
0xf1dC871FBb9f391409758690220dd9E83eE7dc4A,0,3267
0xB90eB9D01a98B2Df0F9E2274aB2DEBe11A5A4B68,0,3268
0x1dAFA38A9a11f334c78F59e9FdBAd4DaB4D010ab,0,3269
0x7Ab733170b5248CdCa08441b00b6F3A9cfec4E4A,0,3270
0xD0fC1483c332A80Ad6b175329d19E1A6eA9519c2,0,3271
0x4Fd57896587B6b3192cea9716cB0C45E8C692182,0,3272
0x0B60B4B8d6d24326C5350eED705c021032F6e8cF,0,3273
0x91A590A19F3683F09b879F8f719A7F129dDF0d79,0,3274
0xD00301BB9ec079cc3497FFeCe7e71491C996CdeC,0,3275
0x199eB4E09DFF2870f8DCa996191C766E677F9c31,0,3276
0x10a16DF00dE7756C9233e9707133277334469D58,0,3277
0xfBc414a6cda5AA71421F7585afA71371b029b825,0,3278
0x3aC018D13bb2A22650aF10176800530144f74801,0,3279
0xBceB7Bb5C761D4Fa7f1AC98aE66DCbe85B19571c,0,3280
0x030377E63b1746b8ad355c0C24a57C039a86c426,0,3281
0xE71fD62aCFb430059a64a4D94E956e6dC585F328,0,3282
0x159a0895478687b7F35Be01bace1434D75fDB6C9,0,3283
0x14F44FBE69456a0f3976b557B24f9967c80D2BFD,0,3284
0xFF5A9b9ef630694d233B4D19054437666682b5b8,0,3285
0x6f04b1900df458Ff2B4e9A1c7bE18608318e2168,0,3286
0x4445ba12e17a12bAc66e05996300e942aF4F9c00,0,3287
0xf7A893742f9F37919Fa2867649B7260C7A7553C3,0,3288
0xfa0aF47f8aB29b03de672eF123125bEe7C84FDe4,0,3289
0x158fd035D685e378DAd34243eD3Fa0eab9F6334B,0,3290
0xef4c7c50320c0E9c9a51b78C7551E0A4Fef4d068,0,3291
0x1633D74fC0312085C73A99b5cE1792Bd0b2BFBd7,0,3292
0x4E5222d71e0b1807f6c521E6A096a18536D6a2b3,0,3293
0x2bef1e4A860f39f949aFd853d8756bA95473564E,0,3294
0x580c84Bc50c67378bFDE609644a14e1C02B5B762,0,3295
0x8C1d0697d5c85721271E7C33d5603AFd05F31408,0,3296
0x93Bee1F5742DE84979c255d8F56ddeFBd78C0a78,0,3297
0xbAB71eAb2B9DF545895Dc29163807Ce03CA64746,0,3298
0xC027Df9B50323Ced69CF142cf1cD6eb7a9166e80,0,3299
0xd640635B3dD9a843824273E1a2491BA9E3b166dC,0,3300
0x2dDe8f903240098F2A8d29Bd3936e3bCde15864c,0,4201
0xF1592Dc65a1c6E35537c7A783071C64F78767032,0,4202
0x4913649064d55643a00617e57d727963dE207651,0,4203
0x5239f8f08dD714E453e3bb5AD1a4ad2F55B6349D,0,4204
0x2bc5fc9Df2fC42C90410E3f45d222f1c79e72bA4,0,4205
0xEAfa07631e3B8c956be3a48dDCBa650308229237,0,4206
0x79C5C63B5b776178C7611952A2e3F3F4A1cff292,0,4207
0xBf17D152f33ca5fB7B613309067F214082f98b00,0,4208
0x81068157FF901B4F176A590Ef1132911bCCF3671,0,4209
0xF8f30BDbf229F4ebd567f3dBe2Be9F24aB41f85e,0,4210
0xA88aFA10C7Cc4027fC3611dd4F3Ee99Da9C0651C,0,4211
0x3a96fF648a6471A264f7e4bE431584b755FD6D74,0,4212
0xF93075bF3A4ED5ef3E44A01Af9bFf0A417b59E04,0,4213
0xC40DB13da55376dcd373de3790aDcA9f8e705878,0,4214
0xF4Eda6ee5583Bc969525a20B88841c58Fca08a2c,0,4215
0xA84f043e8D08A434Ea4F2f36ef71aaf504c648F0,0,4216
0x59D38B01963CB88720fcA1f9210D5915C56079D5,0,4217
0x1dA5199FA5277C3C47E053d384faC4276627c77e,0,4218
0xB8371410391D99eb4dEB929745c699789ecB26Dd,0,4219
0x549fC43dA073cC73CAe52DED7D4086af0Bc09d50,0,4220
0x424F6bF5e9D4f75A8296C003bDa8016D25F97BA6,0,4221
0x66B8bED14A4a4F3F693108a07A3ABaaFbb101239,0,4222
0xa03C8C7698137abbfa5E335457D6DC1826703C0a,0,4223
0x2D00b556fAaE446c10d2f7AaF77FCC8c83a85790,0,4224
0x5b142Db4611bFb40bA0816628E4A6e1026D7f984,0,4225
0xe3FC5AE4cB938664C82B68c627C9392F2057E4e1,0,4226
0x9A46720a98C741DB652491Feb2B08CA284337d93,0,4227
0x55890284f94E304a0803FfcA597b3763B623140A,0,4228
0xC7414C634C642f1651F830d88Fe15c6b75557D18,0,4229
0x70775b77a5d5057C06ecECA8Cb89a7A0352B6512,0,4230
0x9f5E2B7DAb5389B2540e4d0a7fd93Ac2abc5f712,0,4231
0x7A0Ad8e3b463B835858160D52DBA207EcCd6eD12,0,4232
0xe5CB979d2bA886F52c772D6241c0422b29777723,0,4233
0xFA0448F90C96651C81cc2b53C8e8Bf789093128f,0,4234
0xC6654d186b0a59b7DA0CFd9bC74C5EEafa07e50B,0,4235
0xff9167Fe4D2e9e69e12B712433c09e024A43f2Db,0,4236
0x66928176FB57c8f62c3ec69E9a6850042221c096,0,4237
0x8eD639f2d4B4A3654e8C816BcF6d06FCF9BE874D,0,4238
0xEf950F7282700265edAD51d6eec56B1E800Ab7b8,0,4239
0xf01Faf5262970dd1BfC3cd48275c367FEA3389Bb,0,4240
0xA6B47786EB2Be4e1B54d688970adf7DA05CBAea8,0,4241
0x8CE83b043c4c05f35ff507E79460Dbf20b21F519,0,4242
0x0166e02443cC37058bf2C127A968af8371e7Aa43,0,4243
0x1C153cE9047335661476938d8F1cfccc50aa1468,0,4244
0xdb15f80092775334B9697B843F8a24b4c412E374,0,4245
0x417f5986Fe771AAb7f9Fda5E2fc0EE399B6364d6,0,4246
0x6193CFf272e7C1df330c0e0A83B0390c99E6A571,0,4247
0xCEE912A464440B7D0c1BC3b0259E57B8E4C6cc48,0,4248
0xb2f543F5Ce14a9Eb25A2ed4CCe2fE39CA906feBD,0,4249
0xf94b1cBF63E181458D1767773985975235571888,0,4250
0x536acc5c4BACe90def46156c14Ef3c9D404aA235,0,4251
0x79c7fe940597Eb4555fad261B84810c87d72Ca08,0,4252
0x8EFe0F2A1183e96DAE7a7860E8e480dD5FbEB729,0,4253
0xf82DEBCf4475764D3743ff89682e9Be9448d66f4,0,4254
0xEde97C00fD77d7d5D75f3e17D60b7e0C188685d8,0,4255
0x856C2a28ADCB5892316132b94C251b4579FC39e8,0,4256
0x1da529521b879cA8738F799214850eaB8F5a8e7E,0,4257
0x650DE9e273A0a6cC79d57Fe350Dca397AF5A0Fe6,0,4258
0x508b3548DCe35B7dFD53FA50ad083B511a0E3579,0,4259
0x7649323a2C44aB4c5dBadc768b915cDB66F33CA1,0,4260
0x4628235a82CEaa9aFa9A89d6b6B12ffB807CCC51,0,4261
0xa04a2524865CFbca2Ec6D7398Bfa200f3794a4D5,0,4262
0x4D51e7399B62908c30AC4020a7943c47a24C5989,0,4263
0x6670EbD968aF58618CDdBDc6850203512C08B4d5,0,4264
0x1A4EB3Aa4c821B2Eb046Ff1b54c4DF2CdE85f4Fd,0,4265
0x0Ce8c2CF7e67b0a2610eE516458Bc37Aa5840C48,0,4266
0xF061B5F15dfab3FDf1773A8d0Ca53b52cF9071Ba,0,4267
0x8868B435a091DF9CB52a2cF7DbB83762f4D0bD1f,0,4268
0x19299021C6046513fc23cA05ce617e71047Bf031,0,4269
0x13D994e74323410991Ca91C8d83ecb4B56142c80,0,4270
0x5cEB285201D055cd7a0d97C03B96Ff48EA327F5A,0,4271
0x5ff5f1b4BcbCabde1C5542D3C019bFdE55f33175,0,4272
0x07Fc9631a3Bf478BD10BD0AdD03c50c1C304118E,0,4273
0xeDf0354B6F0b0c331c3f7d0A9E736Bc9ce58e24f,0,4274
0xa8aB2e49eD90F574539a4B013051ad24759E4119,0,4275
0x1a91181D44556d6Fe9784433438f4953e9644cc3,0,4276
0x667a813386DD97db386aA54bc54F40dB5943b78B,0,4277
0x8cCd80c4ebb2D8cFf56042d91260fc3d36883b0E,0,4278
0xAee09341C748acA86285faAEe3CA678c6D565914,0,4279
0x66AD436DACAAeE2e7eE07BdDAca16fbe0cc5a917,0,4280
0x4b169E77C5F0ACCbD2E4601632f1b9b832721Eb9,0,4281
0x86f62B53F6741221484d776AD25a5E8e3F43F4d1,0,4282
0x5453aFa87E15E7743a5458FC21Ac61504886CC72,0,4283
0xBD1FF809c50e076dfd965977C54C59002b8b541e,0,4284
0x4d542efab8Ab498554C53dC57eCF51fe88F14b1D,0,4285
0x6D3Ef8A089201d10649d637eD4171B6F045abD2B,0,4286
0x79F1303006f2E117eFB837dda419613e30F958b0,0,4287
0x019763654bf6eE4cDb3127152B1f52Ed6D564434,0,4288
0x6f6CE5BFA124D0ce42828fDD6da61C8aCA75F95A,0,4289
0xed0FCc00614b6bBE38f2978A9B64678c4d7D3A71,0,4290
0x5e972d40E9BB3cD215AE0F2ccdc65aF232c88524,0,4291
0x84B302A442a06693514A4249fc306566c0bd7FDB,0,4292
0x534Cef0B9361c9208ef203c26C77f74a99b06D67,0,4293
0x0AaE87e5d1FDFDF856B957D96B3a067a1107Cb89,0,4294
0xbeBF203456A1542787e2Adf58bD322af52Db43cd,0,4295
0x5e3484DDd13054d422C79aD1284FFFd0Dbd3F0Cc,0,4296
0x2b94b4E7972E86D4C5b930714Ac8915365F32c9A,0,4297
0x10C75Eb3ab7cf39c835070e80678234C6199CFcD,0,4298
0xC8857EbfA38790995224d7934D00a8A53c418Cb6,0,4299
0x55C8AC88C205feB06bE763dB5C98f1fD78298c37,0,4300
0xdDB10887e2fdc4fa6d93208c7a6b7219548C79c3,0,5201
0x394DafFF71079f5f8f40FB5A0c2b661A428926cB,0,5202
0xC09de2dC6624356e2B574b8c5157fa5205E81587,0,5203
0xd77470bbF6940dfB003A5954E94263Fa16DfB865,0,5204
0x71552d8264b8e892c6fB2cFbC8329e3D4B243E86,0,5205
0xb3f615D7648B48A1CEdd0edF23FF1A03d353Cc95,0,5206
0x391C3676FA5C9079AC89ddebF10673D21fc255a2,0,5207
0x932c4d3661272BaBD40569B402cBE65786fA540C,0,5208
0x5991Ab4AFFd781101368e7Cd66cBFc728C676cA4,0,5209
0x4Cc63Dd767D846BC24870777704cE64f02f1b59F,0,5210
0x2006D5e37462BeE3fbCedDEB40214b1d7d377C45,0,5211
0xbfb810F8062EC69bc60C97aE420B34928065d1FB,0,5212
0xC83a3D79cE1B40C42A927e438323B908DAF2f1AC,0,5213
0x96aDaAd85DE5b8b08BD916c80Cff9C4123118218,0,5214
0x8C50a2a1A4B58D4AF36fa89b3787AA18808C0B07,0,5215
0x282BA15Eb0598aB326cb6B56ce867b7fc37aC5d7,0,5216
0x9770616a81569311C4E2Eca381047d0e46FC4352,0,5217
0xDA4f2059e786f1B286cB53C0Bd0f76caEAA33bd1,0,5218
0x1Fb8E66Dc240D0BD01d2Ce2f4032942f452E71b5,0,5219
0x680083eCA35649d9e4095C4F1a61680BeAac49f5,0,5220
0xdf1b3A46C0dE3f1fFBcD32F9F72b66AbF4d7143c,0,5221
0xE2b5ADb1Ff03dbfac9751df0fAf4C83e38Bf4bc0,0,5222
0xe0b0b3Ad7e2F6179c36ffdd987077514b226eE6C,0,5223
0x60D6e3b0B28B7a416344c9Ed44B523fC32587109,0,5224
0x63Eb63692670E368c74693aca006c8a316b419e2,0,5225
0xFC9122d10EFA263DE906b8360a121bf77C1baf09,0,5226
0x3fcdA40aB2ec8F85B69aA9E35bB5609bB85c0c93,0,5227
0xD7C35a0363496C053d7B5b6Cc3A70c9A19f90BE7,0,5228
0x0d39FC2d49909fb96B744a117605b8bFb21FED0b,0,5229
0x9f5E8bD0cd12852d99DeEfA22946c8fC7c607986,0,5230
0x5DE5F1da75BB41bf613cb310d0D12f1E4E953dE4,0,5231
0x0f98A147Ae89BF7E671aA2A42551360E82EAA4aC,0,5232
0xce5D287A4fC3d5FD8037189398E4085D75C06A3f,0,5233
0x1CB43366a872C8C686B73BE961e7a2cF1b4e29Cf,0,5234
0xAB622b2C6626B5078923a2A0234D052Eb7cef3d3,0,5235
0x8Dc6bB1A78f07Ce51e4A33Db595C93de06b00aE4,0,5236
0x7Ff895616c464e84440c1C1A4A1AecC1a50d352F,0,5237
0x0f903cabD33B70927cf7De57a7895D3A58b51944,0,5238
0xB53A873652a80e578D19425De4f346f081CDBed9,0,5239
0xd6890e01BccE4703d66c65959BC36912e8430b3d,0,5240
0x1C9878Ee8A6DCFAfa089eb0Cac12A2EFE59d113B,0,5241
0x8909B348c8F3610bC72d5048f1d881c4887347C6,0,5242
0x6cbe83056a52a167f20359648180AE30EDA1e6A9,0,5243
0x1DAAA63865d45280629885CAE18Ee23ED5920bA2,0,5244
0xcad7a160751F7501a60DC2fB372A587f6263E7dF,0,5245
0x4d4a0255292827f4fCA7A33C178007A7824Ea32B,0,5246
0x4101EdD8E38B6cA50A5aa4EEB38d7c5D639D96e5,0,5247
0xfa6566d4f06e0926015B5d7083821B52c346c3f3,0,5248
0x464A7753C797bA465A6b39E35070b89801c0373B,0,5249
0x3Fe7dD4b103D06A79d5DFE5e1dd387A99b049Da9,0,5250
0x412DB09cB133720aEa8E86fB3605901975333711,0,5251
0xf7471f445D6d09D4a1A2B396a37fd712e6b46EAd,0,5252
0xD8210EE18a8D19B285c7dE99Abd0844C48f49cE0,0,5253
0x8babd912e8360D47310A229a3bf28E57977b6c03,0,5254
0xCA9AF293723B96D6BE831d87aC05548b762bA4D5,0,5255
0x94741a22fE36Ee74d0957448c17E721b7D24b943,0,5256
0xadc736d8C476EcAE1B099d50B720726a0AdE7461,0,5257
0x7bFd6b4166ae952fA0F6ba25c4aEFfF28103b34a,0,5258
0xB2b0ad9b338C7493dD9d3Db004a60D96d8F7761b,0,5259
0x4FCBf2E43e968E4c4558fc8AeBD09d6c769364bD,0,5260
0x6ACee68928cdB5f83978b8fa8234574BcA01B016,0,5261
0x262e21e94843E58028b03840Ad19D16795A62064,0,5262
0x75cEf5Db8daB0D9397EC4A4dAeB4E4c4c48631bc,0,5263
0xE0CE5b840F3B41E141EE6d2265c1B1B165183016,0,5264
0xa8C13172E7F5F35821cCeaB18cd6aDbBbC2CE16b,0,5265
0x7720b0013C7A5EDD66Fb26465ee2c0Cd514e53Eb,0,5266
0x1176271B92509483C9063020C3552507f6581E76,0,5267
0x54BB9318b4DB9aab2B1FdB3B43A9448fD9209234,0,5268
0x8E553a06f5faF615F79E9105793c39226D69a040,0,5269
0xf5fED3881743821278060a15B4360316Bb0fE427,0,5270
0xcDB942AD3436A45a2B69aEd233DeDE8B604Ea65B,0,5271
0xA87f3E256d539270e88d41a22B506298c803101f,0,5272
0x1AA33Da69E3825Ea94470Fa168F05862a33Fc389,0,5273
0x5E98dFCe93AFC954490158EA9d5e946D2C2f2600,0,5274
0x31cA4cE17d6f43DB91241611C3bB1922b2986681,0,5275
0xC1524ca19bf8Fd4B4459f50e71ae037dE7b91E4C,0,5276
0xe9454d980d87ec38B720D2A43A3E71caeA6Be05B,0,5277
0xd1D91E7F59e5c1fC7Be071ee37B987c8c53C17B1,0,5278
0x965EabC8D14d8b6dD11C119AeeC2E460567b26Fd,0,5279
0xD0bce5420b3CbF0730754eE3EDaCAA8004E6C27d,0,5280
0x48FcC82d3717BA518D0347D7BcEDB8057867917B,0,5281
0x429E85f8d848dD1eBdb15cd3595F0F110Fe381aa,0,5282
0x52FC51aacAcd13CdCCBc1e33DC6eAdab09d71765,0,5283
0x9B55AfC37E51c031127bf38172ACe90BC2411Bbb,0,5284
0x901A630769f07b4d623f1Cf5cD9Bc67511226000,0,5285
0x974641c1D5C45963b401C71672713532eD143562,0,5286
0xF68807845Dc647aF194b78b74590B781c10E69A6,0,5287
0x1186844D331BDA7D1C192c9379a4964593843166,0,5288
0x3FE9a47D04F2b85ED1034dD1cc3dc0445B2B3619,0,5289
0x0cC4D2b4B2D56ddc1e0BB4616e4E018A12B74e94,0,5290
0x3444A4711cb7a4B17552688D949843538bB85Dc0,0,5291
0x1d6b3977e7751037fDDDa53BD1F430D7D6F6Ee09,0,5292
0x15a99C00752e5512e92D44078be66545f1cbB619,0,5293
0xc1AED39490ba0043B0E24231978AdC6420935f20,0,5294
0xEbc12ed6FC6cCD27ad4d2D4Be2db3016e17Ee5E1,0,5295
0x0b740F2D9f8f3666AEf1Ad3F8755CD5C3CCA1273,0,5296
0xd01235a21297B524BBc034309b90e4064CA7283a,0,5297
0x28e40Cb7fBdCa79cbE613972b9a8d6FD56dA4602,0,5298
0x47f7d76383B2079d021B543972081920859895cf,0,5299
0xE828B540C9107Ad9a5298790770C08dEDCC65535,0,5300
0x4D79B38b7c24CC98f8c14E4e53c8bCAbaB7348ee,0,201
0xa0Ded1847FeF7Ce14acE687966E657dc343A0D27,0,202
0xf4D6ABd770e2F6872eAA4415282706F6Eae2D468,0,203
0x69389E1907d11c7E4d98Be5893DDDDf4e15E1c12,0,204
0x1eAfC97C703C280F57689Db1986146AB6a6452a7,0,205
0x2bD154a1a79AA4c3C2c0fE03C17049461438a964,0,206
0x86f9Bb1BDf2dBC34204Bc887192CaCa408013b41,0,207
0xc016dCad54a9CDb3B453534Dc26676d4406a4540,0,208
0x0ECdAe063Bb6A6aEDE59ADD2F9C751f092AD8EE5,0,209
0x2302663711464A1d8A47d4707226B8E3B8587b3f,0,210
0x55c4a33bCfa3CdCE5d7309908519b68528208c55,0,211
0x0f4D6dc13CA9bdAcd53d7C0d2Ff785512cc8BbcC,0,212
0x3519b84E0096e9Ad82b49a86cc102A10C681d5a5,0,213
0x9bA5D682CBc42117De5e9A5AA17C47f30DBCAC5c,0,214
0xC754342e575A1dfb94972A0b3A0122545eF172e9,0,215
0xE426a0bFB0E1965c7955A41ACb7806651Cf6e8c0,0,216
0xd4d2788d52a3b4D1e673294A7c0e1e09F1beEE84,0,217
0xb483bD4bA1c298B54306e2FEbBc98E414CAa459e,0,218
0x2a272f9878CC65014290e33bA29b2E677eb3035b,0,219
0xE5cf313E223630bAb4e9Fb3902D2ba627Ec927FB,0,220
0x5aCe89D03261e121834d04f02F9e2E21F54d9F99,0,221
0x7525D293288f54c8Ca39cF07F3C84d385A9C689F,0,222
0x561A1baaa2a4D76870c75681879603730c27F58E,0,223
0x1449B295Fe53331898e019E41337c580AdB4a38f,0,224
0x486f4F67C1eb3Fa20D276793033F70E2ec25E025,0,225
0x22e95564C0F333a1BE9dcd0206b49c3d2D1c1575,0,226
0x8B83C2B9826EB419233A697F7f477b3c1B2760d0,0,227
0x9437d15cA74EEd2747E90e6056CDD35fc47E6148,0,228
0x1135DB95179762CcD7d5BFECa12a623590052a09,0,229
0x4c757a3B6e43737F4d01F40e9905726a00Ba2e71,0,230
0x95722D1c1Faa4731A4A512302e6B97480398Ef6f,0,231
0xFf316b33edB088F100544B4D11dc5758463685EF,0,232
0x950A753f436Ad11649345b3967bcB820A8212a8f,0,233
0x22086881b9aba34d8CbAAb7D4e10a9d9C1Fb6F78,0,234
0x86522244afBD8d601a95EAfb3b2a87c6be148ae9,0,235
0xe2913Af3697322bbe4c969d7852F05270E132972,0,236
0xbc43e1B0583C3b49e8d9F49196eCCb3BE99b77D4,0,237
0x3F43F443871E2fa94638955474fe9F9F678eCaac,0,238
0x92c4Ed93799F7613B4Ff7d1fdfdf7C134a0Ca232,0,239
0x72dc473f9Ab36dC74a3C6669349Fc60DF60098ff,0,240
0x6c1993d7802E1C858c1C34831cbaf399268E53F0,0,241
0x58D389abf2B9CCC11d71A7065bec4322DA449e49,0,242
0xA6b77a2b82E509C76CC20B0AfC8B07513e11Ca97,0,243
0x0AaeF3872E4F7fA0346ECc722DE721cC02baC098,0,244
0x989Edf526DCffa4C3fE60903722f33FB40c71d9f,0,245
0x75F8270315feB51e90DEccdAA344e19205d852b6,0,246
0xEDd55f4A9A9C57Bc2bae69D902ae7ff8F07D857B,0,247
0xb381ec87DF31f8648284e164F551cA4b8D3962c2,0,248
0x36Ac26Ce3313f9bD232A5044123389d3Ce68D7c5,0,249
0xD8dbbcFA06410f683B2D0F9aCd009BE074F02573,0,250
0xA708dd37f355163366f11B303415047BE1fD80B6,0,251
0xa85F0FAf3e0BdE87402e5d054be9B720C91a35D5,0,252
0x3Ec86eC73bDDF743d107EdAfE98966AA78d58929,0,253
0x28A92f09F4a63Bae07D5dC7219Cb087635477769,0,254
0xA7B17Fcc63AFB1D53Cf95b3Ea16CC121fD012117,0,255
0x1a4bB6D3662b4a2937475628F521ac7362029C43,0,256
0x8F6464F62aF08fbAEb874cF2fe472329CB879CFC,0,257
0x73a317aD9eFBB5c4B9c050A90DDFB66a662cEA64,0,258
0x378EC3e81283809b4835cB1f03363d857DF072Af,0,259
0x23AaCDf5f3D1537dA9114FBA14B9ea6a9760f995,0,260
0x46ff60519441204a2Fa99fcD7c49D5CD02A4dE13,0,261
0x0741CcfE5015e6b5b7592FfE484c2677E6b574a8,0,262
0x940f17cd82BAb2E0fbf1Cc017DDD0A11187B5983,0,263
0x623F95ABdE1aD465A4A11F86ca73Ff44c25119b4,0,264
0x0f0323ae922A28F66Fc389937f8b9ba2d0F4dc78,0,265
0xA6079331c23aFa7ec9A88D40e987deC7f0bA9c12,0,266
0x5de6E2c045F3f903dCf669934E0C26Dcf444AB9F,0,267
0x2EC0D16ae16E1BA54D7bA7121B5237e712eA1522,0,268
0x22204EBE3B19C7337DA1FeB85B02724Fe08188Aa,0,269
0x08fE1864bD9f841aa04718531Cc4866DB8Cb54e6,0,270
0x62e7e4FF54dbECfd417Cca5E0596e0D2b4783117,0,271
0x811E0427992e59B58FE7BD2d6B5cc948338Cf1cD,0,272
0x1A77Ea549c3F02421e02679318C51053B1ad7d7b,0,273
0x170454061F35fD974Da6cA1E8c16a5E5faA51Dd0,0,274
0x733156dF36A8BC5b178D223265a4787bbF98ee8b,0,275
0xa2732b586cC62e7A9678A466580E185147C9e10b,0,276
0x4271aB2Ae2a3a041B8c1505C2FE2FE4BB7B1458F,0,277
0xaaD176269Adb5938D61f249d9956b77cebef4347,0,278
0x03C54EbD08cF8Bdd4A97d8cd0a3e2FfaA599710D,0,279
0xe8e05eD031050a5891d5b1540D7350a863F2eB73,0,280
0x1f99398c0C39F9e9B90D2F8144027BE603982d15,0,281
0x5eB94A947Af1EE039C7F8A83f61Ed7E41fF2b7E1,0,282
0xb5F5E6B9561df68629d88F20f9B947f3c22e191F,0,283
0xF15012875aEa40d17e87aCa4625fcD402B77499f,0,284
0x1C36A81c10899ffC42D9e583126516465699876a,0,285
0xE6Ab5376f73E44729c0b5C31e0ceC96262832a19,0,286
0xB9Cf7a726cf6c8945E60Dee97427ed90aD90BEf9,0,287
0x6909c24aba7129366b7dD5c4F49e50992E35b1A5,0,288
0xAA96f9c94096C0331043ed1082057c1f1d49D513,0,289
0x3eFDE80983046122959eeaA8C46A74b1Aa5e76a0,0,290
0x0494A5AA34aa0573E0ee0C8366d76ff4531c1258,0,291
0x6cF9300332868f1e52951D77b2CF92De1A1f89B9,0,292
0x68D684Ec64E31e17502848aFeefC274CA51Bcb28,0,293
0x505bF1986557f969f5c627374e0DEb677C9Fd85d,0,294
0x3bdc2D778dAb0C8b22E75703d10EdF67B74E106C,0,295
0x6Cea61E6763Ae1A9E21dF5a9E94Df74280bBa14D,0,296
0xC8476b855d32a629762b29a74E8c6FB5AA251eFB,0,297
0x5dD1E9B45cC0583378CF0481196D9D3c52a63FF6,0,298
0x3738C54C620B742cFAA647F9b3fceFa8A8a052D3,0,299
0x11131dBB1572E7f4f1acF24211D088aCaFBe5DA9,0,300
0xB4aEF3971Fe7845ED17107D081743207bA164f82,0,1701
0x39A8389Cf29a379Ff0593925117d8E572D199bBd,0,1702
0x30a4111cfCbc209Cf276842FE34865674FCEe640,0,1703
0x4341E0C0f3ff67170358b7A71B33816e58A7e526,0,1704
0x13D60F4a62C0307Ca7b13Fd551557e33E8B5CAEd,0,1705
0x0c72faC9B4773652f214cE54b9F257511cd3D32a,0,1706
0x10e348AC178159aB3d19b4CcF5273B95d6a3eE28,0,1707
0x5617018E537c394662FC1F4C344688717E82B2d7,0,1708
0xD65cfe096624Aa43D0d8fdf7a8422357b3B192d5,0,1709
0x1f7846EE9F720A689d6abaFdd9975155C8a053b3,0,1710
0xc67C5EFca9F6C9B911Fa6d5e900E5bf178CCEfD9,0,1711
0xFB0bf890f57798d91C7d579B3aB009075bCC0c5A,0,1712
0x1F67f6EC0dFA14E9A0356166f6A15dF8BC8F2e59,0,1713
0xbC3e88b87c4870FeBD57c102B2e2C08B61fabb89,0,1714
0x8218ed6D37828fcFCBCC6019A35D752072c9Feed,0,1715
0x404eeC7eF1568b8d3F5a95B3398c8B7E5Eb90ED9,0,1716
0x35d4Aff67FB5dd3Fbdbc4f35D56B47c3b8dF0BBc,0,1717
0x7505E0faEc9d7735605A4488E6BEE0AFee5325b6,0,1718
0x1886eF1baF4D2D1A02CF099b12B30c062d5a5113,0,1719
0x7d5a818eddeC2A3f9DD145735EA944e6fd7bEcC2,0,1720
0x5745E3E5737a1350122bEA5Ff20511cd98B2e5cb,0,1721
0xfedbad01f711935D650543B83d0A7A04221a67Cd,0,1722
0x93ccb89938082939EA259A71adC84Ee7AcE5bEF5,0,1723
0xc5114F3b5f7c31a13d03cA809F819Dc6b0bd8953,0,1724
0xAbD41bBb51ADC7D5B5e7Baeb191cBEc87d7Eab67,0,1725
0x8516f00852575e4e8e278c695fD6ccdA748B03a7,0,1726
0xe79500DceFE2BE428b7F5887b7cb181Cb743218f,0,1727
0x3c4C39611589b0f05749ACdE8c20e7730FF04f57,0,1728
0xAD1FbAD342950f45A346258df9AbdCd3070528e4,0,1729
0x3f16166578B655F1cD447D56eBb1a647D8BF6b2F,0,1730
0xEBd431a795De502a1a6D234D25d5975Ce4Dc32aA,0,1731
0x6e7A11305ECcDfA4DD3B5dcd9bB9c7F43E55F0C9,0,1732
0x15b4520f4A8a0BD5Ab4A771826ff023e09F51FaF,0,1733
0xC91603EA075A9E39f2AEEbC6781d4070fd480c1A,0,1734
0x3a8309914435fbeb3e58BCD75D1d14BcD660fE0b,0,1735
0x63e9CB47051b266ED5d18DA3b48DB5e22b3a34DF,0,1736
0x0dD41E7EC06269cc9F83b8dD7A48D98CdcDD78cE,0,1737
0xd4FA3353E0a8DB31254B80Ce7ebB2E16E4bb1409,0,1738
0xa6514EbA20202F0a926f29567AA44015d590F4AB,0,1739
0xF96455e2710b988E7Da4d93bb5B3cedb9D6D98ae,0,1740
0x44Ca0D824d33CFD254e6054a6b227ebbfDFd1D42,0,1741
0xE3Ed7089Cc96625BCFa652D70CD85b01adF3198D,0,1742
0xE10CB48FE9c514Ffc8F4cB6ba553B6c6D06c395B,0,1743
0x7bBfD3B0FB6E01c2Fbd66EB9a3f2DCF3B60014B4,0,1744
0x8457AEeaB88108a9e0781Bd172ff792EeDF2A2Df,0,1745
0x16Ed7EC21803b17e576a162D9ba4aaFD82891f06,0,1746
0xbD9bc4C2434a68cf701014cef9c774fC2e4a7357,0,1747
0xa914cAB02B1dEC0Fa9C083b6750ccfEE4993684D,0,1748
0xf6B268BCAAA36CD1343b2305Bf09ec55a5c9C592,0,1749
0x8390C62572d5ed02BddD5832b087f0EF7d6e9510,0,1750
0x70B946604AF44eB617c6EF59A47F947Cf1C141ab,0,1751
0xb842F48682D157ceCA030E7b844C46eF4FFF334B,0,1752
0xCbA758e1CdEEeac91ed928ae181C71Cd5819F013,0,1753
0x0d129AF788a822C096FE90448Ff69bE3719DB664,0,1754
0xBd0F0DBb35D7E123dc9Cc669dEFa07299FA61A2B,0,1755
0xD3A7b1CE66d261d88f37B7C12AA242B3039aA7a6,0,1756
0xaeffA0708967343BB186945e0416c3d7DF77fB53,0,1757
0x617007DF29FfC32cFcBC1979bAECA0ff1138fBd6,0,1758
0x4e960f989B891fa56eDD8628CB042bF2BDb667B2,0,1759
0xAef8b82C87B7ff5FaD0D68965b7bd33f1A74d3b7,0,1760
0x46FB82BFBb9f66596Be9CC43edC95EDefF782cc6,0,1761
0xB20B448571B23CF653385796B47B13B61580Fd45,0,1762
0x3D49DBbC5EE51534C6901E8A4F66cd2297078AA3,0,1763
0x249a0b038eA55c7F3D264Be983f2454f9478f4A5,0,1764
0x83B768d1F59a16D718e5c2Db39015E1e88abAEA2,0,1765
0x214fcC92a78169e392c68e234c45Bc4A9AAf11D2,0,1766
0xA4A2f468f7658eed58927feEEC63e4A0e3a9fb27,0,1767
0x422f9bCA549ff718b95B10f4eDCd8968787139F4,0,1768
0x91D11683c9f99088c67690936F24a8789A731ACC,0,1769
0xa1bd17b953b32953f534ED698E85241740367913,0,1770
0x6CEE89B98EEF8D37d6e26f047661139f02f21BB4,0,1771
0xa580e8E305b0446De3c5Ad67e83982E448E721AB,0,1772
0x84715F071494eA954043690e312101c6F0C05637,0,1773
0xB7EA1a97B5450af18000A4cB8cb251f3D3CD7dCb,0,1774
0xB48f492b33f7449A660d5BA390f28DE82dcC4a1E,0,1775
0xFd033Df7aD2EA0a510DC5ae45f7D2325E4828e79,0,1776
0x4B6A683137EaAC9bfd468F476Db4BEf5360719b4,0,1777
0xE47568570BC062EC200aE937FbD3c32db9b2A7C0,0,1778
0x9a064fb9DeCc460C9f2377378f7B2261859d4221,0,1779
0x4b046453BD1bc9Aac5478Ab3AA68B76467C52C1b,0,1780
0x3Fe3f3892481C2dF3d0158d41dbF897fA55bc3E4,0,1781
0x03A6c363c266fB2337459e44f62c4575812aDb0A,0,1782
0x9786cDaacAdB0682a973f2c2CCB16A170Df35b61,0,1783
0x4a9D0670a06E16BeD7470CFD7007e8D0d32F82e3,0,1784
0x21778a5c98a98E9B4396519359ed8701F8C505DD,0,1785
0x1c867241774d1Ca6F540B5D52bC14a31C781412A,0,1786
0xC2E1dA24938DfF06F6545D92cbFd241eac80f76d,0,1787
0x9E6e5Ef5aA65A5f838d2f429C210E6Ee3249B074,0,1788
0x73846033E457E4A86b26664dF1791C7E8183b239,0,1789
0xF2F3330374E2956E64f187c0cF3F3ecCB94c0C9C,0,1790
0x6A570dfEC5F7F8eD9B49c335A63Fdef6c02cA2b3,0,1791
0x9585Af78E29AA0058bdc515e5e2Bc600DbA5620d,0,1792
0x4D87B9a7BF6B4d951BE166f62032548982C4f80d,0,1793
0xC2BD9c73403b7eCcB2221EF5FfB9BBcFb09F7EeC,0,1794
0xA6704B071aeB92A52CD77626ee2786Eba69FDfd4,0,1795
0x866F3C0820f68E323d4f9c5Dec2BFeb2D5697dF9,0,1796
0x98AE2b409B020707cA0D0A9771eD5cdf0D742F40,0,1797
0x935111e75816769cf7D16170bbA7b826DcbB5Ce3,0,1798
0x0e355B8B42071b89f2E35ef4F1f7F91e2fe27955,0,1799
0xb074c2F9c3E81E10032945C4d9cec9fa8f610380,0,1800
0x0a72F5d03E2d8bdFfc3813d38A63E865499bc7B2,0,2701
0x2864812C555697351Ef6a50cD989a8e168AaeAb6,0,2702
0x47C6056f8F5000D4d7464398E8e5A983bB917313,0,2703
0x29054d9a8793a66daa5F23ABb9c6E9Dc949DbDbc,0,2704
0x62bAc19F5cf40357977F28B74049c96f1dd67061,0,2705
0x6434b2B35e29173A56ffBE42C2925fB5a290013c,0,2706
0x3c2D59d4023557D0eF0265a875e0516fbaD03260,0,2707
0x089A2b8615aEb7F6D66C0c9c19F0A5E8C839782e,0,2708
0x26f8d9106a0f7A3a3d94BB6c68D104C01c19d37c,0,2709
0x561c005901F2ABc99758C1d501e5543618E3E7af,0,2710
0x5F237d3Fd4472351430520fFfe43c2fc91516aA1,0,2711
0xbBd2aBf8C3b1798313D73dFb9FCD9055f91dEd6a,0,2712
0xC1b07086214f690322a69EB089E768DF192b4F8F,0,2713
0x8F6E2d993DE0b93F50310b36dcA1edd9186451F6,0,2714
0x48735B7daBe59c234729918B265CdF542De899D7,0,2715
0xFAFfCEAC0Eb6E6d86b33C32f5e69E2e1CaD2055e,0,2716
0xd1ad27356bd4f892871D024b13da36D8A3c86080,0,2717
0xf93Fb2bf0221c0A8702E31125A84D27a6Bff03BB,0,2718
0x04F0f758f33fC1AE3d6E3cF0b27EadBB67E7844f,0,2719
0x66Ad4A62851a75e28c9D356ef7f37F1b7FC6120e,0,2720
0xe4e3bF90DB46F2341F0F2A665c56e0EADecAa5A6,0,2721
0x8126ee92876DBef76b4992539b6d37eA5AEb5307,0,2722
0x509C4d0fDbEc8Ae82e74F8a2F1d7A26fe7705E94,0,2723
0x31dc023b9f49b1Cf5a167a757D4161FC70798748,0,2724
0xD18E186822c27ea7B913C0ca74088128bE2f5431,0,2725
0xfA871a1fD14e04318035e0C3215146cE2453714a,0,2726
0x3af9159d2874E984c5D9e72cD901258aC6BEd2C8,0,2727
0xF48B48a9199CaEd24bAAA116e78Fa7D7D0F57266,0,2728
0xD7EEdA0769605b4Ce291cb1415EfDdE2Bb23c9e3,0,2729
0x0C10a2d212797E50E4e3C8CbA8c3510BF41069Aa,0,2730
0x6D14820F91cE0e679B4A91afadf515CB6F576D77,0,2731
0x79b7cFb8597b0B83157ce82a98991aD48517415E,0,2732
0x805e5274635B10514E71DAe21664E4023136e4AE,0,2733
0x0AA8A19DA3b08e5b7CDdaAaD2D14DBb9578C3B8B,0,2734
0x361F1b05b692d8470a3C56dd6712969a5c329115,0,2735
0xdBD5FA898Dcf1417CB814b954e26E86BE5265290,0,2736
0xCB2E1c751192B68Ef30398cBd59A931975b252Bc,0,2737
0x97A6c0cB8573d8a302e838230D40878A353C1439,0,2738
0xDf6B3d71b11b8340485a8e05925F324099F828B6,0,2739
0x4d08F8899aB629833a5F657F3dd917640b605Af3,0,2740
0x486bb1710e9bA9Df7BA05ba07207fD3d0f3E1Af0,0,2741
0x0E2FC39a22331698beb50dca5C32F78eD9b63aE6,0,2742
0xACf58e365Bd2b393A5164e8Af46A3eB03770278F,0,2743
0x7CFE8ea35ca5F59b1895F55304E880650280D1C0,0,2744
0x3c1d7aF3E1AF29A9C94d6085Bd223DA03F724cE3,0,2745
0x357812A41C51D6F1B87Ac1044c75144000baCA3F,0,2746
0xE286Fcf31841213a0c655ed2c9AA4ffDDfaEd978,0,2747
0x14f60Fb3789ff74F3Ff3F9ABbB649A9B0E8D9721,0,2748
0x6c11590B45B70af19694b86b65a73b6f994B0080,0,2749
0xDC6D857bC3C05346EB99cc9a750dAa9B3405DD59,0,2750
0xdF1b5bE9e19b76395A67eAb1Dc6c52EFd485c3fC,0,2751
0x0aF544F3F4114CEA08d0546F36A06c635aA9Bb27,0,2752
0x292E68887e0DAC711b5d69c4C2946bd8565EE3d0,0,2753
0x0F9E2A431e9410dF62606bBd5a4ccCD3656A8951,0,2754
0x2673a2c9Ba5bCE83b30272481Ee1E530cF92FcA6,0,2755
0x83dD25c2211DAE6407849728f0717B74Fef61F5b,0,2756
0xbDCf0f7B048F3cba30E6Aece9Ee121de5B2A7A5C,0,2757
0xF4E12c4D1adFE6B40211B8d1476121bA5808D5bF,0,2758
0x8b6cC755D628Fb09522945d881De41eb0068239a,0,2759
0xdF53f43ce73c4DD7AEc245F9Cf1104F8299D5074,0,2760
0x93abc0243dc50673795DCC4Cf2d0bAe2F3F14078,0,2761
0xb33Ff226fa4B005088df9CC26b23d872Ef304287,0,2762
0xF38FbC8734a137769548Bc9713c5c979cc746DB4,0,2763
0xA4d4ee9596Ab506F03070821CA5937b1F79bc8f3,0,2764
0x4c1be174aBa567Ac4f29351dCe46E7f65eDF57C7,0,2765
0x8a0d42aB1AC30b21B144bAD07FcaB3d2858c9eF0,0,2766
0x9288aCa7b0B06B5519E8602e23B0B759110DA848,0,2767
0x88cA3Cd516ad66c7720f14a30FBcf06ef9bF96c7,0,2768
0x5FcB834E7f0a8c706ca8bbfBb1E0030E39c99e83,0,2769
0xB4692E767b9eBFDbaCbD366e624D0dE418785aAa,0,2770
0x8a085448CB5CD22e5B8Fb7A08f8C4c3b3998E596,0,2771
0xB7F33b0500f3ee353F6B4a8d242491D025210399,0,2772
0x0a66CE43aFEE440e121D8b8446B34Ae6DEF31403,0,2773
0x4CD3BFfffb6063200c99bA45AA37e1116FD7B291,0,2774
0xc71f142ADFcC00a1BE5F7251eAC967B97a6aB7aD,0,2775
0x06ae26FA199e35528EA861f9E272E3Efe9f48D85,0,2776
0x7aC3100789AE80B831A7818b76f08382e532c62F,0,2777
0xDc47526071b31fEcC4e7d7E2ab93c2b9C397F944,0,2778
0xEB9e05e9c94a2bB9367dc14323941cdc917032C5,0,2779
0x7e6AF0e02b0c890FD014965b5E2e6f2b2e6932D1,0,2780
0x76A6bD4068485ed5b5eB59b259Fa85643585c3c5,0,2781
0x78193F2Eb2645f9016db0f45A33e6433e037fCa8,0,2782
0x199bFB19a894cB354d96159740eD00bBA6872B51,0,2783
0x8b07BDCB02528633caE4c4C658d9F87E1879E367,0,2784
0xB38018723E80d4EF297f1AA686C0bd7F6C1eDD87,0,2785
0x741C8ff4783349022A01E8a490Ff7F67f70C713e,0,2786
0x99d21413F22306F876D844a009A4e3f6571873D0,0,2787
0xfD69F84875a26966D0C9a3F2570a1000CEE45120,0,2788
0x2BC534e988c03bd550c50e996F99Af13d3c4d314,0,2789
0x6760A8d44F3f9D94287f62017D252B70Bdd61E23,0,2790
0xC8e43734AFcAe84CFcAB0DD07F3e1C3f812F14E8,0,2791
0x108257DDde86970EFde513688724480542679054,0,2792
0x0B32049A8D0a7bf6351D82F8A37a8178371FAE92,0,2793
0x71ce10f484C3888f7276F0a8Ce11a49D1A2696B9,0,2794
0x2c323B7B5B53e97D075eB9132c6602454621540D,0,2795
0xBA9C49c4A2Aa23b1Da58F5fffB039DF5b80b62FF,0,2796
0x7F5f94a1D50DDd5fB891b51e6374571B608D2796,0,2797
0x3C5aE3a10D034D9bd0976521F5c2a6Bcb6fD1d23,0,2798
0xaA7aeBD4E6dBa5d05174132d6131b1b0cF2Dc577,0,2799
0x1dB740C5D3f219f1E840E115638839F09EDA4AbF,0,2800
0xA783377D1d3e338AFE9b8d8cfEE8771E66a1C0B3,0,3701
0x6Dbce8045bB6C893F87aadB8Bc536604ce0F9B29,0,3702
0x9688C32DF8b4F9D0A23EebC6243C569DAb08bC01,0,3703
0x97E096FD09E83468A78FA035400567eF6135E2Dc,0,3704
0x85437220CDA0A6e4353E3e4E5b27bc2679160b26,0,3705
0x561627Ee108660B34812cf40fE5E4c8a54DaA5C2,0,3706
0x7275CEeB292ECa99542ab08e2Ae86b2eded00B7a,0,3707
0x646e4957A42D56623482dC66c37e1110cc0ABb25,0,3708
0x86856E494da2340301aA4FD4d2d55249Ca3b92e5,0,3709
0x628cb4735190321ca12F43706a3b74976c2B0d95,0,3710
0xA1dD6d78096163F467a725899eeae4cE6EAa7251,0,3711
0x3A29256219278915261D348B96111b69307a9f45,0,3712
0x435f5A200c42D6Ba47025E07F572d23Cd4beb215,0,3713
0x772ab82CC598Eb3AbF65d4B56072b73CdFd6A93D,0,3714
0x9eF524c87523417F7C4a5b87A41B4ce4e82744e5,0,3715
0x980BCa95830Aee325995eD4cf4E68FdAAfD3B752,0,3716
0x55307E6C8dBD9A007Ad7BE4713fa5F5A047eE483,0,3717
0xD724b184fc958684545CD740DB5AEE8D1DB039A1,0,3718
0x8f05664FD3465451BEC890Ae3F76Dc9EF889AF5d,0,3719
0xe75B8FfA21A499A889a3eD893864B4E52D6A2EA2,0,3720
0xD0672984eb556C8f856603B952a3c8718CdC466B,0,3721
0xE8Cc7871Ed99EA85Ce4d092DBe49FC80c5Bc14a9,0,3722
0x61404c3E1A9d88cC137e01e3444F276D20545F5A,0,3723
0xC2C8E620bD5614770F0f93651f5b88020Ef106A3,0,3724
0xDb0686D8EB55f048f6c6e1Db7b8765A740c649F6,0,3725
0x7EE95C9B91d1B93e90CCDFdEe4d00FEaA11b2e94,0,3726
0x1D55D0DC49D7E8e8197FeC608E23f59dB7db67D2,0,3727
0x87929218c00f588944bf5E928E068a0F9AC2Fa04,0,3728
0xa0E706CF4fF57469fab3c70464bc183161533526,0,3729
0x514542b1aa83dc4B7bADbe24D3AD8fcB357bD7E8,0,3730
0xe08Fbe920DC624471dd32fa2bA503f81C417b75c,0,3731
0xB8E8B94D0B55A33726f5639819d2858796339D36,0,3732
0x4fB008BBD07Bf92C0906fA952f5D11f47AC5Cd4C,0,3733
0x404461FBe1E5E1927471b76e9fef72e90c7e4FAC,0,3734
0x2dBC5183d5bFa60da0307bB96032c4262069a53B,0,3735
0xbecABD190EB48F246CaD70e165Dcf8CCDF05DA3D,0,3736
0xCAA7d363198c7C635Ed7F69592c0620c6f508122,0,3737
0x7F269840EA7FA0527f90BAeba50cA5F8F8a49d27,0,3738
0x0DFEff24e2cCf6f9Fc09b994a70A116DC2a0F42d,0,3739
0x252943023aa79D7ccafdf378c1640E4D6A2377e1,0,3740
0x055Ba84B5BfA8ab3ff07d96cF59f33C0Dc0651Ee,0,3741
0xa5d2117a23BB93ba01bc517515486D238f3016fB,0,3742
0x4412AD4E9Fb598f1Bff33ccaA4deb56839AFb9f8,0,3743
0x74458BB805b680cC3c27088BEDE65d5A98cB7090,0,3744
0xc6d9593d1BbDcc73CC240214bf4927a0cE13196C,0,3745
0x612916483FD7CBa848337AE294A32b4e0BA8909B,0,3746
0x0a56d44c9e91E6D65E2B2a8C8AE68d1dba057aA2,0,3747
0xEEe0FA722C02D5DAE9744a4575349aCF877d6B08,0,3748
0x69b2828e845708c1fD02b490bde69Cd37074D4f0,0,3749
0x10f019249F3e44bC2bFab735ec3Fa5C8E6DD0F53,0,3750
0x4540C47Aa02CCC3B322a786426fFE03547CBdb52,0,3751
0xd9EBe4C7F9483BEfD5cd72346047E30422a76c8C,0,3752
0x7265eb7ABF5B1603012ff1AA7Ea95eDd555839c0,0,3753
0xf7c9dfB801AfDB451009e09d89E1Beb0A7317798,0,3754
0x12430Eb50304C2Ba04343B46A64d98227bC161eB,0,3755
0x059D8032678Df4D4495820Dc4C65ff2407369dBa,0,3756
0x00D9F6f025f68464F5DF7829B8306ba69dD03605,0,3757
0x8118e69C0a9250dBE82B4F3dDc25f03c922ABb28,0,3758
0x956dbD39Fc1e043C4289C890078Ce1fC35cBafE1,0,3759
0xa151D3b25be0AbB7E6C3DA3eE27f3992137090d9,0,3760
0x1412a7ECbc924285A0034fD936E7484C38958E64,0,3761
0x14B850491A6fC935CA887EBF755508641Ec5ba07,0,3762
0xFbf88f466b791d7BD9fcdC2813F2b5386bb44333,0,3763
0x3c6C6704F1Ee956D3c76b99cBe9225FB00C661BC,0,3764
0xFE3662b1BAAd6B4E35B32cBc668936B7d2c54baa,0,3765
0x2E6CEe27a11c60c654c3D42758b3272cAB190280,0,3766
0x31cD242A32853875a1DaFF5DBe3993Aa7a2d1D79,0,3767
0xC6261E8494DbF3a409aa76aA41d4F94b3e262624,0,3768
0x1c1f748D1D14d2eA62FD8ddE0A5fc88B2999528e,0,3769
0xdcbc8cD56d957FC1c1fCe545A64AFd46f314897F,0,3770
0x68C07D7a90A2F81cC8944Ff7abD6d10D0A477D38,0,3771
0x218445aAA246F4ed4D89dFCEfb32A8b06Db34532,0,3772
0xf6d187672d67f764749888A984119A39915419f8,0,3773
0x476680edBF7Ea59598296Bf87128A63076EcE562,0,3774
0xa724264099391C60230B0d9565B847C752036DE8,0,3775
0x9BbbF45ee625C1b05FEc033653644092EB19A35d,0,3776
0x2D59463D56FF8d321ea6F2428fFF1Ec9D69BC6CE,0,3777
0xD05F639F007A25c2081B3C891CFeCA8a2A0891A9,0,3778
0xAc06435a1e546651571000Fe77eD2adc1b0745b2,0,3779
0xd1250e2123B4A610Eeeb234E1EE6Df41A639af8a,0,3780
0x11427582463Ce654c7D64a9C8FE3b5F51Bb66687,0,3781
0x21a0b02D2181d7E7D1fC9DbA260a66Fd849A8B79,0,3782
0x51b833E50c5eD5d3ef9D7ab386555A20afDFeEC4,0,3783
0x86dDf42BdF7f155C29Ba4cE88E28241b7B7028f0,0,3784
0xEFfa428bA206b2048e12c5853865429486676052,0,3785
0xf5F801303BB4764D35C84B4Dfd4a876dA02A48D3,0,3786
0xdc07d7Cb82C70B4E4FCD5E6FA77116612c581363,0,3787
0xFCC05525C9d1Ec882039Dbda062dD682B3928EC3,0,3788
0xb2e831615f2d0AD84496282273f38B07C60E68b8,0,3789
0x733a14525AF8Fe0789a8dfdD1086807B55D88e14,0,3790
0xA28A90BcE0de9245814d4B5300B780e9C92311be,0,3791
0xA4e669a08576bAEbBf6B8554Ad87d4077E1E26e7,0,3792
0x3fb9061eAE5D09e44cA300528525fEdb1fe7f027,0,3793
0xb342f98bd944Bb03B5C82787073E474Ad998f6aB,0,3794
0xF9B19Dd4E604F8Ef21c111eE4f8EFe686B23DC25,0,3795
0x950392ab64224649b05954eeb4Aaa0C03d4620f0,0,3796
0xCa2fc83420561C24AF1F2741cccAe3DaBd9979F3,0,3797
0x717Ba7dd94C92eE33Da0B5E32f346B1c3De33cDD,0,3798
0x0f67c64BC67f971D9cf62152F1a8Ae56B3aB6c3F,0,3799
0x2b82AF5C34fF8B87c78E969a1f3B739a6882e18d,0,3800
0x7f48daCa9D417944f860f831bcEB0D278007eD15,0,4601
0x4BaB51a30BE070C299b92649521160D392B5F0E5,0,4602
0x0eBaDbdAa80223A8c0544c66475e55f2d3566d42,0,4603
0x33D0e997A8f0F4b6fe5E9058393a354fc538217A,0,4604
0xb45d76e8c03ba72aFd936C5B4D1cB5894fDd0c30,0,4605
0xe8bc11B705037d71318011F7BC084B3F6Ff76162,0,4606
0xe2E832E1298Bc445F28bC50C308e5575A7a268aE,0,4607
0x82d948B6296359B743ecfCf1d7eDe6aDCAac894B,0,4608
0x589f1f90588E8632DFCba406bcC1D0077339e289,0,4609
0xB42AD5Af96283837D77E156D7f239869972fa3f8,0,4610
0x0b7E25714379e729085551d0F47a1564ed44B8aE,0,4611
0xC3e7F43643F5F1928B02f2a55807EFe0939D1C47,0,4612
0xC59a4498129c4A89488c779b8772FfcfC7917c41,0,4613
0x7623993b5df2D47154B5A296979CEC42eA391D28,0,4614
0xEAEb516BD4DB9E39B9619E0AB558b1ad139AB0a7,0,4615
0x3B0A6FD66Ef350774Fe618Fa49cd3256b2D7AabD,0,4616
0xC195Ce9727e35e309d40C1622eF11Cc2C68E18B4,0,4617
0x675c2Aa38844cd88ef8ab6C57dA2fAE588F7fdE1,0,4618
0xAd49466636b20c44d4A004ecb8D4D16333B6E2D2,0,4619
0xBc96546767b65767Fcb1224d247A0fd3DCB60167,0,4620
0xF46A463B0FF91C391Bbd3996Ed54d2EC446A8671,0,4621
0x7953a25C25e2d92548d467a6b3AD08ffD8CfB5e9,0,4622
0x6af3399A47FA54C69d919C9aEb292085B60b2F69,0,4623
0x43252fEae8056c27D970dEd81ea52C7c3034aD31,0,4624
0x8E1d02B2628537BdA6D8359785dEbD81579d0432,0,4625
0x97e5b59018FC02A07d21ce5C3B576Bc49672855B,0,4626
0x01C4326B6911DE828f5742d897a0BF783B18cF37,0,4627
0x7C3F65392cDE4560AA32cfB87cBe9e5044807505,0,4628
0x73227A7408611b58590649B343cF4f49116175E1,0,4629
0x996ba1054d35F9380C0A75b94738045052e52a03,0,4630
0x69297B9f67630b74b9bB014aC4aFd7dbea2CF85f,0,4631
0xF7696E50dAAdB2a854454D9d682a910E3d0bA802,0,4632
0xeB492a876D56ad70B03CC33659dd8E50fc309dC4,0,4633
0xF4E4541620F0772e5e65aBc866CB39F158971D1D,0,4634
0xeFc3FDF77CCE72cBF90d0144586DCF2DF3f56885,0,4635
0x268770f095cA14282da7A952C0C03fA3B6B96240,0,4636
0xAa2A5Baf205bD18b96d9cb49538388061a675241,0,4637
0x14cE875602Ce9AdF59073dce7fD2f3C58C362D4D,0,4638
0x99CeF0998D54876fcd5bb18CC3c50D7e3708Fc32,0,4639
0xAFC0dd1902Ca786651078CAD689B632CA38E0f70,0,4640
0x2fb15F3E7A7E486dF89Ff6fe84c506d8afFB759b,0,4641
0x79d3993Ef57500416326543e251102dFbec38E3d,0,4642
0x0e6D43c39C4509F0224690382afD2Fd6A66ADbf6,0,4643
0xF6573D0aaf49cb35b8fc51198E9dF25C74756334,0,4644
0x8fC10cB9e88F141886F7487107d453A6275c1875,0,4645
0xD02A127a38701EDb79D9268D9530610dF0D1Cb8B,0,4646
0x51b0421B48f2BD3cefBcd874aa6A69B196625249,0,4647
0x53D162eAdcA59344349b705842FA765C26EC196d,0,4648
0x4557f151453A1BB798807E9F65D26C21571A66E7,0,4649
0x4352F73CD2BC450Fe07A23aE9d643FCBeedA5592,0,4650
0x93b7771aEB377F9F8a1aF5f11c8121B5d641F8d6,0,4651
0x9b97C72E3CB7f80EC5d96c87296911177471943a,0,4652
0x950A38708722F0bb39cC906C0d1daBc5f03a2B71,0,4653
0xDAb6739Bd40EE8ad3438FD57f1bFe5dc985F0cb3,0,4654
0x2c889788422c2e71EE12704D0a40692F56c62b4B,0,4655
0x385bd6105Ec6ed26A38e8acA18f79afcb22d4170,0,4656
0x2d30fBdfB10a6A3d5af1DC5bDA8aAbD3F45e4c14,0,4657
0x6277B5a13d4D405889D406246A79675B5eBd743f,0,4658
0x5F730D0Bc3910Ce233b7C5493642D1e488D011dC,0,4659
0xfB798aF8E547A19E0B20cFcF56643dc02d940Df4,0,4660
0x3b1AF24F09E96dB6090F4F3e8610105eb5dABDCC,0,4661
0x0DD5dc6699223777716d95472A66ECCCAE072CED,0,4662
0x6ffD229549544d9c8E9CEFB5a81E17dD67c8A956,0,4663
0x49A9E0a3dC0CD8d0902cdfEd6aF1062DCcF2D407,0,4664
0x58d960B8eeb00AEAF75Cc8850bE53c38694d18bE,0,4665
0x00E0d18bD4fB69247Fc34eE359763b1157769986,0,4666
0xEA9D565Da5e536f09E564f301cb28307C263CE01,0,4667
0x820F414eCdf9AC4785497C86662B07A08b826007,0,4668
0xF44dbeb0922D30aDd1BbFEE37b03658a26f9A806,0,4669
0xf8e36806BACFcA31D44ABe6d1F0e4D24c710fcb8,0,4670
0xef9F4112d992ECA5Bc05cE7b262ed2453977cCE1,0,4671
0xA8b4bb330dd7f5a7567d9Ce9D4326008737E8Ac5,0,4672
0x13672015c4BF8FCa133DF739047c09D696C5705C,0,4673
0xfe8f00C98aeA65E5D26eE98A0Fa569894211b252,0,4674
0xB10efcAc1Fed7Ae1fC8F772644959bD9D0DF6AEC,0,4675
0x6B0f1Ba97890796bfaeAF76C929d994Cde2fd539,0,4676
0xF50e16Aa1bb6adE79C75C78a76793d54798902a9,0,4677
0x00CdC68865Fb67f003CEA5B677777deae6C6DBa1,0,4678
0xe900307B3B84793bBAC39191d8619EDAE3C83b91,0,4679
0xcbA41a6a142f0eE63aE36C0bEF3546ABf8DE4691,0,4680
0x08972E230ffFf6FD6849A16Ca4eC4ff188430895,0,4681
0x10E3d499Edff7639873b4A83735F05b58B0900E2,0,4682
0x6d183AB3c3eAa6D0AD5f594ab30D88273434f053,0,4683
0xFC009100D5b8030dD3688c4F3117907e183BE5A6,0,4684
0xd5aF4847A348adf1bc0A2e53BbE1B4d3ede22EC8,0,4685
0x570129cdf8603FF77185D90349e8160c57671af0,0,4686
0x748dEAF1d507B624aE2176934689EB8eCE398F61,0,4687
0x9e5687E1e4F13dcB72f289eED5CcD891BE1aE90a,0,4688
0x9b797FF1762c802642570BF464118F7D48E1D92e,0,4689
0x2c414d0eceDa3Ea512555662d742eBcfB03b6B63,0,4690
0xC640f63e6D844d5A1A886C06751A9AD636287fC1,0,4691
0x05ACb9BE26B28db7cbD5a07c1b84da5553A07f78,0,4692
0x72de65D4430AfE3989B9fe4D44e151a8BfB0A991,0,4693
0xD68F6E8064128665C1630b5cCEF2180252cdb5Ef,0,4694
0x5518EcfafD08f56DDCe4b50D2B9ecB4545Cdf3eB,0,4695
0x0Df2fD30ed5b51f68E269b1bA77DF8db7385aaB4,0,4696
0xAB80B37AF49369CbE10517f1368Ea6afcD0c8cF5,0,4697
0x94d1D7491fadd01A7387A44423b87B3203cFE0de,0,4698
0xEf24Dc5aCdB66B748C471Ffb97841A4B89c25871,0,4699
0x939a61cE8307e7284FC1bbC3832Ebf24f533217E,0,4700
0x08492763B7964737CBc69696Ed000197a9ab9e29,0,5701
0x97C59280d732F40330C28a1267cc172BAC1908f3,0,5702
0x77Dc897C496fB6a125bCa9B193394f849B8F0538,0,5703
0x837DE6cac4EC0bc4c8cD8Aa1291c56d120C4db30,0,5704
0x23AaF19C5e9Ec76B8a3ABcC950c62589b93a055C,0,5705
0x3741Bf6C7d0aF4767B4B9BfBa83dF81168d34CeA,0,5706
0xc2E08e377437C9c690CB98d8705d74197B27cbBD,0,5707
0x9238d828119fEA9D2724c886302657DD90D2b97c,0,5708
0x091c30A47297b5BC6a18A678EAeC713C09A33d61,0,5709
0xED2d0Fa123022d908B61555E0F7B6B8cF5E879f4,0,5710
0x3f36F93664d12013C17Bcf6658AF0452C5f418a7,0,5711
0x17A6951e85A69C7D8152e7F3F465f4f5f840cAF4,0,5712
0x2134702A7cB81bbb049Ec21c8eccA42b28f5C617,0,5713
0x1f3B0848A598B618981EF5A8aE7Ada2F8400427E,0,5714
0x38C45963EB2C455866b77506565196471e26012B,0,5715
0x1AE96D68e55Ac666A2eA3A72361C4E2e1a84651e,0,5716
0x0F993BC6e142970698cAbb300CB5DB1B9eD33609,0,5717
0x162ACa80bdF2a79e626665bd040334D7466e8f9a,0,5718
0x2d991432c77Dee40b56c38Bb0eeCF624FB17B10D,0,5719
0x5F1a38281AC392C51d7b409ccfB581d43d701ED3,0,5720
0x27eF02B42e897C9bAC64eea96a3cFCF3b5348a28,0,5721
0x8e49ee31fA74788Fa4eB6FC43A08532a175f8DDa,0,5722
0xe3EA675B0DecAEC1a08a4960694d7E2a5C7F66B0,0,5723
0xEc4aedB056e1EaED6D0a5DD6ae92897689f7e5E8,0,5724
0x3e0603C4505CFA6E762e8AafE4b491f85bB3F200,0,5725
0x32145F71f1754FE85122aC89fE00bf05D8D4EF9D,0,5726
0x3ed11C71306e8BC9b813549Da4aFdE51158e10F6,0,5727
0xb10eCdBB3F8f30783a41C7bDDa378c27eEc3a843,0,5728
0x282fd91B4441a2CBe62602b3CaC7B94eF673958c,0,5729
0x234F08855A0663b89F10633CCC7e50d695208930,0,5730
0xb69451e16076E00319a5487208fC90D8016ec1AE,0,5731
0x6d742b4514622307bCc1240B73AfD1c9A3c1cF5c,0,5732
0xf97c165C2521661601C82a017AE74Fad6192FF86,0,5733
0x5a6B1977623f400bd73a2f7472636D805A21868d,0,5734
0xf5f26362aE0EB71577E2F7a7d2FBd341ccD08839,0,5735
0x49599fb294d4D013aDe0C7a14337FD729507bf1f,0,5736
0xd97dB0E3576425ba7aC836e87E248B04dff251DB,0,5737
0x766987C8Eb99f501834C7E15567eab7A111Dd043,0,5738
0xB755e319f8C749042788AF38f4Bb419730E70EfB,0,5739
0x2Eb80D4C02d138554A7d84BF9a07516A32E75070,0,5740
0xc9b161AcF93793032648Fa2f22cfdf06D2d9D51f,0,5741
0x0469060f65A7bAc7e03d90e678f8aC203bcaC667,0,5742
0xe5ef35a5cf8c670d9fC063a65A054C7d6a4e730E,0,5743
0x7fE396D2C5A7d2E530496f53df47DeA51eB61c03,0,5744
0xC7d0b447DCdA83524611cbF2fe873b74c72Cc131,0,5745
0x7aa71eE3a869455D35e370802e79Be2FCBe201fe,0,5746
0xaadEfE3d09273BF15B90e6f8e9df165083E8Ad22,0,5747
0xf9c7525F0f6366444ec956155643Acea9CA9f517,0,5748
0x7964eA739c1d32A221a66b0645D0c8Daa3632F66,0,5749
0x3EEF4596E9AAEeAb0835F630932dECbaA8D6Fc67,0,5750
0xe7dEbA6F4eE2A5c2B74B7B27371d2A4bda0551FB,0,5751
0xc3cc5C4963d40f6de4B12146d729786238f36082,0,5752
0x1382A88a2c7086c2A90C36150deB0430De0dd379,0,5753
0xC2d9F5dDdeecD8aD5e9e22301B0E167A7Dc4dC66,0,5754
0x6A8dAB18DBb8A1F9904Be90D206aC56ca0Fbf776,0,5755
0x8C733b955B4c8d1a16745D32d94eB409c4D3A23D,0,5756
0x82Bc149DF394D99a3296e4eEb6724a6268421F23,0,5757
0xe99521Df673B5dEA1B0a4A3cAf5E148D6A326A12,0,5758
0x1B6d83633d1d92b4EcF9F1D140824db73b9D11dD,0,5759
0x2b49940C1f65cFaAD280eE33a4f87E88e5049Bb2,0,5760
0x81EA9a7EA0A578FEB7ef4020d30E77Aa441277ab,0,5761
0x91306948b68417c3E0Fb43649552e9063c260f49,0,5762
0x0E50841AC060Cb455b22F628ab821dD5a304AB87,0,5763
0x572999da5468CbB97366BA1596A941bdc7dB54Ca,0,5764
0x243be253C6393c7d6a517da8953c1867D3e4a74D,0,5765
0x6ac59e8bB62DCE008ca9735667f0697D81d80600,0,5766
0x0C21673dF69BB04e54a91F4e751E01b689367957,0,5767
0xD5bD308d9569645124ffAe8F6D401a43842c25ee,0,5768
0x26b0637E49c30a9B9770D052b6dC29A385eE6c28,0,5769
0x7ec1d3509f32cdeA81143a3d0c709650c2fA71a3,0,5770
0x014dd4FBA33546a9A43E180D1Bd106beC80107EE,0,5771
0xf6713995FdAFca8FC6cc19b7ED1FA78F02b9F8a8,0,5772
0xb31AFBe2Fd7CDCd3FD6aFd8544e4d50580cCf8c9,0,5773
0x56f5085e6993ea772b3597884B3E15Bc992ca2d9,0,5774
0x9784eC7ad37529e145f2239E29F32fa1B9641cfD,0,5775
0xCdfCa273BF63827881cc8BFb59f33bcebdE69DC1,0,5776
0x622132C1E95Ac2772ed60f5a473A4b7573BEe544,0,5777
0xC7CA3b9FB794a1ae2cC26aDf0841e6D2df410cC1,0,5778
0x44e77E9AB0E51c4762A4f5702010210503C388F3,0,5779
0xc62fe767F07A8A6b0e957030967717eb9DB3D09F,0,5780
0xc593d4C5Ded2Cad07c756A7ba633C5A58A99AC62,0,5781
0x70E211E6d173296B1Ec9EfaAdaa7177be3AB588B,0,5782
0xA15C64bF56C70787b53d71dbc229509da4371c0c,0,5783
0xcc8c37598DFDd48e9B3ce2C1925F3ccF2BcF6DDC,0,5784
0xE52AdDE551dDbE25971ED628162Fc18Cf19f0330,0,5785
0xDca07da0b7D32954e2b1808316e8d109399f3008,0,5786
0xD232FDe61955B86548c8a0916F0910AbeC2c31a8,0,5787
0xB5d2be6C84C0a07A2b3093487255c9A518CC1411,0,5788
0x7D6e97C2AA2748D3a69169D44eB58812DE7e92fa,0,5789
0x1Ae53DD88376CD5E4CfCD7c2629b674e035f8483,0,5790
0xBb0d2560491E6B7437fB7B565cA3Dde5809116Cb,0,5791
0xF5590F29fc29F653DFe04656867A1FF1A5Cc267A,0,5792
0x46A60FE545cbC7088FA015a7DC1B2e032aBeE5F4,0,5793
0x88ab8f66012F533Fd3D5F46ad1704D6D7f830a04,0,5794
0x1679Cae0671113e5fEfC900c54531B4140b883d5,0,5795
0xCfDcd1E7A7C84D75374c00CBb3834032c12770aE,0,5796
0xE0F45b36E368aEe4d1920a790509C2BEC11c4eC7,0,5797
0x85A6Ba3A994443A67640a133cf03A566A9ea9F0B,0,5798
0x0b221E32775710FDe0c1b5f09D3B049C46438062,0,5799
0xF516D80bAa1dCfb14Ad22E4f57B48e3897d920b6,0,5800
0x7082995eA37Bc2ea0560c67Aad53788771943325,0,301
0x75c0Fc133D4902d2a84F0c2AE2d1078A59E7820C,0,302
0xAa6b481F14006a6885f7E6498b29E37257bc0092,0,303
0xf4b0B6fd02836CE658Fb2dbC964546fC6491d4C2,0,304
0xD5986C54a115295416EE61D1082fe2A9AE496798,0,305
0xEf9229f7A02EFA4F58a64f375551d30715bc5Aef,0,306
0xe6758A4Ee600443d1BCB20227DE70A981a77098F,0,307
0xF1E882DD62e968837E737B18FbC0DD29cdCcc992,0,308
0x82B737e217a39B49a6289B1c3C7240B8c719ec7C,0,309
0x9262309692b71b444c7845c10A16d8a31a3B9cCd,0,310
0xE5466b4e3E5Ed5Fe0B62b334E38d45C091487e7a,0,311
0xd796D36A89710Eb497605A587cB8F0575edB829a,0,312
0xC02eDb95608dc4d786dFAb75B78945d32da4c9E5,0,313
0xFaAdE695B5A5375365532862d35Ec7f61ca204Ec,0,314
0x2C96E995efB0D42bd567806B61D0662c4054C6ee,0,315
0xea6A7f71D6c13cB91cCe8a614044F633991dF981,0,316
0x2f8088aB3ab9fDA72F0478A0d0f420c7a00BB1e0,0,317
0x1A7d6d98871ee28Bd7804131CC75e8e3575902fb,0,318
0xC645667805aCB469229db0c8DFa3278c5f239fA5,0,319
0x02cDCE6E3F3147eDde59D5056a2e97a76Cfe16D8,0,320
0x614FF499B76B49B978d094795F311e6D76CF057B,0,321
0xBd836dEB818EC0E3339f2A170E0b590cbb4c6F44,0,322
0x4B87dbb18B2a627380346213804c431f58c71d34,0,323
0xb908c5cf733c4478bece76861dCc29C0f60564BA,0,324
0x43f6202A67bB45197059cEc421210F51c632A8C8,0,325
0x0F21C365c61e879f2f35a96AE5a34fe06438A100,0,326
0xc4ce69F91415aded5a7d655E080Bde350324B5F4,0,327
0xd1DB1fA2C4F5dAa3843dD96deC3E04a7eA54aF96,0,328
0x7A7730E5DCB95BeeE7961195315d8A02350571d4,0,329
0xB39C95CF1314dE9f99a15AB53Eb900aBb18692C0,0,330
0x3185b473918ac7f6BF13400489CD696d45f1Ec18,0,331
0x8Ad1b91F2CA6D1c3D089446Eef3fFF4015eE9c66,0,332
0x5a6DCb5324749d7119f41bB416Ebf6B00e75343c,0,333
0x2C9112b431C9245F84972488E5373E3aAB589ad9,0,334
0xE749408bB28a851EDacc01224d059d11540444c4,0,335
0x3E98d516e2C9f2c52d6b2D6Dfe70D736031314B3,0,336
0x2Fff1cD80929Cc27B31b85d0a91bb175411B8676,0,337
0x2Cd02a00Ad33d8903E40e310E1D15edDBb6B8c5B,0,338
0x3c6cde587baF2c081D22745890F96D516AF121D9,0,339
0xaff90D3A343d56D96A1448CE99f2a645FA8a0CF1,0,340
0x9F7e343A80Fb7Bf66171B74cC2F3c76584ACfe60,0,341
0xd0F884A55F0697d580226e172F6196f767052be0,0,342
0xE33b35dC2CBAE463865904282bdF824e374B5219,0,343
0xa23f560545b39333B64f78f9F49EB8AB340f92C1,0,344
0x4D0414D62A3Fa55248fe336F16f5625993257412,0,345
0xf0A28479324771170446BE2f44c374054A849122,0,346
0xc079333EcFd1830a09Dd166467239557685f3423,0,347
0x6CcE4c927518f0Fb2B1d92A33DE4A65942456681,0,348
0xF4B100136a20E0ff06deCFf1B2d5EA0c6b01Af60,0,349
0x117668822741a5B4b608fCD90f5f5D12497104d2,0,350
0x73731EE6427FcC0B9b6AC6A590Cd52a2e4555c9D,0,351
0x8D26322f867ec7921eB42f6bba1e7343Ec9F7685,0,352
0xf3C607D35471b8c6E4968a62B3AE411618025206,0,353
0xaF8FDa9a04B223c4bCfAbe55dD67ACf5228B9bD8,0,354
0x8BBb99785b428d867168af0BF4fC436599813eE1,0,355
0x14DcFF5dFdD35C1c62A5a0ACbDAbA39D8e4CC91C,0,356
0x0c04EC04dEEDa7FE11aC6cD0225795C213cBE1d8,0,357
0xd5b851DF9b1Fbfec283c55a82De0616B4e7E3483,0,358
0xbAB4B7eEBc903c5CeF987b17e06Fc98F0be59739,0,359
0xA5A97A664df56A42B0a0ccC1989b14270f7b5e80,0,360
0x4f1D75221fc815C483Cd603C79DF67A819ff9547,0,361
0x862Aa98ed09a138B00460Ec5c9FF10d3b7207D29,0,362
0x03Cbcc5918D6FD1277cf9A69c8ca5176212cf874,0,363
0xFF0cC922b495F20e1616E7CbECe871BAeB081Ff9,0,364
0xe57B97756086Be2eF048f06c337F687992fAa18f,0,365
0xbA59BA070111420F5E170D63A864b7b27B61f5C2,0,366
0x11D5fedf7Ecd1DfAe436b6a9c1EBeFE8a9a94dae,0,367
0x8107a2b9487B048C6f235Ca584343FC2b663e74C,0,368
0x22136Fb09373B2860c87D9B7BD69671D38a5a96f,0,369
0xb8B7C5771473d2b24A489DBCe24E51F1c8f471f5,0,370
0x5515509C5E72E0E23eBffa5B1f339babe173bC11,0,371
0x336Fae447D829218c626c26dF14B762b401Af5C2,0,372
0x665465D1B1d2bB42c6B90723A8fB6B81C42879B8,0,373
0xDc3dE318Ad95C11c3cf6ba1B1262E00704A91E37,0,374
0x7ADF85A62520c8A56738F27d2D8f006c2D6252d3,0,375
0x64c366108B62Ee439C51F8494c23Bca9D16074F8,0,376
0x996bEc8283b3FB6f325f343F9F9179b4B3484AF3,0,377
0xd1fc3bd82af97B767fB16806e55C3C5957EF3624,0,378
0x5BE334ce53C60aD110befcF90AE650507B8734a1,0,379
0xD6a0019c6b9F425052fCba37AB2F5eFB00fe9c5C,0,380
0x841C2D1a6C3FC4B4a248aFb1B08F00603D38DcA0,0,381
0x9631f0D99A4eB18BF017B790f369899bF8490F8B,0,382
0x6b58F18c9726Fd335A334b80be4833e35AF27FA0,0,383
0xF83c044312128a6399F93F8A254a83ff7E0cb221,0,384
0xF57654f23154647183E97c1986464661Eb7afCf9,0,385
0x7c76fc3a506C830F639F91f58A352b8497CaBe0a,0,386
0x7c938Ef8b42c078F0d06eF36C4dFea805F1afC1d,0,387
0xF876065a78fCbcBaf5c8Cee9945D0C2FcE5DA3f8,0,388
0x08E8B4313964c797aFa4Ac3779a133AfFd67B3bA,0,389
0x0d02Ef9466D318802Cb0C452a908600c36739E42,0,390
0x9f439AEfba012A261098CbB7B78930513FD9cED7,0,391
0xaf1a3e704f4b55E78185b3D7Aad643AF05433E73,0,392
0x0fc9C6c175a671A7c6bf92db241Bb8DED37AEB64,0,393
0xa74CeeD458b2669012adB65AE1D6FE1a918ceAAc,0,394
0xC772F8b3B9041aa9364f38D6023CAaC5C8D0693e,0,395
0xfdfedd6c8baAA7BEC67b41a76144dcA084A41Fff,0,396
0x4f66151d08A698C6f52eE415dFaD95813167fC07,0,397
0xDc9d4C752589E7AC99dEEA657BaBA54619f0B8Fa,0,398
0xc01Aa78b7E51b7d79dD2726c58Cf452392772998,0,399
0xe338862A3842BBE87dB298752226D79aE9C5011c,0,400
0xB3673F31E829Ff06b0f39DdCEFa2E80489C73aE3,0,1601
0x432C0525651F1bEc62888A36681fE83084e1F9d3,0,1602
0x6A295A0b4c8e292DC9477B0F6B105368DB8f72eB,0,1603
0x886BDc0a81Ada17a118eADafFE1cd5A2Bc307c9f,0,1604
0x87040b26c4e411d8EeB58f50a61b47C2161211fe,0,1605
0x779B645dCD4c9B0439d71dACBBa5E37c3975309b,0,1606
0xbfC50F4014b7f7165f4B8348D1c5D8e6ccAbc422,0,1607
0xa8C7Fe9afcEF055F07D1D8FcfB8D7eb2e3B0BE80,0,1608
0x3471971495FA4C7fe7D751dBe166Dd24a333D1c0,0,1609
0x7BC6B429827C4Bbdd4237A4D53e67e562ff9663F,0,1610
0x6FfA712aA41295bdE2C4B68d65329506C3eaC824,0,1611
0x11AF5BE5468F1c1af30325fbccDc344F3367aF2E,0,1612
0x5338fC34BC8B651b3c315dD47FD979193e114D42,0,1613
0x57800e77ea9CD0005968fd3c605333400549f14B,0,1614
0x652F77C62d134857B3f8CD14990504cAFF1c2a6d,0,1615
0xD0755B7cfda388a68a751AfD8D673dA0571AB7A5,0,1616
0x3b1EA605fE70530793d18B91755Bd60569A46219,0,1617
0xC7F8bb0df31D87F18B860e2cC2471B513FD92b17,0,1618
0xEDb9b47C2EAB186b0cdC44f736738b721Be97fcA,0,1619
0x498516be1AE2E90251B1A3D30Dd71902480a9Be0,0,1620
0x4CFe3b7e673C494ac477936E6176c0c317e8991e,0,1621
0x6D18051DA60BFb30c31D2415d99107c1bEaF40EC,0,1622
0xc2D0D29bDb75355cC82971c6533DA8Ca52d91a9D,0,1623
0xA5E7cF60489FCd1eAe798c6D7e7652e57d30EE5C,0,1624
0x5Dec21fC76898B15d492D66Bdd2C6546d7ADD517,0,1625
0x1e9E303a52ddd65AC9a4E773DF672b45A8137c76,0,1626
0x1DBa0F57dd9A631edD6427a15e138cF32de42368,0,1627
0xaabeF3445273dEE00e565027e9d2935945516C8E,0,1628
0x94C70B79A47F4aFA04AeA31eaeF0BF86FB17B016,0,1629
0x76bB538C8cf8ED4141E98ad013eC99b7784E39fC,0,1630
0xF49d977bfbAfB3EcFc322DBf66712D824a6758E6,0,1631
0xc59403a7207A19E3D9766ed320142BEd6a47b141,0,1632
0xC0F712040A66a18590f6cE8B353B7a5bd51b944A,0,1633
0x6d858eE810b3523dd1270430fC3F9ea713bc5FA0,0,1634
0x3EB2e840111cFc6b8Ae4858469f563FFa61f94F7,0,1635
0xd639412630c49D25AeA911Cf81489e0E50D97c01,0,1636
0x99f34F98f5460EA73b61Cc531CC78197eEac8756,0,1637
0xb8369d7282C510A7fdfF2377733315F9c8aFB8f9,0,1638
0x6a5D1CF2cd99d662C04Ebfb0e7F6EA869a64802a,0,1639
0x83EcA1B148EA8da45fF8BB39a20BB7d881500554,0,1640
0xF78923e1AB1D0a65749bb76afb665E96304F539b,0,1641
0x30B9fb405046d82C0485E0313327342234A928c7,0,1642
0x5f62F196f0e64C5584Ef51FccF2a6DAdbeF13F1c,0,1643
0x9991A5d2cd12449ab45BFd9d1528Ecaf75Bb3134,0,1644
0x4262d526138B4e1B0EFbb0573650268e73d03a1D,0,1645
0xdABbF95caba4DD52E1D6813f9E06778C3054695E,0,1646
0x44EF4A3792aBCEC29eAb71EFB72F00b16401110E,0,1647
0xf27F938047b791BbaC5a6ca0cb12363dE92F32E7,0,1648
0xd272d720D1D2f102Bb869EE2BC5015a8E58b23a3,0,1649
0x7609b67831c154B0d451cdD31a2b58555f36d736,0,1650
0x59F08B4F823495d732AaD8B725E5e650CCE83F2a,0,1651
0x36cb938f8dAe293bb848e68E4A5795398dCa34b3,0,1652
0xc807A17E3eA1f17008973DD7442bAAEDE84B36e5,0,1653
0xc7dD7eD64FaD176Ae1b5D0e3be1eA9FD36c9ADaa,0,1654
0xc6caF02F9cbF58d9c77d1c4E20bb80a0f107a0aa,0,1655
0xD0a5E3b87321AC68B3849dF1D757d97eeeBA6768,0,1656
0x2Adcbd43E797A183317DA7Ce1E4aE9a376c8CbF3,0,1657
0xcc1b0A90c83E13ad9Fd5fDE0F88149F5d139881A,0,1658
0x9b21359324A2bfe4DcCC1F5C0A4c3Be0a9629300,0,1659
0x0e59aDCC6D3a1962893fD5E43D2aAe4769f035E6,0,1660
0x780E504e6931d7b31C6CfCfA162AB480ecBF4750,0,1661
0x71CAFd6a188102fc98bC58af6D962E45Cc87B103,0,1662
0x008E6e7Ef5d74cb6C5165880bBefb223C2f6C3b7,0,1663
0x1455595777ba138175E8Eaf2818a835Aa2367d60,0,1664
0x83d1F849d9d791ca67a32358A765633Ba0C48058,0,1665
0x9B3f7D9585CD16217260667781F2F323546E4f1A,0,1666
0x833E20Dca5E05d2807DF256dFcC3cDb230FA830B,0,1667
0x391b64c77B0068Dc6120aE942BC2BE52ca9Df953,0,1668
0x2d8D2cE887872bF360eed39854067ea29070fF42,0,1669
0xf0B66E0f28d7b7107AEb0b2e0B10f040Ab90829d,0,1670
0x5234E98042ea9076a2eecA05c58935fB7145D0E4,0,1671
0x450a2e86c73C3b9C964c54ff6735a1b6aDE2Fb71,0,1672
0x55643D5F93Ce1BBEa0a2F85B313945caCB050D55,0,1673
0xFCB1E4248587eb9D1a7A24850D6912814D9e7F72,0,1674
0x8fde60F81dBad90ce443bd800659F43F71F34359,0,1675
0x60bA6636D2c81Ee6718DA4De33377f008f62365f,0,1676
0x7C302a79B2F30d5AfACCe2d32417bAe89147be98,0,1677
0xF25Da379DFf5902bDa1ea913D8B230Fef6819a65,0,1678
0xbbEcc9f1861f8211aadf2bEf8097fd62Efce4932,0,1679
0x13a6ebcba315d895FF8673f3165CD795EC8c71cB,0,1680
0x9Fc34E2a112E98963Dc2393FD74C7b3194a60338,0,1681
0x65A2441c8B18d4687C84335ffb35E59D1dE0D4CC,0,1682
0xcFea4f828766Ba31fE06E28e4947713345dcD55C,0,1683
0xf9662cE88F0a1F2f6b49876b54Dde346b555BFf8,0,1684
0x0c1d5891B3bf50F998d2B81B397FbBCA5a255171,0,1685
0x3c7204734Db5aed2248185e8fa125e76FA05f667,0,1686
0x3fD1c5786D9Fc492f972c575969B59b3675a497a,0,1687
0xe5d84e29236e044097B8805e6EE6E78458a910f5,0,1688
0x1664aCa7D52A2aedE7bd4180eff57ec70476f3C3,0,1689
0xCac1AC78c019DD85815fBB812aba3e92be63A601,0,1690
0xF017FBc2368464222bc1B51280e63cAE753E0f98,0,1691
0xcaa987c81726f7e425cf5C23E6353bfB82C3e759,0,1692
0x5B5906459c971C977F9CBd733b6e27aEb27156E0,0,1693
0x073a0A886cE539171d9c9d1Ace54e5B4056DC1AF,0,1694
0xda20B8BC9D7C1a1f7D3AeFcA32c2988f45f30FB9,0,1695
0x12645454eea8735513F84818F6b385C72fCBC40F,0,1696
0x2B62364c69d8295713D5F27235a6967fb289fd67,0,1697
0x700ff02FCB0C640f18188F0D213C55860f2ffb5c,0,1698
0x51851Fc1aA3D1Ff2cb9e5dFA3ce040EB6d4630db,0,1699
0x1b3ba78E37dcf230F43033F9a29E2dEbA6ba83f6,0,1700
0xC06eae4E93157EA98E28a9b2b64F6a73C6b2503F,0,2401
0xF4B85794e42101eBa44A4d68B77691A2EE3A62e5,0,2402
0xFD3679edf88B10D00Ea777DeE634bc828E61a01E,0,2403
0x37BB399AC3376104c69b5cB8A755EFD4421aEaf2,0,2404
0x9Db601d004cF258E23E675F6Bd1912b917243639,0,2405
0xEfA27B5e0be51058aBFc3A832d56FD1829201de2,0,2406
0x0a5Ba91Efde84d676426EE908209c738507d0B0a,0,2407
0x6B7a57006443f3581c9C63044041b3DEef8F3403,0,2408
0x36EfDCaCD9396750646FFC5C5Be51aAe14f55CdD,0,2409
0x91360A5514E6e612F443F0D4B86d3B2A432c116E,0,2410
0x4bbC2eB1b3E518241A1D2493B587310ED61718e5,0,2411
0xb375505F402fdb0D4dA42b122C3Aa7e37FE77998,0,2412
0xa22264C32F63d91344fC8B6B55E54E2439fcA35f,0,2413
0xA79fE268b3C535787406a6Bb150cbD95C3548aFB,0,2414
0xf3f7B817b422620e9A3519029F3691186B309E1b,0,2415
0x63E5cBcD908F38670E2FCE97704d180E38AAAf04,0,2416
0x95C5C79BbAD33706B20618046B11eC1fC41B9060,0,2417
0xDD8AEc5E24753E8652dE1ab156cE86272ec346A6,0,2418
0xcf11C7298B21156A7d24054CE3Cc340EadfcA08A,0,2419
0x03a72EA81EDD6eb1DE7c2b1ccdBfF94386C2f7d9,0,2420
0xf3106684e6c1C264598f673514E51551F1A8a458,0,2421
0x0B608E5304fDa7EEa535330D3352A42d0c1dFCA9,0,2422
0xE57EEE0EB375485A6C7aD723D53eC2165F13df51,0,2423
0x0cD93078073384294D33054582F4851e2657Ca49,0,2424
0x4b3E75443AfD1Ffde86b113caa4979F2a1d653eE,0,2425
0xa466b34b935337D5f45d8aD1fC7cbdd5A6722B4f,0,2426
0x4Ff0527D5618dA405C860d83aE70fa18e87E08f8,0,2427
0x494d8B7843DD297aC27F8ac42295382Dcd0fe565,0,2428
0xF6662A61bC83FE0fFA6909ac3dBdC812B30a3d66,0,2429
0x30850bBf7F9b8CB9Fd1d3123c3e44Eed58879117,0,2430
0xfe85291E72A31a841820e6f507189e4a0DD76Bf4,0,2431
0x96a8aFD39FA4b72a39fF196B70d9dF3E75AB8377,0,2432
0xFAC67ADb154102EFE0eAC513250f3eB54c302516,0,2433
0x306012f50e19eE08Fc52472e31D6c0110F976e4e,0,2434
0x598DA0d46184B3e99662b5cB0CF44fdEF7f94602,0,2435
0xACe2E4346B21f3f52D9ED612c8F1431Ce75143dd,0,2436
0x7369d24AE9Fe9E92BE904e3cdEffDd0da8703335,0,2437
0x28592268D359757CFc18b5486809F6785D75F4FE,0,2438
0x79E0701b1E68008E036aE48B93d11cD246F74A92,0,2439
0xB521D904057072efA96E1aeaeec88cf76025b947,0,2440
0x4a45CB9321F5E278DCA8B3BFdc62be13d9B7Dfac,0,2441
0xaF93D9aB8F0E4A6AB9BB8c0477949CA5e2BCc1A3,0,2442
0xE6Fdb114B850538A07687A88C1aB9cC2f4e44600,0,2443
0xb327e50c599F36643a3870152f5feA0967eCAc72,0,2444
0x71d382b62Cb9B850106E0EeE2bCBfF6F5C465Eae,0,2445
0x14Cf25A3ee3f5C1E8ce04477CF07C71CFE971Ee5,0,2446
0xeAD89F8Fe42f6255c76fdA07447e384eD632eF41,0,2447
0xb864B2CBa68F54bB23d77cd42690bf2263b16695,0,2448
0xAE138aE3EBC28e211D26dd4E85058Ef10789B1ac,0,2449
0xdb0D21444889eC1b28E1b435f9D896595d678ca1,0,2450
0x9F2e6cBAf305f5FB4e145c59d583b528A8A01D46,0,2451
0xd099BE23610115581522F9FEa98E0D460bae6358,0,2452
0x8E80E9471189f1977513654cD02408718C82584A,0,2453
0xe02d53b3eB0DEC41Ab72805fBB41DBa0CCC6Df62,0,2454
0x2e6CB6166E11b2603156d5cfe7103c3b6D4cB7EF,0,2455
0xACB71E76aaF16e79C9ab42de06459413153bBc86,0,2456
0xe19a9a6375f59b809eF46D251827097C80e6F76e,0,2457
0x0D4C43CFC3E15E2c00AC1d5304a3BBF8b5527c93,0,2458
0xbb6348e57898486bA1870ba8E4331518AA762980,0,2459
0x35a016a47aEc63A6ecB272a9cc039Ca57664081C,0,2460
0x960436bEA06380FfA8d7f5902f97EBfEA0b91b62,0,2461
0x7905fd50904005FB15E089F336Ba05D7a46e0cEA,0,2462
0x58C4527C1210473bE1850965FfE9b84A1A347542,0,2463
0x72C61B2496EE00591D50C49Ee1375588eAA888D0,0,2464
0x9e514A22dC9d025065c313053B5026878a51E4e3,0,2465
0x412AD5cb6cB573EB087BA07562BB54308897781E,0,2466
0x878E4dDAF97d25F480f263D80B290B70aDf77b97,0,2467
0xcbD8EF5DD5Ae102CCD4F98cB93265219d41BEc22,0,2468
0xF2B84fb7CD94aF2c56B2707D56e16aB1386c11A9,0,2469
0xd28919c68A2e4f962df7A0d33779f0a54275F95d,0,2470
0xd5A26dd015ABfD39b0E043976Fd4D8D1E1eb0254,0,2471
0x76660E098a3b9B47E842c34e237e8d9E12C56049,0,2472
0x0e738DE2a9DdDE8Dd8D63aDbdC04C26435b3Ca77,0,2473
0xEA02F4Cb054511F7B18BE2b14E6c3E790C0Bc793,0,2474
0xB4A8Ad92d49A1446B742688e3B89c9dD4DA2F471,0,2475
0xfFed77681eB4b5f3A68917BEf1904c2cEd8C32C1,0,2476
0x9D6bC655478af3EC31240a5c2335759cC2BdC694,0,2477
0x8F0478E9a2713F03C54B56A940F56d4B01e54b1b,0,2478
0x9b974756ea529BbCE490abd959B73bBa67eCe9fC,0,2479
0xd6655B84fAA158a02968ab35D9D2C67C6AaF6f91,0,2480
0x675ae8018DDA092d625235e016ce4581adDf0955,0,2481
0xb31825792e5C165903dA8a66824697d01b18bac0,0,2482
0x48A21497C512BF7C2cc8a5C2Ce79C2F82A4E8D02,0,2483
0x61C1c0E63F0A7e68387FeCC609E5c6174c259a71,0,2484
0xBCD34590758a11D60FA74563222560D1a09DeA72,0,2485
0x9001865988999DE4b4eCc77FE09c9011b1Ee6947,0,2486
0x9Dffc4932257Ab2617d25256Bb3E4199748a486c,0,2487
0xB64aefe255D4c54A85b455358fa403959fd52eb3,0,2488
0x5d8835D3469B32f0b8C5d816f85B55d60559ECfd,0,2489
0x2BD27BbA981C1796de9fA7D5C0a8345957781564,0,2490
0x93C568F71ead13e1afC2d4a8957639F8F1aA9d1d,0,2491
0xEcB4E5e0509B8a4032704DF2925801D9639fc7CA,0,2492
0xd9a3f5736B59097eA77119924BF38ccE8763c70d,0,2493
0x8bf6dF3C442741641dE8d942cb21D98d7Ee454a5,0,2494
0xB7115d232d3Bd23c6aB4Eac9258C4DC504D5f527,0,2495
0x0BeA25039c477E1cCD12624a06dB4a2293b6DA0b,0,2496
0x5aD68C9A3C8BdeaBC622EE5185fdcd015761D66D,0,2497
0xA098fCb47c51bAd8712B4FF613e46FA0E1A2eB2f,0,2498
0x25ED54793df0580665Fe5D0825Ef17F532d1e8B5,0,2499
0xBa7371b69f5247D08477CFdC201BaB6b3BfcE5ee,0,2500
0x928aD42687877d4A2Feb6D0356eda10D483B758C,0,3401
0x80464448009e0069f0c2CF80B945b5ea48d61b4C,0,3402
0xA34635Fc3d7994EB2B5228fe38CbC09b5453b134,0,3403
0xaaF7280Bd7B021c40aD8DD052F029baA2F667541,0,3404
0x23fE8908570db28B743a0b697c5a61Cda3c33b2d,0,3405
0x2bdE5EA6D2E2D9d2a04a1a1BE89c0259231AB7ab,0,3406
0xc688620624Da17F79e9A2150Ff00C8Ffd72F8c0C,0,3407
0x00fC77e20177d6cA39e1daDbDedD401A0B526D5E,0,3408
0xd4b2e3E8672631F108d5492346BB09163679729D,0,3409
0xf62cfCB2932f16637Bcdd31beBDc0844150F39a9,0,3410
0xf62261c41ef5125abdaE1F68625f566F8F9051c0,0,3411
0x06702B3c89fA4dA62B0EE8Ca366E9b2e9D0c832d,0,3412
0xABa7CcA135BA12E721a5B8fa2a7bA794b12ECf74,0,3413
0xF5A6349554CC7A814E2CfFa0C8631E7Ab24e829b,0,3414
0x0aE54eA2f7C54D8964ff849429d9fE3560fbccb7,0,3415
0xc885a265D11582C2ec4ca14B5Ce0a40a28f94cE2,0,3416
0xec11259f92Cd2a91BAE8Af564AB5Cf70D1a68AFA,0,3417
0x198B2b59b1674415Cf4B6778Eb9C8521012770E3,0,3418
0x15F227750680060484D09e32A39740e32eDA0783,0,3419
0xc5602AA8030DBA92D841E1A6080ec0127FAABc53,0,3420
0x574f5C4e302a5858e50Bfbb8823617B7089fCCA0,0,3421
0x4BB982cE65b6098f4aF199A1a2e867Cac933fc58,0,3422
0x088B59269Af8486f213037E8c0Ff75a58afF0095,0,3423
0x02c42F776963321d4ce9aE8FD63354eFc244B76b,0,3424
0xbFEFd6AF63225849E18CA0C8906dcdC47a485acE,0,3425
0x665a04B28E209B106a29fb8409ED7B3B35f6a52F,0,3426
0x862abBcd7De1c004d85ce6D1690daBbc588Ac851,0,3427
0x0D4b2e44618E72b9e23722C434271B2345Cd33D0,0,3428
0x6826D9D203f0efDDA76f8b42272f3789FC2d5982,0,3429
0x5b6e9Fb2813bB28a5fc3dD9e94ef0AEF6d06085b,0,3430
0x58A7a34E77406f1EC451f67Dcfe6F7d0CD663d0A,0,3431
0x33fa288F37C0038546EE9D1D5084eaA06C593300,0,3432
0x48DFAFDEc884D723DABFA3c5677e39D2a10D5f0d,0,3433
0xb7C4eb601F230DA8669feaE5EB147853501b30B6,0,3434
0x86174Dd99100E679975ECdA44ad4D5AA5c45f894,0,3435
0x2b152BfE37dF944a4339EE8884C23C90327Def6f,0,3436
0xBD2e3f5290C2a85f5F192FCFD0E484Ab91230669,0,3437
0xbaEa2C4f08D12c3e01Eb50Ab70b115Aa8c7dA2dB,0,3438
0xe189d1fB08c067A2BD52D3CB48F6b88B325a8cFF,0,3439
0x8bF26233842E1b7820437c8FaA004fdd118A9471,0,3440
0xcF72967c4024d6309684C2e615E05ac79f5f96aD,0,3441
0xbdBaf34B764aF1f35EA18fF5f41D2608E66FD7D5,0,3442
0x072B473A3ad70486B5650Ea2005f42FD901fe231,0,3443
0xCD97391bDA55ddcD04E4C746B0BABCE2cf028F61,0,3444
0xe88643137f6e7314F3541F1da75ba5D8e6897d97,0,3445
0x43ec259d65FBaf39dA23397286595c5F952f23B8,0,3446
0xe92deD3739B080bff9F55A619199Ab5434369Ad8,0,3447
0x83F84E4C3E08b914a4D8d236b48674d7306cCeD3,0,3448
0x354a3B82fea8d6817463FB3e62b3Cb9180422606,0,3449
0x7e3335de75FEDd2C0769d3095d472aEb08b52425,0,3450
0xdf1e51700fe803F947501D1945772812bcdcC4Cb,0,3451
0x9c59F2C851deC506De891Db2Ac0cE707A56E21f9,0,3452
0xEE6434f849155b3337685CbF5430c7b491f63a78,0,3453
0x58b2B7532830ea35d864A14F36991D1e772Dc5A2,0,3454
0x61FD6e20eEdBc3dC3afB7dF5193F5685Da09a594,0,3455
0x8dFd4f5ED2eC06B92895F85580B5C4a48A729Ec5,0,3456
0x86AEe8266c8Cf98c5705C529CF72E92F087b7983,0,3457
0xe2932E14B1D5124204dB44Dd702A4AB0A87cB5c2,0,3458
0x01509310dBD76c01853fEBA7f5572f270cEdeD5E,0,3459
0x768806939C29Fda798D9dacc466Bf04cf32d5054,0,3460
0x7554517B88B1eEe306f1e0972dF391B7c815158d,0,3461
0xD2a285E46d689074Fd0d3cf32876DCBb42591CA0,0,3462
0x32dB30C24BB0b929d9bf1FB9fe9D1295Ce59C66b,0,3463
0xE666edf465938F734029203D79fED6538B05fbb0,0,3464
0x8a909C39655d784B2c856F6C45b2E043aecc9c63,0,3465
0xEC205e47F37163337FD8E86d8C9506aA90E240F9,0,3466
0x5Fcc727916DD5b01C66C38Fba311738683DEe942,0,3467
0x43152Fb6D54A32239991D78E26A27A629a543646,0,3468
0xD18bab1E477CaE6AdB832E328FBAA4A4DcAA8035,0,3469
0xaD2E7915dE6E18af987ee9bC071CaEd362C9B899,0,3470
0x1E674E71d28b735D16d019b7aB406ec92DC3Ec78,0,3471
0x44A8F3A6F0F0383Fb2eC10Fb6D5A8122BB1cE7f4,0,3472
0xe4391d389AB8b729Fece7A1130b296190d2aF9b3,0,3473
0x621C4De758fA9d33498De5f2b620685F6D9F39b1,0,3474
0x878108FE17f217450b2F3C7724A95C5F95bCe660,0,3475
0xb9548cF209943a1b821C4f2b63869382069435D0,0,3476
0x4Bb4AFbbfc58A41aB2DD181b3d006a1c02f6845E,0,3477
0xC07AF77e85B6Ef8C990bCDcFeF08800A7198C420,0,3478
0x04AC5ebEEdF174B50aE665C97A162A4e69b26cE9,0,3479
0x7096fA08204a92234Be982B5e2b7DdEA313c48F0,0,3480
0x0d95f2f4dd8285148e1eaB51AFf44Bff27D52DF7,0,3481
0xb37AEE786d925B9f71049006789d0649294C9F62,0,3482
0x121C49Bf73E9C3bD2e2808F6A8563507eB0DEBF4,0,3483
0xf0142f27cb1AEabcf3b6B0c879028e51272A7A3d,0,3484
0x884b4A83bbcF03e885eedEe01a1d4C51f77540D2,0,3485
0x09cdaeBE576f7017db32Eb91011Eb58733d7d98D,0,3486
0x8AEB6CaF9414da060DBB4625f6115cAe120daC98,0,3487
0xCc6BA5bd4bab0F0c5bb4B926bD6de2572443d260,0,3488
0x1215EA181854b1e6Dc632F05649E44bDf1Fe42eB,0,3489
0xA8DB144498F16A6C095705745139669473f689b7,0,3490
0xAfB550c201446D1cba4f2eF6e8568cEdDB3c14e4,0,3491
0x554d23BCd9a8A43DBa6AE1c8d68A191944bDD2ca,0,3492
0x7EB65595D5cF5119240ccDfA7E6CAd646cc6C08b,0,3493
0xcfFce51c1de75910eB79B22F4fCB4a7dC3bD0640,0,3494
0x5e65A1Da96Ec300Bf9eAe11D1f32eAC75D692a26,0,3495
0xfFA853B5bf6505F40Fb3c558181A7A656784883a,0,3496
0x56F6034a5acfA8386956d947b836014a0d9111bE,0,3497
0x81AeE99b309386988f30e9C1c7270A765D2B7b5D,0,3498
0x5327D22C7771131EFcBB9e7BfdDc13eb94eAAb55,0,3499
0xF3a276238115960487949430707D10C923CD4d8c,0,3500
0x484FE0d863c52838A132C0f6E88337F9853D38C8,0,4401
0xd91792cc1164F2efF46a6475cbFcCF51108dD000,0,4402
0x964b9e11A4bfe46929c748B77FB4DEbA6c9C4b6b,0,4403
0x56Df414659Ec7A34DCDBa66D06F6aF2e6c39dCb1,0,4404
0xe9F45FaD81Fc6aACE52ed5512557766269Dbc07F,0,4405
0x00aa552f9755932DDbC10d645A88d4731D5A4420,0,4406
0x300a706F0873857Ce12FFC4feE7D81A53dff077c,0,4407
0x1Deb172b7e83961a07169A205E0178b7159c524f,0,4408
0x0029b067630c7496463F3545d1e3FcE63F1b9aa6,0,4409
0x49566519d4449447dB58D1485a7694fAC4ca098b,0,4410
0x1d5a5a85Bfc7c20B1d87A33AB3DbB8AD9fE4475b,0,4411
0x1A5DD7AD282337bC63c1276EF1005E2E70e3fceb,0,4412
0x6f573c9c33eB9966B3D2B81A61182b2642282e65,0,4413
0x189A1259c51343e1D370876356E4f8A88Fd382Ca,0,4414
0xA71fc39341Cc65314a2649158a2cFB80143766Dc,0,4415
0x531B2bF45B8377Fe57194614CD1091D25ab48cc0,0,4416
0x5451A0491cBa16142efe8B4EF53555286EDDec6c,0,4417
0xC01C713E1A0E071Acd11a927e2b5489a374064cc,0,4418
0xa2093153ab70277A8b5EA8147591CE70322D9D13,0,4419
0x6835ca3f3600c7d7f6c58B8ECA4C3B1dB0047b06,0,4420
0xAf54ADdf89FDeC10ff0068FF99495a796EDE7364,0,4421
0x0c503F1e36aB4855c5852E03aebbA3Fc4dfd3979,0,4422
0x31EE360FaC9fC64126D0Ea8D24445907c0960Eb9,0,4423
0xe5f17273E5dE9476c62564098a53a33c96136863,0,4424
0x6507dA0A06934305fD14C85Ff6Dd5851F694A489,0,4425
0x6A2CA7d0Aa08616B7774cF7E968a6634C4b37BB7,0,4426
0x333eBC9C957bcd082f253bbEAd4c1B53EE4ba191,0,4427
0xb3AE62aaE2510A07c14D4Bc53F59c21C4BB4219E,0,4428
0x9764f8ba0074B651b3EB3C8FBFDD4d6853702e57,0,4429
0xFb3D55CDF05599CeC024eEe4dd3682DB6785e177,0,4430
0xB1bA88F4a3c8d1B061EFe26fdE3ce3F0C4B4024d,0,4431
0xA9798f6983d7de81737fB76E84A0489B46b33695,0,4432
0x380038Bb136B615B530908689b596DD92e7C83e3,0,4433
0xA5bB4bdF134e52057257a4B510AB6CAFDc4B5629,0,4434
0xA158130D5B7B283cF335224234E0e6a3A8fe7291,0,4435
0xeEC099e1e4435C8fD722284F43971495D8E77604,0,4436
0xF0752568520ac230a4FcaDe40eae172ac86b050c,0,4437
0x27652c2B4a27302f91473F955A88d2A3F378aDFD,0,4438
0x51F3Fe3c839E73ceFcCe38dA3b39f1d078F85566,0,4439
0x1C37BfA0C917424feb2356ff2b838d51A3D7365A,0,4440
0xB381494DF223F9A45398a52928E0F30110F27E09,0,4441
0x858C50b0264966CaAc2AaAdB62Bb380CA24Ed563,0,4442
0x180B7BE0956E5e249d2A91e9555285D32a019066,0,4443
0xB82fbfd1fb4956cc8bD1A1970734Ee03ca3b727d,0,4444
0x94a069dAe21BdC577c6b09848b47E4EF6b7D8C12,0,4445
0x205858eA69De8aFDD350098df74C1B2A9f982732,0,4446
0xD9C8A6169EE7157a2D631d60F653014C1C7E406E,0,4447
0xD7E40393A6418158c02e23c0E3B42586C81B9F11,0,4448
0x397e837C2Bef145169661DcE5b25790D8e5d60e2,0,4449
0x988ACB1Be3e52d1370a2D404B177C1e50A80bB6c,0,4450
0x988e34673d163674aB787DBC79B6E9D2022Ed07f,0,4451
0x3672D6821B2B4516a6EA3d12E1962025CAAe8679,0,4452
0x6CDddAE7202B9aa363dEd3afe40D6c3732D6C123,0,4453
0x67D2D687A8e7148c1f519C741b5d61c4a2830434,0,4454
0xE1a8cC480153cA448bfEff526f6F2F9060c47a6b,0,4455
0xCA5e410411654a954bA7AAe3ACbC0B89bA6a46CE,0,4456
0x4AfcF045Be1DC85F43764f5dA4DaC66eBBFabEa5,0,4457
0x20843C118EeD1Ef11DFE1AE66c58b3Bd20c09D9C,0,4458
0xcD09e22533E3bf14440761c1a0b27D6401293fEB,0,4459
0x46Babf7C228aD598CBc65f32c36111c7FB5d3198,0,4460
0x10F3d2e31a91e5C40D748fa20a581d8Af88aCCf2,0,4461
0xbfDCfb5e13a39A18103DcFb1b423d2082D9bB83a,0,4462
0xdcCAefA1AbD89d8B9f4E9aA4E941C0648D2fc4E7,0,4463
0x7b68Ccfacec5EBa64592e3800471EBb66346F639,0,4464
0xed2D1824F89Ec76734d5A33e8EC36B399A514928,0,4465
0xC74e161235b367E22135a3ca3878Ec5967Ac0221,0,4466
0x7639398019fB302a67c6D86BbdD4D493F9253200,0,4467
0x5f0D0d022CFDD8DEf322A62bfeE400809042fE8b,0,4468
0xf4d8A8467892154B8Dd6065D6F86F01e9E18bC0a,0,4469
0x0afC0A0873c34F3e4fA9157a2d27fC7D842EC882,0,4470
0x7A335c8E17A512ee962A02dc63605004012Ccc38,0,4471
0xA075bc17E8C2b981dB363fa31ca628dadAD0DAF2,0,4472
0x99F2DA1be8a3eF7facF83bf6Cea4dd92246f05eE,0,4473
0xBA3852d479c541da1bCA1d067450e8ceED2dE72F,0,4474
0x6E3413CAe948B62Fe6E62E206e76D95a7384C37c,0,4475
0xB36d71E2F099a975E608Bc23485e714cbd777023,0,4476
0x98700DF6AE44694d2a9EC2990ECA70A436D6B4B3,0,4477
0xAD9C7eD3D3e2bd446bEd525cA39E0C7d60474db5,0,4478
0x453448d17b8FE6D376f14c6055bf018C05F350ff,0,4479
0x8a2C2B16e6B063ab47E3b36B42916f008Efd8D54,0,4480
0x28ffdCf52AB4F94ECA74a655F38fe9f51B430784,0,4481
0xd3230bbbF890BF0F2b8489DF3991517336256FD9,0,4482
0x59de561EE8D85d560Da117218A14AD779d44F86B,0,4483
0x284D74643fE18F5818258F9a0B2d43cE7A91f426,0,4484
0x3657c2c0F652939Db4DE0107B8507F65385Ed65b,0,4485
0xf1f011f223Ab80a71B8A02E294EC9c9353f0bDE9,0,4486
0xFD8DC3513bB19DC502D07f9bCd88c243450dD563,0,4487
0x244c9e2edc7d2F7C1C7C9c74A18e250D1cb582F5,0,4488
0xcDa6432F509df991424c4192440E99baFd6Ecf48,0,4489
0xfAe0Cb54aB48A9479B27959d6dCdbb2Df5a39394,0,4490
0xC2728D6B2315e106543150A6F447Fd188360cAfF,0,4491
0x6d8A6d3E5fBC4D1ac63Cc77766FE7B4c76AF5C5b,0,4492
0x82a9a88DA99f9366f0987F226daAf7bd06Bd7cC4,0,4493
0xDC329A4aB73E29b95d7a2c759a3Bcaf70c3163d8,0,4494
0x3106b00C1F4e7b821Ab77D0D6d180a16BEecf3E9,0,4495
0x7f64AE0D3d4FBDeA5a72307F13c4098Ed2D1d38A,0,4496
0xE519A66e0Fee522Feea259BD4017b80d025B9C23,0,4497
0x9540F41934Ec2b109c847991d0F814072b781905,0,4498
0x0093FE4C8ED552abe5CDa01b6eb7ed5ADd58F0f1,0,4499
0x1069bB93BF9eD55173106bE7E72aEa884ECa102A,0,4500
0xf6102774a6B9EB1f9e8de71cdB79c937c8a8940d,0,5401
0x03b10EC9B515c78B803De7C6797382223B92a153,0,5402
0x5557fD722384c091feae16963368985F72d3d11A,0,5403
0x3E4130d93AC50C07B94B0AdD0cF16BCe2758849B,0,5404
0x4E618a34f3f8516C6C43C36F40aFB51713e3C55d,0,5405
0x608453f84E6F07e5CDC9DB9901563f5EC3C45Fbd,0,5406
0x49baABBd05EedFAeF1f0731f56542587898209bC,0,5407
0x6dCB199d3edeF7FEEC99cF6758602Bd88aBcEB9E,0,5408
0xa6a95477347CE8bfa674C2324a03B011d59918eb,0,5409
0x604Bf8471f429C1D0bdd2b44a163633c6AEE8401,0,5410
0x8B59B8eB1Df1B0926511F8b5214402702ca9dE2F,0,5411
0x8842a3C371AFa47C204c62cB6dD792282bA61Be9,0,5412
0xFfAB70b34D006b6B5818c6191Dc3fD34Fb04A183,0,5413
0xF6AfCfb16469c3B83528d9Ef06b955420BD7FFeC,0,5414
0x634fD81322E09302fa8a537e5c7324Ae7F1C4B7A,0,5415
0x648aF8Bed27096024B0931eBb77b681c543dDFDd,0,5416
0x1B0424C3084c827e71D9219E3eCF7cF0DB284c32,0,5417
0xA81757feCe449Cb3Ea369979a925e96D09f2b8F1,0,5418
0x228bF56ba5A998CA2CBC21e4BcC536a4be4036AA,0,5419
0x985A9f131f0a1B7c8384a3cb9aD4CA1B91cD8B99,0,5420
0x5C1d648325126b6f84121F022F42D530dB3cF378,0,5421
0x38d3852f5a26796316f8AAAEea68c0094637E852,0,5422
0x708F11baaa9465f8a17eCF1FFF867d0e4d7273D5,0,5423
0xeA1ea014d250b44A5117956629cB2bf0D3b54c71,0,5424
0x01d27722219e4fc67DcC0736BDdce8763773cc38,0,5425
0x7F7Eb8868A1895b203CE8cb5811B4Bfb70EB9e93,0,5426
0xc2ed8a9548c7808547E6EdCb3cFf8eE507BC7666,0,5427
0xa69e873DB252aA2b0fc10d4498E3cfb543C6449f,0,5428
0xA5b36264C5e3A8232251fb4de384F7bfe9Af084b,0,5429
0xBD07bab6Ab736AE04192B638733336FA88cA0820,0,5430
0x74FE56970284725Eb2538D5BB6aF9654825Fa89F,0,5431
0xcD38d350462F30F7259527dA7e9Fc0216C71ebe0,0,5432
0x0E60F895a1b0BE240a752A90378aaa698F0B4d86,0,5433
0xB3F688D73d8c144070785609ab59A2fe59F0b43A,0,5434
0x2EFC6C2Ea06E34F0b19409724CECe1a6407c318f,0,5435
0xf1AD1984277f027D55f494a437C1C64d7722Ffc7,0,5436
0xCBc708D14CDF40DD42c5637a8BB229057eD311aa,0,5437
0x2517A40111810a88b471208e03c2729BfFbfc91b,0,5438
0x2473A1B0167a8E832E4e5FC8240Db13f134a02e7,0,5439
0x841Fd1125cF4908431A26C9e63a2bA7B8D4E6939,0,5440
0x3BF8D50344fd9687c5C8F98DE14284aF7B16082a,0,5441
0x2fEd9DFb9511e7A504F0F2351d2c1ED6661F7758,0,5442
0x5b03Defc8803922459ba0E0Ec73c27135a3dD1b0,0,5443
0xF04f3387cFA5287e83BAd7E23588B9bD406a1c19,0,5444
0xe1535D5EF57dEa242dd1d454843F6cf73E156Dd2,0,5445
0x9FBeCF23c3b6A3c8e55B7451157A8B2F56A2FedA,0,5446
0xc42da3e7e7faDa90233B59f802779D0B0aDc9a4F,0,5447
0xAB48872A2C234a37806C80563d1b983DBAD384dE,0,5448
0x1c4Cc7FA555593a22e90CD8775DBFe25dF7E6465,0,5449
0xe62E2E83E937651Cb5e99575CC047dAD06C50f73,0,5450
0x7bEcc7AE1Bc4c5D54952E3fBF2121a110fF2f61d,0,5451
0xB6c4553e79aB698b5A0811168FD8Cbfd516de0E4,0,5452
0x51861602b39aa5Bbb0eC88440FB2eBA835480053,0,5453
0x53F590af396Edb9dF22FB8e90268dDD584bB413b,0,5454
0xC097b022c9eCAA1629E992DBFf3248d27E14B8D7,0,5455
0x66E57794c6EF852faDE3F6F3898B664c3d3c4A91,0,5456
0x30C934778F5a6E4E1fE7eE898c55DC7A2e1E08BD,0,5457
0x6e81174a60bA038ceEB47AbEc647d70Ca70881Ab,0,5458
0x957661cF711e22C6b2D4F74Fe567574a0D2A021c,0,5459
0x111ECE669E5aC07FdE1BE542CF2539F3e26CE8CB,0,5460
0x04E2aFD5b3758C886FDed31F1F029E19237377B3,0,5461
0x32523B578FC9164B2406C9d0544dEF697f7125Cb,0,5462
0xBC62cd52a3aEA1867B6673D59CfE805A03A8214f,0,5463
0xED7b03a942040d32255c3AacaD417c98A7B23d4c,0,5464
0x62Eb8446B64089004EAF77fC6356aFD32107621f,0,5465
0xAB869aDDaaA862DF3603bA43FF3D78fCbfD2Bac6,0,5466
0x89768c74ACec391383db05643596aBA6d7DBdda4,0,5467
0x0Da9c4aF3Fa501dB4C0320F201034bA3bEf6CE22,0,5468
0x7bd6a48Aa753789c0472652D07f48983E3Af3666,0,5469
0x1D2FCEb0733A5c2FC4Ac73995f103ab6c7ee0EF3,0,5470
0x56170e44DA2aCFBAE31B1Ba2D32a9C96a41Fe0FA,0,5471
0xbD4542f454c0dD74E590c39b8D2039f68F8bD1CD,0,5472
0x9720e6a88C09e41Ff6B1C52eBfBa0832d91Cf3b2,0,5473
0xC63197B7F5E19B55933ac0C9AaFC374A70B3bB30,0,5474
0x1DBE70911Ab3d64d67552313219E03C700c95c28,0,5475
0xD2e9087078204F430cC44E43EF5dCd5053CA9C23,0,5476
0xcF3A59ceB537ef3f03576D5fA0963383AcB7b64E,0,5477
0x7CcF1A0aa1be0C6d9C07bA787Dddd0406b25F440,0,5478
0xa40FcF97cb95Da8896E31522B9b395568Cf36474,0,5479
0x233dCe295bD65faa14384431715626B913222438,0,5480
0xcB46949E8D3AB0a20c14aD00504c5Ba508979535,0,5481
0x4bD2DE3F798AD9F317A88902D9Ffe8E6E2061628,0,5482
0xBab3d27a4cf613D7A060E68877A402e7993235F5,0,5483
0xb5bFFB577BBB5714beaE7B2AcF55e2BF2372b8B6,0,5484
0x5bc4b29Fa2630ad12CF666752106D8E5F4e02e1f,0,5485
0xcC0F71E81b35Cdc22b7dBD14FFa7597742a5F1f0,0,5486
0xa9a89E0B926ED2395A578298237E09811BF78e12,0,5487
0xb5D1b02E99784cf7aE0d6Af90739D8f706d1B00E,0,5488
0x74289ada6F8F612fe9921F8621f19dDD38D54dEe,0,5489
0x525109D57676f3b8334cf080C947Be2bED5c4810,0,5490
0x690477eC46225548A5b1512d08f8B31356863510,0,5491
0x6E8a34921766F8f6FAf7d364B832E711Edf67B17,0,5492
0xCc9CaDCB584CCD3c8E9078665EF82fFfE8cc2750,0,5493
0x317333c14B81Ef0D8c54Cb2e807a339b8D354795,0,5494
0xDF0fcc07f0e5E20644e862eA8577FFD859640305,0,5495
0xE0Eb02Bb35B3342c5E1905f0FD93Fca3f0265243,0,5496
0xFf50750e3D01309C0a7A7379041B783957bCB528,0,5497
0xce658c58761463F8bCE479Ee1aB7bf72F434CBC5,0,5498
0xC04b6d966B4Ad298F82929DA251f4BB6F92ee6fb,0,5499
0x4861fD139Dd70A101A43D54F7953b038dbAD0E53,0,5500
0x5cc97CCceD2021389927CA34ad2DE1EA0fCE409D,0,401
0x6d375F027eA5E2310138926aad247709DC375279,0,402
0x9dc9EF44bEEE3A25F6c667e57F7222DC2722A220,0,403
0xEEd7F5AC15428dcD4B621CF1Ce1dA9cE77964C06,0,404
0x43E8F49a4ee47d9d82CF631B243dA357f6b236E7,0,405
0xFBD484455236c14bB600870acE1930cd5730362f,0,406
0x089EdF86d3b0290E4cC881c066a293a3d013C23d,0,407
0xB111EEf0A34e08C06687cBBc06B7c140B466CCAe,0,408
0x1F4BA84da62edeCcDc924256112190ef8f27A967,0,409
0xDFcbCCdfa51d308Dd8DeCCC06ac51390D7d32113,0,410
0x73f105347Fe50C375a8Dd1A1811e2dB338CD613C,0,411
0x9Cc307980947958538f9485a4bb150CF47B4f802,0,412
0x1d84B2464cD36d1E981c09b88B4091fA645A559C,0,413
0x05AC659D4278Ca50477953f725649719Cc4bDD08,0,414
0xBa9cD7f5048a15c53652FB5eFF97143713EE24E9,0,415
0xFcF5A74cc3aE6AF96A56a3dA1189d1590b5Bd668,0,416
0x1c7949F15022e5Bf92815A11131D18B9F9C6DdE0,0,417
0x75fEDB6E82232Db2e6eE5693F4230927AA9Ebb63,0,418
0x489a0028840510AfE65d155c5dA22D8764f5F0E3,0,419
0x0392171cC0d186aEf42930a352BF2Cb1fBEd218C,0,420
0x647fC81b21E6F4101153bAD8714150407F9bEb66,0,421
0xe4F93f7502Fa9B83C5D629eDc8C188Fb383BBcb3,0,422
0xe31a29eB7f0631c1EEc2cF1Dd00c9aF53db8962D,0,423
0x8637b14cfcDe4a7D58d4a6977bfEC087dd325914,0,424
0x736C11180C693b1b5b995f80e7e23B5ABE36f9EC,0,425
0xD81494232B276c648ea167B2C4B4b95916F1D823,0,426
0xF6F674760b7533bA520ED2Df2Fb954aF1F2635e4,0,427
0xa7514708060Fe27D9Ad323B763332eb97542f4f7,0,428
0x9e9B4b264c1Fd0B0c7F82C5C2e64b226821AC823,0,429
0x2a6332972e09fa557c2d9D0148CC0191b0B625d0,0,430
0x35F74562F22383887f051BF84990df9E25fBA154,0,431
0x889FAB370B474f0462B7594fF1AaD598e22999FA,0,432
0xbBB913968A16A8D1f16b146a36300810455e66ec,0,433
0x01dDc728F10186AF76d69cD9f388689738dc6ED6,0,434
0x93A2Ebf8F69343ef7BaE2B444cdad5AD00fbB786,0,435
0x3459b988043F4db008c516Bc6F0c6a7edB2dA5B9,0,436
0xEb6728d23d62E5FaD6639d46c7e2A40293990a20,0,437
0x238b28Ad4E78bef43097c2Cd79a5b5f93C793664,0,438
0x9FCD247ADDFd79B26c26bec3a0C494179CeDfdFa,0,439
0xa8a45CdE769De4b838Cf9739aD69288d55360950,0,440
0x5664f7349cbA2180ad5208F16f779de2ae6C2D42,0,441
0xAa2dFd827a986Dc1aB58A1418809dda06F13C85f,0,442
0x122Ad4E259ae7953Cfef85DAC857AAeA9c730C88,0,443
0x105585A03174b9D3967B894B3442aa23794Eb0e0,0,444
0xD47684B3C84b3955Cc30F81Fd5F03e926e0B1090,0,445
0x023e1b5178c72F7281CF113C6620f30a49772E25,0,446
0xA8Dd220669befc0e671854cEF22e6cec7F70572f,0,447
0x385a4Dd1418163f00fEcAdA4Ee7eBA3fb0DD44a7,0,448
0x912080e737BF201c3aB216AE58F1A501f32A8229,0,449
0x78EeDF59a3117c3487aA16302a1D833E5C5EaC38,0,450
0x2298c761Ea91d280B6fB826C7E9071385b6195F9,0,451
0xbfcF0579D659Bb58eDCf31f556febd8edDDaf03e,0,452
0x0EEFd8EfE899c575bdd03e92827Ac5863e78e9DF,0,453
0xaaaac60b9a2D5D9787b5b0906871Bc2f5003d400,0,454
0x72F17D3b5A273e34a9af547d1c231Cc9DB847d9F,0,455
0x7397d744B0faBf63EFf11840035CED83cAC00633,0,456
0xe09B4A1172FD8BF63cf602f38704c972dB15D4f6,0,457
0x199a3a24BD755d643fE3950414bb95b91BeB35a1,0,458
0x0dA1eC206EAeEF1DDB14705E2fbd5702e5bc17b9,0,459
0x3CFB6De4E10bA83c1eEC9213e3bfA921B3048EAf,0,460
0x872fffa07cb4591d2D6e6Fff92C074b5Dcd7fEf0,0,461
0x7942D861162aa5cCdF693DBc47727Dd932f6323A,0,462
0xDC21fB9266d447a69975D8262Dc5626DdF835Dde,0,463
0xcf3e894fc4Fd57Bf65d772B19356c1CD1A501cc8,0,464
0xd1bb0f1D5790d597B82A34d6A3c26a889dee8a53,0,465
0xe8448d8373008F9909D59dd4AE162BD5f156B10C,0,466
0xC34c1772532Ba64e4a134E7f00dA57983091F7E1,0,467
0x553De8236eaA716a1347B515f612d5044D947897,0,468
0xd1db629808f1a79B48071820eBe20DA1e160A858,0,469
0xF6CA49E5721A95e701354731E073a85ADe96BdEb,0,470
0x395FF2c295Fd4cAF9fb2b82bc8bb3BF89CE6A936,0,471
0x364a18eA69bE5ABCe7b0759803f97f4dAd737aAf,0,472
0xaf8a39FDE2e00E7B82A9fF6113e1DE3Cec3A6Ab4,0,473
0x68028B2Fd18d04a9Bb6996203DB128E73e14842C,0,474
0x10e71523a8802e8Ca50CD412b3A10a517681701A,0,475
0x6F9D1E4E5825fa131352dD799613b92297019585,0,476
0x2CeFdb9e3E44F37513dC547A53A169ccd4392c5b,0,477
0x405AE26a697709232490a46fCDE7F9D75d729253,0,478
0x1BFf8750779dd098A9aaBb6632D27dAbDc92E8c3,0,479
0x5c373Ad306410DAb4b60Fffd643f03d6EcB98Cd0,0,480
0xd55220Cd88edBBE235Da718C95CA7FEF396C688e,0,481
0xFD5A0Ca49191AFD2Aa7B5bEd7Ecfc1953F588aF9,0,482
0x39e8B1694D050074378B3F3340D513e302a73e87,0,483
0xE04Cbb5e744FE31953B008B595705f7f1de5D3D7,0,484
0x1c5b0a9A9b8B697FfF6E7B8b666807557aee2899,0,485
0x93a53514bf215C01F0FE0B61E16481922Cd79152,0,486
0x217149D66405F6F5342cc532d1d4c262ea0F3045,0,487
0x8df818446E5b2D112EB35a1b0d7D700921aa6736,0,488
0x81bA9750EBe9D1481E436aE2b2FDee066Fb65c91,0,489
0x81ed9d7D21Cc7e9ab2A6AD61c7505Be00159A838,0,490
0xe40cB18B61511E68f95C29Ba188328AFF9dB45C4,0,491
0xA14563969410D8DFd7eCc90c84CdDacDA9c4D7d6,0,492
0x5937d7b4F97F65d1a546717C281a34F35b80fCA1,0,493
0x97187B803B0FFAA1b67b419DedCD69Fb3181595B,0,494
0x9E4d61b4Eea59D7AC95d53f92f8A029bBE51013d,0,495
0x2dE5e21C681f71ddf4c229dBd970e1512104417c,0,496
0x301E428487Fd5b44a46F52752493Ef787309cB78,0,497
0x4D235CBD12747fccF2bE6B83CF0daD98CF02c1ed,0,498
0xEbD4b368481B68A4fe5e2022e26e141A196cAf0c,0,499
0xa8E85C90917c6bd7076d47ca77073AE394e37824,0,500
0xC2Bc80ac966b35CffdF1B55780E0fDd02f7Ca0EA,0,1101
0xcbBca1B8fF2Ee2f59f12fD2E408Db6284ea1F471,0,1102
0x10394B6A8339201361CDc3b4f7C371f29aB62600,0,1103
0x1E23672b7AB1BCcEAa8CdffB3540eEa83ca5e54D,0,1104
0xf39a2Cbcf5F8c20C652CD2CFc9aE5dF162f4443C,0,1105
0x7874CDB457859E714aD8bFdDA9335bA72abb9afF,0,1106
0x49D2f0BCf7e0AfADd09B190a924cAbD3050D33ed,0,1107
0x6f97c7F2E19ddE7569dC160E7c5bB2b08F19469A,0,1108
0x719898693d1A16E463AFBE2d2f08e60C10b5FD94,0,1109
0xdd183E671a7679A54547A52346907FBD8aE47cD9,0,1110
0x6E91ca5f99FDfaDe00f384B2f6b7751Da2814c04,0,1111
0xF3C3e9c59fe29c51a09166e92b9dFD4c70a990b1,0,1112
0x45269E759235d23724De6b4f130F78825e9AaC93,0,1113
0x3Bb87e564D53479E6F4361d2Ef4A02A82D110C17,0,1114
0x8fB175e3a70C2A45c8436602854107AD6d5a8c0f,0,1115
0x9F2b46DfAea72CE8d77f602b04348CdED90B5Fc4,0,1116
0x1118d752864491aaE0dC1F9Cf9396E895ef854a9,0,1117
0x06ECC8F8cd638C869d30B09D08DA2d52D152E30F,0,1118
0xeb13265932B9582F5204004480A5f45D83484443,0,1119
0x92c9b0D196c916E47359F69F61A136De1965A2E9,0,1120
0x6b5D5f63e5B7d40c5700816839e57Dd885421830,0,1121
0xB0f1696f41176656e1Cc667eeea607Be81dF19fa,0,1122
0x2C93787cC56d4455F2B672246230A41ED915ffEA,0,1123
0x81c7264Bee05D923dc09274526996f0b08a7fe01,0,1124
0xc0f6f51E510f35B482ca33C7f1D21a7D73f37A77,0,1125
0x871161690187BFCa05CB4F2f77D44fA4e1E2f667,0,1126
0x61c6D184CbBA373f3Ef7d6A6431761A289E2Cdf6,0,1127
0xCa3f166EFd5c1Dbc021418944230b6a9B89a3744,0,1128
0xA78D46b3cFB8f422c9c0D224b17616B8ea9911Fa,0,1129
0x3574B580220Ceda15652f2DC0A3726fa96B5D6E0,0,1130
0x7Be8061ac13f89459102A185CF7F16635Beb8BEF,0,1131
0x6B958e2c6BA0f2E43CFCFCbbBd09fA89075658E4,0,1132
0x98E197DDE258D5086d6cF97Eb0dbD02587e43166,0,1133
0xeceA593b3D01671dd8fE943E0F5a5C8337C15074,0,1134
0x00A39eE059eE9367f67184E6BD2E2462670b1b66,0,1135
0xe70957B7817517b32991C55a77de5DC4a3F07ebF,0,1136
0xDEEa877a65b0dD19b9f3dd4346c07faDCE6E12b3,0,1137
0x2471533DbC23Cd05f4A8c491856a54F190792e79,0,1138
0x1af1C4Dae01429719442F917b6cBad9D85E6d1D6,0,1139
0x2cAa924Fc71f0b1C8fa10Af8931086749453AfBF,0,1140
0xA40fBb1AD7d6EB1552Bd6e5fE7C530E9c6423F18,0,1141
0x17984333551eEF1B43B033A52f35252Bc161F509,0,1142
0xAD29004bE79868E3A1D997feFa71B4A81f523cf3,0,1143
0xAcb8031f5D0d3598556aF8623c7caF7961A4C792,0,1144
0x0dc7156941660Eb6E593813d834c9211C4808aEb,0,1145
0x76fF210Dc2E98153298b5Fd1A515dD56D27D9F3A,0,1146
0x186ed80e97b12D622EC975FB7b1610A86C617D25,0,1147
0x301a4D2F98577C94099eB0E10662835deb0D91EF,0,1148
0x2d92b25a8EA99ED76Ed28D2644D3A73C50B00522,0,1149
0x9F1d03F27E1074B35191B491f597FD8F92892E15,0,1150
0x21296F99660636e3Bf4768f5401Bc6682Ff431Ec,0,1151
0x4599f998E1f4D6f784A904f4002717c8C8BD71d1,0,1152
0x8d1268b72609D239Ae740F7Df769FEe42645B8A7,0,1153
0x390321bc484Dd18DD9ABE2287D316DD2c6449F4d,0,1154
0xC4deE7cc1E9b7F99eaCBa27613741A32f54d8d8f,0,1155
0x7FB4998a8497Bf618F270a60a0935F43Bbc6c0B4,0,1156
0xAB124e5F0592FeeD9C73E12C9aA47f9aff9401f9,0,1157
0x0B7495034993c962e15F87604af8349AC440CddB,0,1158
0x9c90D307164529c2e9E9BAb97175ff15676e1A58,0,1159
0xf320aFfFB72C080ABc358210B4b97c8f0a6d0D05,0,1160
0x62d9f24a6958FA94EaDb392611b4F95b9f1b5B50,0,1161
0x386834AdAcDcEf03b27c5EE19D545a5D56a19D3D,0,1162
0x539860EF5aDaacD461973828B7dB822db7371d25,0,1163
0x611a6f66f72D4554ce8b5025082a688772A3800a,0,1164
0x7e908b9dfB9781933F850BC3CEB5b03FC1070883,0,1165
0x18a5871c51161c83CBAeB5EDE53e87eAdC31E682,0,1166
0x9AC25A3D974f80D4EA44BdD5F953C1c54EE28123,0,1167
0x56871D6B952D945f783138BFa9b261205fb634b4,0,1168
0x603F3fa2541bC2FBEDEa1B3617b86c1aD6D2a50C,0,1169
0xf118dc4543C0D86d3D1b66aae4b0821eFe5bcf9B,0,1170
0xEECa5348a24b82784300a398691304efaD645121,0,1171
0xC7bD999903f2792Fd9a313e45Ee0819fa6Ba513E,0,1172
0xE5117F2e65C8a8aef41e7F01A1D986e72C06F771,0,1173
0xf7a3Bd4dF37FD4f942A57aFBB5DcD06af7f95163,0,1174
0x4333D478409A63C0A115BF163cd6B1f8E39e6847,0,1175
0x1C0879542D8AE59DA888A1Fcffb07473bb6Ab78d,0,1176
0x8d41C39f55ddF12d9d1656e76dB6405026b47F74,0,1177
0x9FcA2873eD618cc801780955d442721C0f95505D,0,1178
0xFA07D5FE58c707f79155fDe5ad60D42fB0787317,0,1179
0x12c9Eb6004cDdCE4f76e834e080467b7AdCAF19C,0,1180
0x87B9533854AE8740298D4b50dbe2ddfB628aeD7a,0,1181
0x0F0CCE87e99a4C170D72F74838Ef61F11E50d25c,0,1182
0x9f2B98349121884d5F259EDd25c43BA1c2481F1A,0,1183
0xb7816b1804CCF2bF31d0B70dDF4E58f630b6DD27,0,1184
0x2930cc535e176617CB4621D2657A79Af2BA21747,0,1185
0x3bF313068D44E17ffd54e852Ba33228826387aD4,0,1186
0x8ff07f45498fB5D02282c76e6831Ff5d787C8f15,0,1187
0xF08b3fE4fAEF70037a291C6d94796afd692F230d,0,1188
0x227FBC8587841B5DdA11a010d69530ea77f942Ea,0,1189
0x6d7b4c3A80d4CEF2bDe216fD77F8f46274671639,0,1190
0x31ad8aadd4f9c611213224995dE5A80f1Fc21Ed8,0,1191
0x36394d73e7EE3c1D1Bfd81556c262DE516A6C163,0,1192
0xFf892F9B4bB5E43E2bA09e88134CF556c82D8b7E,0,1193
0x233330148CA32c000d4B8B0ed554d7db94f9394C,0,1194
0x77b136e26Bd93282569d24Ba96afEAf17fEaf7E9,0,1195
0x48C3FC485D6B52985a17357E2B58e9903d3C5803,0,1196
0x18a5ea6BD338dBfb3F91c34ac9A06436F7F29d60,0,1197
0xe3795f466b7576048D0415bA063d6099CA58e386,0,1198
0x72C506260d4668B4453026a635D50d8B909c35A5,0,1199
0xb5e05F0d03258043DabdbFD3f48731Dd28aeeadc,0,1200
0x4Ce06EcB4116a7dbeE2bCc21e38465D4236E2B59,0,2101
0x5294f9cA66703C3Fb4952C120dE92b145E1DcE2D,0,2102
0xd2F61996CA8bdB5595b8Ae516D9C04Ae770106b4,0,2103
0x235501fcb24E13721ca9Cbd51306652C679f2316,0,2104
0xe7d2474997AbA0F1B38F4a818f3513dd6C3daCA6,0,2105
0xfFa88b9a435Eb5a5518149f23F734967e892fd8e,0,2106
0xFA7a9DF36f19e96aA3c69b6FF08D18c1c7CEfb58,0,2107
0x9F133f87C963d8D616337dcc013C8590CD691885,0,2108
0x7D3633D72D3a3DA8F76cC09df7873a17e82661fe,0,2109
0x75ABDEEA97ccE1186485654e28D01d668a6382C8,0,2110
0xF8b90dCDf4f535760f722B88C2a76cC4fbDb5D1C,0,2111
0xc20469972dcB13c26c458Ca137C5C367721f621d,0,2112
0xd5b994D83c11BB3d04F492ebF2264Dc65c8D9aE2,0,2113
0xa02B580cc726BA7621f85B7e211B3604d1C6ad13,0,2114
0x883568f73049A2360C3A9c907EA2e794519042A6,0,2115
0xAB2682E8facB8c47C498257f2c410c4F6f5Ef94b,0,2116
0xfF9241e51075a6B8D24587C209B52F00f670590d,0,2117
0xdF0A1BbDAabf149273062185e72cd922857Bc137,0,2118
0x484b06EDbF6A4272Fed583B5EDD3929f0450158c,0,2119
0x1b3FFb3E858c8673Ec7a595d1C076Fceb1009aD9,0,2120
0x45bE9C57cd3813FAfa359a44E8164fe0C0a22eC0,0,2121
0x441fE715deA910bD977A7F8584CCc55EDBbE3568,0,2122
0xe84CB49194CA040c7D0022a2Bfe163Ec42d35FC8,0,2123
0x569211f786bA3725f6b8F675c118361561EC2625,0,2124
0x62Fcb11849A496411D168a6Fd229D9c27da8c550,0,2125
0xA237ac4862F893eB0A4453C7fa9Bf7C42d0a8006,0,2126
0x64e34F6F911e76C10f95ad506230800F199BCc5B,0,2127
0xE27989154d0Cbf3ABFAF47A0E7AE44520114e7a5,0,2128
0x43b9c0df11Ba851d1Cc5Ac697C8Ea8cEFba67355,0,2129
0x6B4C07E73cD05A5975E33AB4A685Da0b56518274,0,2130
0x1337E8C6674350b0Ef36f251375E263E35a7C8B1,0,2131
0xe101477328aF0d62cA194A58fd75944bcCAa9Ed1,0,2132
0x30cE0fBd4645CD4F91455A7Ab6EC0f263332FdDC,0,2133
0x45C47E511EA7536cAA852702D0735F6022215059,0,2134
0x2aAf3a8C4F9693dbDB91231B5724285fFa9159B6,0,2135
0x85de3a26fA12B9a46BAb39fd3ff32D56C6c618b9,0,2136
0x307d7b709e351556546A17f3D9176de975f00c88,0,2137
0x9598c492797f33dB38dB07971a3B810EF602c6d9,0,2138
0x720fd9931E7c9e3F2D87fB6E43BDF73E2eAff92c,0,2139
0x52dacc8970Bd51604457413D29F58171B14fd4f4,0,2140
0xb614C72bF2b90744275Fd57d68bbb063c0fbc5F6,0,2141
0x5Cb3D26146b645c2418557B3DCe9Cf56056d4cb0,0,2142
0x87BBC480e8fAf17d7d5c106B1018dBe19f435c7c,0,2143
0xEEE26BA8f6Df4cDf19EB1f991d69a95bf02b30b1,0,2144
0xd73C90A98AfB9FC45B37188BfC54d6CE8023e9Fb,0,2145
0xcfC582CB27c4840130F7D31d9F00E791890C6ACf,0,2146
0xf254EF558eDbB4c1BF3Ee05681F46c81CDB1fb58,0,2147
0x4A4A5e0F388C4515F437c9BCf1135b2c2Eb73D3A,0,2148
0x84e737e93d5354d66cF18db4376DEAab10CE81BB,0,2149
0x6D4Bb04c9a3e258623BE6798102E367bba38d050,0,2150
0x7e47834394D00D9F04dfD9B14Ea54f50feE5A38D,0,2151
0x55E114181c2f69ebf1188c2777096Fc5914DABc0,0,2152
0x6baf5f3E3da112256D58f4827198A60eddD9734c,0,2153
0x4cAB91650aaBAEee7b1A99b3cD0e8DC744aAe68e,0,2154
0x1aD76d4e1b8C2Bd87bC7c815b612A081479a9d4B,0,2155
0xF48E2186C79Fe1F3e05eb47BD530f17876B31F61,0,2156
0xbc06223c9fc34BF66A7b9336c457c278A2D4C2C1,0,2157
0x7c94c7De6b5DB98352Ec2666AE88b857173FCA79,0,2158
0x25FCc976D29E9d9c6aaDC420E226559f6c5A0520,0,2159
0xD141029d3321E035FEB74e902D7BCf92f08cCA96,0,2160
0xE79b573daf028E338cb45d265c27e643A26d4236,0,2161
0x391Fc7b8d7BD479aE1F8D1e1CDA9694a4027De7d,0,2162
0xc27Df6a85AA26C96AADE99C3b3aAFa9581D62532,0,2163
0x522a9cCD95b11FB9Cb078e3b823a069fe5AD02Db,0,2164
0xF7247D2B691e8738F5075942361c30c8201469e0,0,2165
0x6F9ab1D913426F34CBbfF45e5A40ecCC9A164bFf,0,2166
0x22c1ebD243c26c4670d7B37F03973BBAeC56970D,0,2167
0x9900c96DD646Dc6B6a8085eAa77cA0c0c5F21F36,0,2168
0x9210511A4bcF46fdfB38ed97d59Fd556d8DFe777,0,2169
0x19965320D621ff6D343E4A6afB799A034cB7230F,0,2170
0xC3ddF649a7c68DddB1e621F9E2CC8044c564F9cB,0,2171
0x2977D7117C008100E18105EE4a2a43F34DC1C471,0,2172
0xEA4dFf2C0026d3807516C91C67DdC0Ac2D2772B4,0,2173
0x0678f1b660dEb3050AE4731acA8e774731f4fd6c,0,2174
0xf21a529Aa89C88CA4120b0b530F375e82fF88182,0,2175
0xEea7636FAd9bD4A28f8161E87ed27aC0fa1C1746,0,2176
0x3965e1CDAC1B85d0709C17162193D370f6365902,0,2177
0x80939E1BA790A7b691a0eF3ef4766cE7625977a4,0,2178
0xBe29eDfED44ff6Bb39E0EcFab5f25bc73aE00A14,0,2179
0xD981CDF52E50ca34b08295Fd2A03f86d21795AFB,0,2180
0xE20C71502cf907F87bcbc8D41Da8731219e31437,0,2181
0xaA41A84333DC911ea0959E6032643B954266bCB7,0,2182
0x047934771a6e4630f7B5d78A3D41e26a10860465,0,2183
0x53C1D58e0E9E115C500377CA34dD3b80D01De18f,0,2184
0x1cDd644178ECc17A3780d439C28e5a5B5E525A83,0,2185
0x928C97EA401F6BEb5AD2EA140fa3245E99b0ee0d,0,2186
0xa3E0A56767e422431F564299E59d54f4bCe39dc1,0,2187
0xda2edF2C6Ab96A17de8282dC3c9A9e233B7c1BDf,0,2188
0xf6a3888a2a3b616b6Ee338811a31Af8294981A08,0,2189
0xb439CA2CFC1BE12aF19fa177d11cD13f833dDd39,0,2190
0x6986c6440286Ab913AADf00Ed2bF556dce68A100,0,2191
0x746cD28F0155fccA865953FB743B3bba657d146E,0,2192
0xf5d5a024dbB04c80E36D7D7567b59b7eCD598176,0,2193
0x5C8DC7dAE72e9658D966FF00bAc768C3e297c3F1,0,2194
0xF8756B4016bDa1ff5890658F82fe479c735F3E79,0,2195
0x8ECc8395041dE5BAE718bBcFe6B476A768d13e73,0,2196
0xd198Ea06830601953eE8D227804910115F298940,0,2197
0xbD94eEe9Ecf0a5Ba6Dc3884773e7f3Ef8685e781,0,2198
0xc8e53A53FDa8546Aa035f4E6Fa006C7d310AF8A6,0,2199
0xB5F704E5392b412c04D00D5aF17d68F2fe8c1992,0,2200
0x5d79D5E46011a2FDEcB7Ecfb05fD79a69a08B116,0,3101
0xCD2d9dFfC579d21B08991B4C261A9a9E3dE424dC,0,3102
0x8E47f4CA99AC53A186dcF0816203CD195CcC7687,0,3103
0x7cadaa72ff0b81327CD22886c9Bb4B4fc371fef4,0,3104
0x47879ebA84124Dc3F738E056a9010618B5B8Cb5D,0,3105
0x0b0Eda0e0Faf7529DDD0853c279f47F90FA3F552,0,3106
0x46Cc048b96BBecc30538E7991Da38E0A36C5d425,0,3107
0xBf5cbF4A3f6a301576e4435c5Ce0Be65287b1120,0,3108
0x4C5D78d1a66c9ea999dB1A7006c418d270569188,0,3109
0x1E07Bbc8B6ad5Ae5321d845E48f93957542555f2,0,3110
0x049f44E6AeBc9D56408f3F1a7187acf227C0CebF,0,3111
0xE886Cd76202820BB9B61E9dC108E9c82797d760A,0,3112
0x8a61682Fd61df49895F68B0682635c1dA6Ea6A96,0,3113
0x8dCeeC4C2Deb784B7C48C619C53dcE93b0c99c28,0,3114
0x501670EbD2CCB9b2A2A3504A0638F347d85d367a,0,3115
0x53de292390332326eCF64549C94CB175925BC000,0,3116
0x4D5c7b00286af5c3402c2B4AA53Eb8bc32486873,0,3117
0x9b44194151755932FA88CA813474844080CbD870,0,3118
0x8AA1f29735A6B508e0690E17aF58f336ba4C6c7B,0,3119
0xE78Dc7E8f05F9724b82F1AcD0982e8E3b73c8C0C,0,3120
0xC81DcDbd49d7f20BdCb06c17b9B66588a06Ce2FF,0,3121
0xebaD3Db4Be2085865aE32Fd283F3afdCA01df23A,0,3122
0x157b51Fb47CD16A175DfAB83BBa70eB5543ee20E,0,3123
0x9903d0CBe58D7BCF16D67a1Ad721b43DBA39bE57,0,3124
0xB257aD28e8640134dE7F3674eaAef6948Db6A611,0,3125
0x9786721740549b3b2ac85103193d99fA4FbCEEcc,0,3126
0xb8653d8DCe3f60287CE46eDd8A5a697957DcB4B8,0,3127
0x233e72309aAcFC69aA73F8d126fcBB01703258AF,0,3128
0xfe8C35F6920779F69b87d0f49E275f1E7799Fc41,0,3129
0x806ff9C3A7c51DF8F1610EFfA5365DaA05D7AcCd,0,3130
0x730b6C936DAb10D92edA5202aABE638948Fc7111,0,3131
0xC4ce0495992D7d5E75B15500482503C28320Ff06,0,3132
0xA7aC929d6D697D0911C4b0E3FE7C52E7B3E04D53,0,3133
0xAa479dDd46D2B4BBE13E45921279848a76bc8cd4,0,3134
0xf2Aa88bF2783faFC79E1065f66a3BC8Eb6ED4824,0,3135
0x68d71a7c1FFAD434a3bDF6c17eb5B25354670ef4,0,3136
0xe46D02c96682076Ba54e44eD627F618D3100AebC,0,3137
0x7f09204bCFD2cF74AF55Ea012a8836d8659d7fe7,0,3138
0x4165962863C9F83d62dFDE2a2C583eA3C7817Eb4,0,3139
0x04921edcD875E351d594B0932074f8f62504d596,0,3140
0x33504Bec3B86C2ACd690bc8eBFA9ddaDDCe75b08,0,3141
0x8A30e726ff17E0833Fb267E9b4b3dA3EB920f7A0,0,3142
0xe47E34d19910423aA08312b48ea2C8C5Ebd27977,0,3143
0x464B04CC2fFA29Fc3812CE3c58C1948C8950C77E,0,3144
0xc8a52FC8DDBdeFFF828036D630F0eb365174675B,0,3145
0xd8fe6c1A1714e494f2b47B3798a307afE5fC12Af,0,3146
0xc5D0A74d61e9847417BffdC985279AeF4Ca6Dcf7,0,3147
0x332095B2e503d7c196Fb937A8118725e9b9e95ab,0,3148
0x4045Ee250a7478001407E04dab82040D9835C3A0,0,3149
0xb9812f6DdB2F3a3D20e5Ab4B1BAcebc4261a0570,0,3150
0x2bA9A842ABD808075c0cdbF8987aa51d0c0867a4,0,3151
0xf1E002B967Fd9e4eC6109B1F45166Fcf448E2e54,0,3152
0x6E15A6518904233b87Ec47B702B425D1EECB623E,0,3153
0x0d5eB6c9BDD9C38B1C94912E38b0E1E19Be76854,0,3154
0xa3eE8CAE81961A97aC52959c5BEefC699FBe5890,0,3155
0x8A5a9ebf0B86f37B25087A0cB57BA848dfEDb7a0,0,3156
0x2F585d11B01cD326d5fF9Eb4b5220Bcf2a3C616D,0,3157
0x3aAAABc3575eb9c89d50d5979276B5315f76c045,0,3158
0x3209D860b067262a760aE9fCf57203f6c4Ed5513,0,3159
0xCAdA3FE050CE9A4fc3Ae90F5aeE90d7a065EF997,0,3160
0xDcf2ea5dADD8ECf6E70de2A13224156f19506034,0,3161
0x65a3e54Fd2AC24FD8883ECE7e31585344F122410,0,3162
0xa986Cf5c1F39c7cA7a6c246B7afC79Df2792af3C,0,3163
0x426881190E0341b5320dfc0967E1fBda9DbAC03b,0,3164
0x2EFD50877f5F9F4d60D65d1e7b8598Bf98107232,0,3165
0x9CCe71fc525F36F197D4088211Bf4168132702E9,0,3166
0x4Cd01D0a95b8E00CdE6dBB153Be6608e6E1C1129,0,3167
0xb980e2A84b3532eD661F187CC833Fc283BD1366C,0,3168
0x4852066969444Bb855EfedD87c434c929C75a52D,0,3169
0x61C9dB2Fc62358E5F4D26551c99399873CEbE2B2,0,3170
0x1b0a421098E59bF779EA8300B2b32548B009bcdb,0,3171
0x428E10f53d36D569e71D0505a9A9e5D2a72CBe6e,0,3172
0x190595D52D62FC1AE99805e187aaA7CB2a73d70a,0,3173
0x1EC5C8B5F7151e64b268E8158F8703416BA905e1,0,3174
0x3119CD689f12aec8404cEF2C66A473a36b5B5f79,0,3175
0x22a26183601AF96d0669f0B5876011FBEE85A768,0,3176
0x150a13a9DD0AF696929E2906577d8592A5880e37,0,3177
0xe455272d21483bC3C3c2Ff468E338cCe0CDB4285,0,3178
0xb0e35B72f75Ca1515A599830787A87BD18E62AFF,0,3179
0x38B3f5812Ac2d4d36C7abBDfC1fB2Bf80A983595,0,3180
0x18E351c927D978e5566d0e15418Cff65f73f6943,0,3181
0xD07E1Be2b82498BdC1271AF60c7b31916572b49d,0,3182
0x1224cC461580e35C335A504FBDE90112aFD29897,0,3183
0xBefCcbEc96ACfab7A75efBAd7EC0A7ad1f337F68,0,3184
0x6CFEAb7d0239942AD2dFB0F9BD06260B6e196177,0,3185
0x21C750662e5b2ba2a4394B8b9cB589891c182e8B,0,3186
0x45C02288cAA26FD5877bEcDfA6a08226f609E33c,0,3187
0xB2343F29c003E1634f63680Cf3980cA0Ac57c74D,0,3188
0xAb339CdA5852A0751607A4058914e22E30c8a7FC,0,3189
0x91273AB405035d8013D79c9CA61146eab39484BA,0,3190
0x9B47dcb92c7F6DCB8854fb5D90Af15bABe4960A4,0,3191
0x3E9f0F747660937E77aC6B39381d6f3b47d5f412,0,3192
0x33826Ae7C0979C7a8eE581Cf97eEfdcB0451DC53,0,3193
0x1C24655Cd0B36A9fcF84FBA141754825f24991A8,0,3194
0xC702b6450dA60c980ea03a7a85F292E267614E5F,0,3195
0x5CF180166D671E070dbaB3E8F150b16373d00Ed7,0,3196
0xD3d3469600a2888d5165f129f3F706B1255fD097,0,3197
0xCcC8C1C761d3903A3138187d7483D369D547F96F,0,3198
0x6D47993E9a6A256dA00FF27892ed17585b8ac353,0,3199
0x639E42E53c1552cF9A8830f849f3f3c89A06A3D5,0,3200
0x2b22497610C6d5608616fb2Df7fFb75374Cd07c0,0,4101
0x83A35d8f923667FEF3358e7eE21AA4920BE514CB,0,4102
0x902534E86BbD5CBd1be5bFBDBA0E60c1B3872527,0,4103
0xCFDaB76791220fD6E2f221748069f061e297BAF1,0,4104
0x4ceDdAf7a9fD56abF4B46540Fc700Fc2e878616E,0,4105
0xf9E340B5EFF1b029077C5EEc5ABfEe8275202920,0,4106
0x921b6C51Be275A15F195f67caB25090c9Dca20CC,0,4107
0x7B5401e85BFEc0c5BAc288CA81Efaa4f163567E8,0,4108
0x3355f69247701F99bF461875Cebf12cf2940476c,0,4109
0xBc33D0B93dB0F288a0d1dB5EAA8852F7eD428133,0,4110
0x350388F790b24423DC405a9d59D78b1C21F60313,0,4111
0x6e01c5FD04E967F9017dF33eAbfC45d939D93996,0,4112
0xfa34697BFb0d5e1D8F7f9813a8992d7035F6DE16,0,4113
0x7008b96C8d76f0d147499A7B5c3ce1867ac34693,0,4114
0x4bCa11C3c102E1eF0D9d38EA2634f8921A46bcA0,0,4115
0x831C1F0c2c5583baAA74403001b6900CF4f9DE51,0,4116
0x716CE640cF675DEE334294b80D395D1A7698532e,0,4117
0xb507C0d275475d808C00Ecfc9a4B14355483026A,0,4118
0x76A1f0058f0A91c90012d914A6e334234f11d0C4,0,4119
0xd824c387244574f4a1824BaEB19b308d9812Ec6f,0,4120
0xD36E3364cEC8e720d446E138f0379e8A2E116D55,0,4121
0x1B18f37419486F7C3D02512169621471f25a12F3,0,4122
0xb207b3B0cBBFE9c42d16aE35C0eD63394029DFB1,0,4123
0xB114c91CA5f238b60fFdAc8B6d7aff38494531c2,0,4124
0x04E0E42B230bBdb9B4AB4343DaE31C867BeCdf3e,0,4125
0xf11aF0D2424c86c3a3C535dae9B2536C81B5e5aD,0,4126
0xF9a0991a11E3f33258C8DF85B89fFfD44A505712,0,4127
0xC913aB46e0FeD88E44ccCE81cE91Be800C6834b5,0,4128
0x4F7A931b22F04357bF5316e848223DC4F2f322c6,0,4129
0xF2ee609F8E9CA5E09980b89DB346C318E6658f3a,0,4130
0x5Fd331bB667009421b72f9C3D78C23b8ff40997d,0,4131
0xD4516b065F97f684a9A7b140d2cF3A5885BbcBc6,0,4132
0xF8C137C737D7484D81CBbc02ABEB88D2F1F10e57,0,4133
0x304cF0223079EC758adE7Ab6c66C306D6bf8E2F6,0,4134
0x92539F8A15d74db01AA3F84Ae8BC761e7e2e46A5,0,4135
0xb6927Bc75faBFcaA6240f50eac29945AACD1D219,0,4136
0x4cAEB5DDF82eB06ae1cA3fC2F65F8a0AdA627f3c,0,4137
0x5301cB4cbAce6b8b1Fd30Fe4c5940B9f7b1ad782,0,4138
0x30Bf6d79c52Aff76FF76cb4b431AC3466D247A57,0,4139
0x5B2209Ce434eD4C1DeE0497D2B17124cb24C66b2,0,4140
0xD8A9CE9189C44278c78D87Ed3B32Ac4E7f7d64CD,0,4141
0xD2A3cD39726920c3a1FA08b94E8bBbcc74982476,0,4142
0xC901f72e91B147b16eD90d8877B769C5905b0b10,0,4143
0x02784fa3D690B268F710a0273C3EB2E21d880e39,0,4144
0xcE1Ea1f55e4a14162C000eCFef45e0A718140d1B,0,4145
0x6464048cD39042C83cf22B4E41857B8b1D0d2da1,0,4146
0xCC006b2A6438A0D36Cf3533dF9d62E6449e543D9,0,4147
0x3f103777A3b4CAb1e145110919B618b5106BF670,0,4148
0x615Ca5F2e251B07Cdd2c4145c58BC45Aa73b80eA,0,4149
0x2Bd5d36515f663B42024Ba998788eF5CfF8CeFf2,0,4150
0x3ca5171EE04e6403aA67bAD7F03Cd9D062803117,0,4151
0x7bF9FaE0A0b202a42cdEC5318e5f629bf599273a,0,4152
0xD5ea70a3Aa2D667A9848022d1B0665c53e555b19,0,4153
0x5eeC4625025461ca4DFBD0a8Db8E31477f269c89,0,4154
0x7c86ae1807DdFD7Cd47B196dA142cb357e9e7855,0,4155
0x0917c9EB71EcD2992B9F89B1f2Fa3bCC8Bf55485,0,4156
0xb0aAe4ec0f77cEC2E6E9EC16F2F72294326c4Eb4,0,4157
0x9c745FEAa9dEd33c3393dF43903296e1B2AC4959,0,4158
0x0EBa96DC63590FA08d583f2Fcf79e18A220035a9,0,4159
0xA008374389BFC3415Df5Bf46bBBd05793ba28514,0,4160
0x3babB4B388606911A023B86DA15FF54ce5277849,0,4161
0xd24E4530691bF00E7920B47cE7F73448e32cE40A,0,4162
0x2D880C105D95346DaeE24242353A19d14D568fF7,0,4163
0x776F545A5A4ADAa3e42003A94dB3f10CFFd2E2DA,0,4164
0x1879aB89C22151fEC39f7F92FADC23aD6ff0c857,0,4165
0xa3649d7D4157784C8a98A0A1357e971bd09b1fEd,0,4166
0x65110eCA8bA9D9f5f338e627f1a4eb8d3AB0Ac27,0,4167
0xFC4061Dc1Ea64d407952d6863bFFB0838F90eB18,0,4168
0x93388c1Be715a489A8d1281302a80d9A411AC98F,0,4169
0x989Ed8f505ceba58ECC95dcc1c89286B3b3a8780,0,4170
0x0d7b9f91e9Cc8Cedf980151aaa2adaff8220d848,0,4171
0xdf8E36DE499617C3032229eA4EFa6d11cb34B901,0,4172
0xD70a9c84a571aE34b467000ddC76C718ddcb0E29,0,4173
0x0C28f9c81572EF8D822ce53E3ED9a4AEd6ac23A8,0,4174
0x1464b012242733DCbb1D29c61A9B201F17e25d5c,0,4175
0x8E9692BF1D0bFe74d61e2806Ec040d3D70E8564c,0,4176
0x24a8935E2991423c5C434cf905446b1feFC8DE42,0,4177
0xDF161a77805e12c70dCDfe5DD583a4325E9324f4,0,4178
0xDCEeAD6F64145F7b258fF7FE6d963aC62f6556DB,0,4179
0x5b7dee82bf87A2d21398be7e5ff883e191FA8901,0,4180
0xAAA4dcb9E0843Fe9C244Cee2E789E693Bc8c04dC,0,4181
0x8CD2ad4b1Ba376630A26f2fa153636447Df381A2,0,4182
0x324477d2cB681a32fbbD0F8DC06e9be96ca1840c,0,4183
0x7770f929C0B3df5450ea693E568F5B7e39c58AE2,0,4184
0xfd91A2407213697A2235e0aa267F35acFd1D638F,0,4185
0x4D12592f548e5a4325e2Aa3580656c66Aae4CBba,0,4186
0xD7a5080A7c6867EE17177fdAA78D51D474548aCa,0,4187
0x236edB27727D61ce467f68d1FD1Eff5fA5cE5252,0,4188
0xC51C28b2d72aF279E9B6F28E4CD03173B688d6cb,0,4189
0x3F3B4436Ab29328e1a35Bd6216547c94D1EB80E7,0,4190
0x8eD94867852e953F8b6156C1d07F0E16a5728f69,0,4191
0x4EEc10781dB40D0872d6eB7c6886802AfAC6F8b4,0,4192
0xdef79fC76587A9b3c6b8e3E1430eCA6e149014df,0,4193
0xfFc63Ea183529eCd1792D0707C85928B106c0Bdf,0,4194
0xe2d6Fc11bBAb72d3Ba03C7374F47437cDb43cf86,0,4195
0x6a8C01814Fe1D01CF4538D40CC4cF4aD5fB5Bd26,0,4196
0x61fdd2CD79225FcFBb09022b2F06D7F99d8778ab,0,4197
0x7bE61D004a6Dc256F2b4d56b0722dcAdD09B8bd6,0,4198
0x8f3F9Db3BD1857d0D13d99339D05B7544E98234B,0,4199
0x44eDEA199d05f4fE1d88441f7f11f98327d7b206,0,4200
0x69712De58A58BD30f1E4Ded51e38CCd128898F90,0,4801
0x8B7126D5C58104d33Faca61525cB947E537c9025,0,4802
0x3c0048fa267E0762c967834c1e63c351578CfcC2,0,4803
0x333f543036b7423BEeB572359f505D1510f9B6c1,0,4804
0x59a7Af3D683Cbd96f60A416853Cd1A2f0149EE00,0,4805
0x8341f2F6D5D6eBeeE9CBAbA99b32F6B552762857,0,4806
0x70DF5649e24bEE8DF93A3fcb8f63bfe2A1c1180e,0,4807
0x76049B10628D7cAC0b88B1680c167D87fDF9CB78,0,4808
0xD6458d44c50990bBfe3090FB9f6248b4fF0Df2B3,0,4809
0xCef3b2a073E7551CB527EF5CCA84C93c4E957AcB,0,4810
0x68b836B2Bb7b3208F1Bb6010F5a248B657b2c158,0,4811
0xa7dAd063750060CC526197f57E81797ffD1461ED,0,4812
0xDdfc4d88F55143F15CdFe29a69C6e42636ca9fF7,0,4813
0x9f7DA2568f93bf7C20210542c9512B03f2049DBE,0,4814
0x6a96dfe74Edf06EA4641D67afFDaC4140B0727d8,0,4815
0x67A3dB248319b251E3Aaf6a2D04C7Dbbb6623800,0,4816
0x2b3aC13A25504196913fF048b196B525B33a460d,0,4817
0xbD2569945B10775fE8820A1a0653ca3C0bD59451,0,4818
0x39E125fb2e3c94D7181B8f2B6974aD3cC1D8A422,0,4819
0x269Ef4aD3CfB0815B01f0F08D22f46eD8bFb9360,0,4820
0x3c1C352fF77470Bb7dc16f3Ac74cBDB3dA14D125,0,4821
0x033f2d2278002568Caaf74B75539FE7adC3e956c,0,4822
0x3752B7dCC10a0c8A2A8A0e4F670A583aB1a2F637,0,4823
0x67042d7Fff76FD81302e7ff178d2C2ffB0B69fDA,0,4824
0xB4039C73c2Ca785A221dc254FE9B503F0622FFd5,0,4825
0xd14C7A55B1318Fc5ED79c8A7e8B2E91975588AeB,0,4826
0x3AEa05A18D984ea19e63Ee7A9f14a2a5D94a871f,0,4827
0xc108B84bA4c791e7CF691Fb2e9fACe6553b7C540,0,4828
0x52351aCd6c5F7d3B45a5f50aE44D83FD30A7E084,0,4829
0x010CA4efe4437eB39215aE3319D74DC4039a72a4,0,4830
0x578549eb9C4e54861A9F0DfcaaF4E3362019e074,0,4831
0x5fCFFa0865AaFdc7e02B7212637dd970f39D48EE,0,4832
0xe8E0E9C0E4129e1338973809507383dAce9B2Db3,0,4833
0x4dcc9A3602Bd86f4672651B88D5999a5bC0B8b7a,0,4834
0x62749C67849E141B3f20280fcAEEC1069feF13D6,0,4835
0x2a3B72859ccfce7dCfEece93e8024Bc52D422FE4,0,4836
0xe476E605699CE18f107FeC5d5afB968261cAf6cC,0,4837
0x7aAbf0357795eb5cF88A6CC9a82b008b717f158F,0,4838
0x30b5a27c9f5d4D8CBe1f1C5774171566C0FA3c9f,0,4839
0xfda3fA9c974bD098Febca18aF4a43Bf3e2EBe351,0,4840
0x4D2a58d62544278BE3796b9F532f4534FFD12016,0,4841
0x8B6956D0d498caca2943f522a7C6b4DEAA0AD836,0,4842
0x841628B51CB42d8893071f5Cfcb365dFc491c8B1,0,4843
0x8540Bd0Ed2580F36e5961817De4C4dCEA2706827,0,4844
0x9dAF4Aec09ee35AAA830c3aB292f205b60Fc2170,0,4845
0x246461807614343dC75891E8E43Ef95C432Daa9c,0,4846
0x709348aC0A396793F21764AA7AE2892f0b40f1cb,0,4847
0xac751B4F605e919ee88E495E282284C5F5823b8A,0,4848
0xB4582D0a319B8F8aCe7E2229cD51B05f56CC8b1a,0,4849
0x0FAD5890B6D5BC7FFF3a155B3782799Da5822df5,0,4850
0x06E82653a3dbfbF8Ec3992322051Cc283586E42E,0,4851
0x2D88fC8DE036FBBD1AD0fCdA5E7F436150Ed21b3,0,4852
0x329813313c5b930262BBc6Aef66a5cD19898aae9,0,4853
0xa0F1327B29D4BDf883CdF42D9dEe11A44ec00C98,0,4854
0x1EBbd1aCFECf81B02f7D56CF4877B80d43A53841,0,4855
0xa9A97D4549b301422b641f7E65702638fbB35488,0,4856
0x37832075e267e3Dd0541BBcc028BB49DC9B40E5D,0,4857
0xa7a865265a06EeaC39138A75266FF0d14C8D1B2C,0,4858
0x6135f9E8D3dF0A86E8c500b53cB8eF32e9049d37,0,4859
0x61970AC65DF27CD135b89DcA209BdF0550A3B959,0,4860
0x99811564179Bf9ADd33914bc08399B2325C7f6BB,0,4861
0x039E6A5C338026c6E660AF21E97FB5784d04c865,0,4862
0x8a305C349134b03152a1C18e50aadC711ED8b61F,0,4863
0x571A4E2530e38A480e4A0A5D7b6DBc50aA339F67,0,4864
0x332dC586eb36388A84890bf24Ea6Ddba1d2dCab1,0,4865
0x44533D194C3Bcb94e73c0711268c21d3969fdc69,0,4866
0x65D4045dF143DEfa71671604b27203809b617207,0,4867
0xCB979CBb7B0c2f3eb67Ed11de8C364380e63Bd37,0,4868
0x8B22a889D6eC9a6D687E1076352eb5dF2c75D973,0,4869
0xb3BaEf5991971aF3d6216F50e3B51b0e5026De46,0,4870
0xB00b9558344492eC1455b36eF200e152a4B53E4a,0,4871
0xf721D3F9238ea1662F42C53C08510e3a4191a07c,0,4872
0xCE68143085Ab77f88faB1d3129aD1169e096e96e,0,4873
0x11D473A5ef39F4667c3D9169D58D489EBB8F4D75,0,4874
0x20AD8B467db23720c9158283Fb58e497Ed636276,0,4875
0xE33ac6060Fff1187da2f34aD8060B5d91BF189a1,0,4876
0xC5B0C62A50dC1394018EceBB5139e66fcCb54214,0,4877
0x50F75D810fAC26d2dEC10BD75cC68592034BCa1d,0,4878
0xF8cc063C7a75aF915d930c1252D665e92fd74f0A,0,4879
0xcEa5762827d1E799b300B8888e6972c942d9bb70,0,4880
0x864F406cE3Eb7745A8d4427142aB8734dD0109F3,0,4881
0x931E7b0Bd16d026B324da5a84F6559bF88061630,0,4882
0x18e8B5db561A2aAfd5Fe6743Af2108c4e5aE0693,0,4883
0x3aBfffa848298449dE35d0067e78C00C94bCCCcE,0,4884
0x524E51f7f7A637b5ceF7d735731e560cA328ca8a,0,4885
0xCd2113D42A26C4824B7E7C948aB4e557940FD169,0,4886
0x6440679fE81A7774405ebCFec962EaBdD4000fD1,0,4887
0xcA8b2cFcdD8D4d19FEfeD4d8A46FFeA261092891,0,4888
0x4F98A667cd94D92b085Aa19ad649991a673C4B2C,0,4889
0xaf1cA9FaDeF7Eb817f9Ee785b06147d1cfE6D540,0,4890
0xb8c5C0441Aa1787328E99218880cD3b581B2DBaB,0,4891
0xcdD00C50EFd6F840E85DFd28405FE7ba329B0d43,0,4892
0xcdE231ee95Cb8072EB11A7FA05fe395B7E56B3F7,0,4893
0x264770bC6F3A5A20E181888221029d8E3C9Ff0bA,0,4894
0xb64375cDACC6B838c34F03D0F03CA43542Fe1dE5,0,4895
0x60E06Db43128a8B0cC589243c1A65FCd8Aa6c6eF,0,4896
0xf29b2daA855C47ea5ed4D4d7847e5191d7A75f1E,0,4897
0x205244DEE08ae571745c05cA808bDae8F81D74E4,0,4898
0xd77e5397F518deDD2eBf620B2Adf97B8e378922C,0,4899
0x95EF4bc712E0FF89a4fea985E10aac7479fF1f06,0,4900
0x09fA8e4a407D054709A285E2b2746016bb6DAA82,0,5801
0x7BF24e1e097bbceb5d7af1005466fAe1a97eAeCa,0,5802
0x407FDA2151c31d5b284f5d9fDA05f05610330Cc4,0,5803
0x296d24C86ac5Af455C1699FD6d0Acf6287f96b01,0,5804
0x93eCDc6929BE4F6eD79203b2E89b9c532c943DeC,0,5805
0x1E1517beeF261Cb10Bbaa9f6Fd2D6Db6FCBB2AA9,0,5806
0xAd524E1c16cCdd1277302fb0726c54B5748c7C8E,0,5807
0x301D36dD0B06a68e00709F164e876618BC36253F,0,5808
0x432A58954c07Ad6E860CD5a4aB7FA41861F7875b,0,5809
0xCb73bF5F0e0c53E4415b5B1eb8B6d13222A8d052,0,5810
0x3695cebf4D1608f9EC972604cac2972d2603C9ec,0,5811
0x28b573d73505016F3Bb1fE7e6052a04869861E15,0,5812
0xf061A94fBa10caFb16B1757B5FDDf46E6ed3C861,0,5813
0xC3D3B18D47eB573F4Dca54507DEef616194Bf624,0,5814
0x69c50e43921A4D487d09638b1964F1b4A8aB32B5,0,5815
0xD673613b01f908c44d631D830a61d51ee6eC3C2e,0,5816
0x9eaA7da78Cf5307310674161E20909E6Dd1f6E88,0,5817
0x4fcB58120fc125D5118225b1A469E13cee4f17cD,0,5818
0x3228E5257a2a96C925993F8B8882728b782ac013,0,5819
0x4c2fD9CCC7B5709724d37a646a0AE048Ad902bad,0,5820
0x259F03F21b822a2D3648Cf65485Cb354014E00e5,0,5821
0x507821c17b54dF25c65f8a29E966306dc91aC4e8,0,5822
0x872501DD32Ae71C32227A63e6e26bC72BED10ef5,0,5823
0x4d7594e8eC420E868648e68091605Fa657Da3599,0,5824
0xac4d7fA721A3227DEf34c837d2614c8f026dDA76,0,5825
0xef2d2eA7740af6A7238bB9d05b854038bB646Ce4,0,5826
0x1f55C9647103AC8277859d5d36551adD437bCdd8,0,5827
0xE24C0a32511383DF720cD2C2728969BaD4727402,0,5828
0x88305340241ef71A2A789f4195C28dB13ED37550,0,5829
0xDc4f377B7E0e4dFB24Fd9ce72d312c3AeE78dDfB,0,5830
0x8906e497Bf769e60eEe925214456E4CBCC2406f6,0,5831
0x96D7c7Ad58A5b027846F35D91d95ED57BfB1dDe1,0,5832
0x3E840393F5f6DE3A1a9626143197601bD4071eAa,0,5833
0x8ADD1f37F6605E7a039bf5D34E69254808B3F7B7,0,5834
0x61f3254893919Ea331818dEAa0eeaE6041a149b6,0,5835
0x886aC12D5521e391344771e0aa35E8F3EB30b167,0,5836
0x179A2A856Df6f4eDd5498bE7B676E9b147F98ECe,0,5837
0xd947CE46DEA338bdc0B6d00ba99B21B8146A6388,0,5838
0x9F41433E978e23BE9A4e7d76Bbb8A9CF01456B13,0,5839
0xAA9DD4959580f81AC9010c452168Bf4BFAFF99ed,0,5840
0x2fAB718c51FD8E4A3F640dF744adf42DF7248d94,0,5841
0x3cF412B9B75C52c0fc81476BE9917b6465084F1F,0,5842
0x4C1EAddA8393eae117C214C822Ff66731815ee52,0,5843
0x06E4bf2214e58BBbce83C594768f1eF811A6b378,0,5844
0xAbad77BA4Bae1538D2539510d7c1386cF5F2c664,0,5845
0xdE3c7196a3179B6ce41a6010DcE63385A5e0e36b,0,5846
0x79736a2bf30bb87dA35Af721b78a55ED1b913BED,0,5847
0x18D704EEe8720718aDE349B9A55e90B81646B8a9,0,5848
0xbf07aD2ed1d875fF4032EbA865Ad69761678796c,0,5849
0xA21a6DC799F79695E757520224a0F6Fb99454263,0,5850
0x0c2b5Fa062CDa0ebFB6037B5Fa2f7ce1b8b5602B,0,5851
0xfB61d55cdA5ae22770A40E269f4C020E682acC03,0,5852
0x34782AbaE2D717b96D2E8107023D0c9D889f9bCE,0,5853
0x6304bdC25b9573Efaa42124D5e53226B079c0c6D,0,5854
0x6a0DD6a7C0BFD4ec45A92b7142074B6f1035dA8f,0,5855
0xa0Aa97e98a6bfff6359E7330AD600ab1D279259c,0,5856
0x5DDa821029A32668b76503e6EBc92D3019c37fF1,0,5857
0x146b8E022b1e8DCaE3e15eB9eDa8Ed1160224bA8,0,5858
0x1cA92eDB63119d70Ee086A45683E2B831e3bD2d2,0,5859
0xfDA9b4075e021D1a508d06d81507FE1FF1E65e09,0,5860
0x7b1c6687F5379e8c2A3a7874c60FD8a6133F1BD0,0,501
0x5eBD7210F06bF6c3BD6C0C010b266Ad9Df1B9b3f,0,502
0x1CF27D874Dc2E4145D5FDe04891e7fd324516964,0,503
0x7a99EB2713e806918a3e78780C8cBFC38F9C3E2C,0,504
0xa5806cA84e1a7D5B932508ED44e7B53C9e34d053,0,505
0x1D0b65Bcf3e8B5d1058Da76D8Dc1F990607545e5,0,506
0xBC280b053462e23f8e1795A3ddADB7995C802097,0,507
0x02CBB65f33d8F2581f4F6c3C5BC0dBd3568230BC,0,508
0x71C03e0F3b0DD808c1be204b659c51b43eFC0F28,0,509
0x7D574C13c503B06e9cf135d9617f72631f2d240F,0,510
0x43723471e3a15F943DAac845D5819acCe8C30405,0,511
0x4B1909be6731De39D1e452fcB514799A04E175Dd,0,512
0x885D255aD5763E32024F3Ab690458D8BC4F71390,0,513
0x4d56d421FB339E086D732a43Cb14c6c47Cffc03b,0,514
0xD5840fa1a36d2920d3b907435463e9d3dFa9399B,0,515
0x55D46334480FAa089b8268aAFef8De0f3D08665B,0,516
0x779cE044bC486bAAB3F26bc7d08828dA1D5DC569,0,517
0x5b9d38415bfbD9B28e7c8D52D4e0cc88c93215EC,0,518
0xE890F30ea1B1A763FA12Ba5c097954712804F558,0,519
0x0B73F9047F08D08578219Cd5bbE4307F66e98c5b,0,520
0xD0510Ed464FDef64f85C0333262Ef2462F8bdCe1,0,521
0xfc5e93c569652B093CE43489052bD8688CdD6F33,0,522
0xE6e55ccd01048b675d8528895D99B6E6F76B6e05,0,523
0xD35d3D524f99F401A45a2895078F99a6745f8e05,0,524
0x9463B58460336fdCfbBd7a861f2DCeD504B1B491,0,525
0x22Cc3678943aB7B8314C0A95DDF9F739B6f8348B,0,526
0x3Ed1F58eb37aDb77D1E5a18E8f4fBaD41F5c3aFd,0,527
0x9298b8b6cFBD09f407c81ca885801c7F0Ad13a6f,0,528
0x39627405e2e66CB197d642ffCA7dFDCe08C0e088,0,529
0xF350CF20382112803379bd0FCC38875dc3B6049C,0,530
0xBcb156823F6121237F3EC0c3a8F54469f0C0038e,0,531
0x635205A68A8Dde5B41e44b1fB6DC64E2Ac80642a,0,532
0x494A1Db8a2CD0C7BAF378996497C91dbCbD7900A,0,533
0x9E732DF46a84049f2F2c12A3397B0f18401cd6A4,0,534
0x2987b5C776AD9aAeFc3562EBa024C0fE5b981Ed6,0,535
0x4F6a92195914dF31AA112c2DcCE422b2D90a0f93,0,536
0x10624fbE185e2b0C2d02Db57cDCbda737E8F7a58,0,537
0x96Ae3eDe201B4dA7F4aECd6754c45AaF0276AD49,0,538
0x7fD08AD7d6454BcD584AcDE1fa8a9Cf72df737A5,0,539
0xb6923C565a64448e7e2E0c682fB5E94c55C434Ea,0,540
0xA03e7f98229D8cb608cf55a9A4a5009C9069ab86,0,541
0xD1bbb894c74358409d294fF97D2f561af0889dd1,0,542
0xe75e648b91aDe23C3476ec41dD7485CFddCf9c62,0,543
0xb4170477e6Ad64b30fc89cc09b0a344dd09CfAbf,0,544
0x3f6108f200238550129aC5b3e320EEf0b46184E0,0,545
0x1cE0843AA746F7074b3DAf701a935B67278A2669,0,546
0xFC76Ae306d9BE06a6249BFBA39dE52d04935Cd79,0,547
0x3004689F43f5f83c80122Df3d12AAC40bEc4a95f,0,548
0xc94036daBd42AF7f4e4aed4c4a222f6A1137E3F3,0,549
0xA989890697509caa2E04f7C1b3f75aC77F3813a4,0,550
0xdDCc9A908D148bf8F14C9cb1F5A5f393c3Dd4617,0,551
0xd2918DF230a5751FfF07aE95FE14553D0e02708B,0,552
0x7D21b2290Fc12deD3C16a698Fb8DAC26A8F3E3dC,0,553
0x2d9538202ef5B396B91B81c809A33AA54A4b0996,0,554
0x02ab4794e0C33de0EE948372fFAf168277e649fb,0,555
0x500730dce2E4E603d4c0e456bDfC6AaC425EA278,0,556
0x1347d616D0b78c53b4D71F76714F5A3C299F34B8,0,557
0xD7c50Ad01D4e28aeC135a1A643A0BB5EEc507Ee5,0,558
0x36f59F854236fA67AFBb312971D2dE9f145BC06c,0,559
0x71e94830e9ca44307dF43f6853Cd1002b6F441c8,0,560
0xe29a8BEB68c60d6c107ACb6C8E3EC83e18566bc7,0,561
0x721E9342658D13dF79D4957E8eDaf41332b565c2,0,562
0x573d7fca40f77eB71b4CB3cD95876c2346E9A1F2,0,563
0x18d1653ec7e0927787bC00E3d878cd5e53b19A1e,0,564
0x6A8Fd12fF752cAb9e2aF46E72898f35E2bE3D995,0,565
0x38FE1c3DDf96bf62F17b09c8bE9467b898E5d6E1,0,566
0xe3A484e7181BB5A12384aB57F4d2d2a28f1e226f,0,567
0xb2C9917Bb3009DD7BDB2b9a56F2D12D793f4DfF1,0,568
0x80c43fD0e4f406D518E49EbFecadEf93dAdf9B97,0,569
0x9171cD0EFB2670A4ACa308e80C32021AfFA0fb8F,0,570
0xc45716475e8A341d5d8c788f9AbB44A9c13C3909,0,571
0xe1a0DF4e43E90056d6c8C3Ef7C2BB3d3360F1B27,0,572
0xA042B2e867e62D9638AA557b5349009303eDeC54,0,573
0x066A3d807Ca1f16936f73FBd7dC7733Bb3dC6Af5,0,574
0xcC58E825e7a6E3651ea61aaFb354D3c34c06D29C,0,575
0xb2D9B1B7176205626cC3c24AbD650bbdbdAdc330,0,576
0x3886ceC650ee7c2da4EFdbdE3a8DB5Ed7c068fC5,0,577
0xc58eb5a34C901697b8BC6442161291acf7aCb97b,0,578
0x70b92F101C3E134A18Dbf0E6056E700f50bC1C34,0,579
0x18dA6ecdCc915C7b323ebD81d17DAb30E7Ae9ca8,0,580
0xf6D18267131F8597409162810359cB1A03ce4D89,0,581
0x220965330f3A7bC9A70462528dF19afC1644f581,0,582
0xE735389ABc4F3217AF69E2e0F459b5a75C3B5d7c,0,583
0xf4deF65fa25CeBd8B2781f6ED49d2C755776bA20,0,584
0xCf1bD1dF5A60ACaa020410852eD7a8FeB61dF23e,0,585
0x13E540A017108A8865DfA3FE95605BAb08F5Aa42,0,586
0xD4d87Df4c1b644004e3517cab0D8cA94Ba535656,0,587
0xA9375A21B4a57de7cC8D04a7c3a7fe6b76b5Def8,0,588
0x8e9C71deb392C8B9893aD61258392Ed30fe003D8,0,589
0xafbAF2b5c3Df5730989aBb66238c794fBbe784b3,0,590
0xc9CE845A473FA3278CA322dC7Aa5Fae1A957e08A,0,591
0xbA655eCc4DC08A36D5ddebf3Aa62518091d151Da,0,592
0x39f71fAf6B4a72d23e12B6F55C3B9f17F852504C,0,593
0x29705DcAfAc09e27247502E26Ea58445E9DA2CEb,0,594
0x03bEBBBd4EDb1fdEDEC242Abc8B74c84D11Df4AA,0,595
0x191E49EE47B6BA9c1b1fd17bE914c1E69d7C0bE0,0,596
0xD171860992CA41074fb72EB0cAb38ef869e454Ec,0,597
0xC285e42e77B2fda295faa3F33eEd93d3fFe5002c,0,598
0x5139721b05Dc3fac9f83Dc1Df4538E15Bf8Bf87A,0,599
0x6B2630A93D35f078913200d67F580204609D4d15,0,600
0xef8A31a478B04Ec7fa07D483b0b08aBe3044937c,0,1401
0x16f0eDeB312FCe81B483897FDB296e55740E1Aa0,0,1402
0x91ef9f23a164B6b16CBFC877dC190dD75AE63df6,0,1403
0xC087fA3B52d660434054097371ff3E775D64c2E7,0,1404
0xcBa5C024d0b2805a6631488Dd6f35694729c1D38,0,1405
0x54aA6761002fe2F62c0b38d5dCD2d0B305666fB3,0,1406
0x2C7707Ff52DF5137bDC9fE01afB8078ebBEA993C,0,1407
0x4De06c546a3277509EE2521943D91B05D48244dB,0,1408
0x5eBF6E6c852b938e83294594a880041b124652Dc,0,1409
0xDd74fB4c1f6fe4c0F063B3985E8ddC457Ff59BF9,0,1410
0x6B069C5F7dD3FB5184BB6A91360844D4DC487EB9,0,1411
0x766Ea325e7f334eb5b0E0be8DA37bF0Afe733Eaa,0,1412
0xCF7febe19367104815e18712FDf35b2183769BC0,0,1413
0x2d90Df08B07f323139DdF7FA53fBa5f02Dd7DA7e,0,1414
0x0721b02a8B1B3c835e12368427FAf75BDAE5CD0E,0,1415
0x34Dd11908162F0441B7fEE92C1C920b3459D998E,0,1416
0x4188a08DaA764eDC49e06714109a9Cd3BEBc538B,0,1417
0x9a83Ca804533a30906621459A9fe628D1Fc5906a,0,1418
0x486D76d6c08D54EB42E7bb2e9ad6c08c8FfC2Ad6,0,1419
0x5E410797e8964e742a2b7C28C32995af36Ce962D,0,1420
0x3e5a10DA6053C3a369B81ab69850D40824650F6B,0,1421
0xbA7349C8918bBf0085692DaaF54217721b6FFe70,0,1422
0x21cdd609A3e534555E7b4A42d5371aEbf57f105c,0,1423
0xCe8a2d5b4e834A36785f187c341e0E48997DF7cf,0,1424
0x14d0658ea8fB0E7B18C8b310f893798c035f4691,0,1425
0x2C4D23Ab1a6d4b4851e58B926df398383bb9F0B5,0,1426
0xfd7c80151e7c2e4d7b41aD2f1FE0eA12a26defc1,0,1427
0x9ED586D4A68B3445f9111b4Fbce07492C47A0890,0,1428
0x1814855Eda0FB19fdDA4910854BfE6cEF51bf442,0,1429
0xC8f7AeDd5646FbaCF1d4AD483648A14Eaf98D9b5,0,1430
0x503541a137ACfe7cb8Be7E82D174501B1D8C9B0c,0,1431
0x351676CC9bC6720fdedbbfAd05770BCA5A0f4352,0,1432
0xA642d1C15BCa007D1E3e7984a17CAD5aAe347f81,0,1433
0xc3327729e68dF189CaB76f11985DF7Ab5F45279A,0,1434
0x06BA80240932624756FFA0F89581Da6a3e2BAe35,0,1435
0xd621BB15a99aFc3Ec355f813dc9CCf59861779Ee,0,1436
0xc45e8c448e12FC47e15542a3F5a7979931E1859b,0,1437
0x52D2c00daDcd379fCA63dED1426c9e97d7Ee0Ba6,0,1438
0xB5F980Be46a8BfD232382329e308583fF843BFAa,0,1439
0x3cF25c0ceCFD932865F8919FA50d5273ED99eA8c,0,1440
0x87A56Df6e21F5aEf2F04A95167393609A9C441Ea,0,1441
0x1A0A9884C9575944AE07eB124200b138e87bcF63,0,1442
0xfFf0F201Fb03f7230ccB7986C26e668C14BD5e15,0,1443
0x04980B3b72674f392C050C05fFEF01C2774756C2,0,1444
0x0861Ec494d85Ea5aFc7ee20AA72c446942FDEC0a,0,1445
0x9CB927b82653f2E8c89E9a3954bCa17fDC06489E,0,1446
0x60324fAdA869471E3715a13d11f2207B57A8c3b1,0,1447
0xfeD78E26ee489D8B50c0B0F7E50d2b2A191B7778,0,1448
0xbb0cd3BBA0cFADCf7d28a94F694EEb9E548ad69F,0,1449
0xdA8004C6dDe3b8BAaeD56D46781d9B7960d47eE2,0,1450
0x959F5CC1fFb6c8F823baaAc56a680E47d692E933,0,1451
0xc9aB7B53BbCC75ac756f01E4B95da555e8FfDf28,0,1452
0xd352F6F3E0AF8EC0d2fB0Dd9E17012C34EDBD40a,0,1453
0xDa6fC1B0Fb4a3A55d518d40F31237B5Ea369C222,0,1454
0xd0c32E9bB04BE1519583cE95F22D4B5AB8c83d07,0,1455
0x0Ea531e945Fe2f0B8428B4E3191b6bbC35c87881,0,1456
0x99EFc4ed19F506A2ae376e46EE0826b20f1f4550,0,1457
0x05feAba5Fd7A582De20000DbD2bcfe807eafcf1a,0,1458
0x06E6C3E7acd3Ae00a00E632787176FDdA21dD125,0,1459
0x8c8f39E1DB42D2ec5aAA98E0D04E05c355ED40F5,0,1460
0x82564B8ff04e28766611471c189ae9Ff5005317e,0,1461
0x2815887E296Cd4455b8ab71c487e44774F9c7378,0,1462
0x1437F1F632B8054828880aF94C90F97Ec969b12B,0,1463
0xa27987cDcBF0616a256c4099e99b7B86608FFc5F,0,1464
0xe7926C645a1737b8252876b734D78052d287A0E7,0,1465
0x6924274671C6716D5399cf3d1Cb83E937770e3E9,0,1466
0xd908a7D867A3Dd2C17B0940f3046F4CCd9B8364A,0,1467
0xd469C9af5A3dbE0A652A8849fb00645b7F80EDB7,0,1468
0xA210b91CAce4D38b644F42Df492127009e285dbf,0,1469
0xb4C842C31f7F2B37cA74d2770C1981D5d6Ecd3C6,0,1470
0x7C34a4919afC167ef03cC9711BeE2E62FfC1c26c,0,1471
0xdC34725f9049f7268B54BdA10b10b2AFd83eB846,0,1472
0xaeCcf6f946eB3b3696c378f48BF2c4029744Cd5B,0,1473
0x7CACcC4693a276115a88313f9bF68756a1848E37,0,1474
0x6942815993eD04E0a5fF956f0a385b7A65935817,0,1475
0xDB87916ddFF980e664a83438160719b389C5530c,0,1476
0x33566fa4BF8c131b7d70856e40F40f25DF7De0D9,0,1477
0x08Ec2FDe498736949AbDc5A04045e6fc5F49de94,0,1478
0xe5A9E84215aE6D55D2Bfd2f2C35378bD614E77D5,0,1479
0x74ba7B1CbD9246EDA6204a774c649995ecf46919,0,1480
0x32ce4F69956B2682D21456BE4224843b9B7f5413,0,1481
0xf441f04e12086AD23C1a6B4c4179E601E4239eD1,0,1482
0x231E4fc250f3a116bfd8598C015623b765447745,0,1483
0x5E6D31b4334853c5C9fEeB2EdD02d9023AB0F06C,0,1484
0xf33D164B127b7fCD4515868eBF658127B436094B,0,1485
0x865a7F72cF0BF6b6d73c91A7F8250d72320aE4F8,0,1486
0x9E8AC57E1557EAC9d21C4F894bDfd176B4100c07,0,1487
0xf8559983DcF3eBd0c11De332D6A9DB0ecF3e7D20,0,1488
0xb9746Fcfba6b94C7Dbb06C19057da07f56Ca94cf,0,1489
0x051E9C5e705ECC462B30A1c329ffC53879B17361,0,1490
0xFDa88E509283aa6C7155BbA11cc0CdDe425271E2,0,1491
0xF7E1e561b411EaC779cF72C863ADecdFbf4e4e58,0,1492
0x2B8F9b2B5B73c6d1E4df895Ad7E8Aa8965A4b40C,0,1493
0x0F851d4B681cD4B434BF58ddfeF874911906a2E0,0,1494
0xcBf0d9145be2B046e7c014acBabab672a2Ac63b2,0,1495
0x11538Dd6182E0645e6b0e2036e96e79a6A6567f8,0,1496
0xe64Fa0Db42576a8136035D6aa0f434Eb5A6DabDe,0,1497
0x7a0C14E0fa930172c8Fc11318df318FEf6d94dEB,0,1498
0x8867cbe4e74246a9cA7eEea2514865c3bEED7271,0,1499
0x10dB815AF2B08b3f0AB8061249c4809603f670D1,0,1500
0xE292FA18e51D0A02c3D6756e7432dD20Ee74596F,0,2501
0x095502C16A493C915cef58b314af93016E2085d1,0,2502
0x38d79B4BfBD14eCF6a036a33bA5250AfA86208e2,0,2503
0xA7E61e6324Cb8f248c80258832C4e8603dB37Fe0,0,2504
0x7c880ef6bcbaadABC2dAD20844e691BbeFf631CC,0,2505
0xeD268EAA6b607F7acFa665c6da09EF5632297554,0,2506
0xb7680aa36bEb4f5B48A258FDb61D8B310c5bd735,0,2507
0x4Ca1b6dA051Fa9B5FFf52954D3377152c4121477,0,2508
0x4a4F805545c23A6b016A9cB000566998318f64f8,0,2509
0xE0eDc4CDBFf5d05312C0D36dc73A509CB59F4a62,0,2510
0xf1eBfB61768A1fA8029b6625E5B7010F2B9a8Ed5,0,2511
0x931f6094B84dBD63425B5B2f7DBA578925BB0d5B,0,2512
0x91AD237b9dafBc231463c43589C92CEaa051005A,0,2513
0x432D00d2FDBFD762a673296A4ea9FD452f9B4daF,0,2514
0x685306D4D6097cd64d159F3a1460C10AB0B5334A,0,2515
0xDAec1de45308448991965967cA799D8c53840210,0,2516
0xaEB056f185f2Cd3B4C56C70f87dd3DE3F88fF1b4,0,2517
0xe37BE740332340Ac162A7D5aF8D86c9F532cCA9b,0,2518
0xA214226F38600d7fB2F327eb32A3290A0c504062,0,2519
0x0357AF912C7a597e58987313996F09C4Dfcc81d7,0,2520
0x19BA88eA527e60d5575Bb4ad7ef85c2B8A4690F1,0,2521
0x48CFcBBdE606573fd3c00756f0C0dDFc303D08f4,0,2522
0x9d35CB75A7877297F7DfE9D65611012c3914Fd9b,0,2523
0x7A3766Dad5282995718D6D3b8bB66a101C66abCA,0,2524
0xcbb27359C34f0e36CDb28C8389cD66079Af62F6a,0,2525
0xc4DeD9315Ec0eF0068650A33dCd4a0c00110430B,0,2526
0x074E83981C9fddaB4a2e5F8BD4CD96fa1f563c65,0,2527
0xcDb2d26FD458f3a4534886660feF5c06A917d0d7,0,2528
0xC20fF676ca6Bc1Ebf6e15C96e56854FdAd87c9d8,0,2529
0xD4321d0cc63A219F3f70F23eb35C19E5a179ad0a,0,2530
0xf31fF05833ca6Cf3D6C90B39dB7b8Ab0098e10a2,0,2531
0x6ba13ebdA941D056d00E3D9215bbdB2991BD25cC,0,2532
0xf45b81BDcD06083596Edf6b3e6Bd4A104523Cb72,0,2533
0x15EC18e0e75E1971A6dE4124408c4E26659c845e,0,2534
0x430D23E52750dBBD4E7Ce185FACa8C7801F5D3F2,0,2535
0x6ae94c24243eAf4D14972728e97939CB144928c3,0,2536
0x091eD29a72C831424Cb485315114644C0CC4d049,0,2537
0x404747d1407771EFfdFF2b1e5Ae0306123D5FB5C,0,2538
0x5113f536640e1F1fdDc78B2DB76fC1d358B08076,0,2539
0x3FD35b0077374201A22b61CE55aedb8c522dA51A,0,2540
0xdd8206890eF265b62Fd3a816200c982Baa46522b,0,2541
0xf006955Bc3684cbb2912ae3509a907Da1885Cf78,0,2542
0xeD9313eFBCc19C992E37D6D909A48FaB3d3725a2,0,2543
0x9767640466A8AbBa68b122bD61a265Df5fABF95D,0,2544
0xD1d54f56bfDD1fdDBAA2eb34beE6A8ca4d1f16ab,0,2545
0x9D4A2ec0F55188E61Fc7D67e22F7380e3A6Efc1d,0,2546
0x88C128eE18e050646915cA112027f35617cCeDf9,0,2547
0x5e8313DA1e7d5D1aE1DeaaaD209B9F745920F6ed,0,2548
0x73774EE673D63c7e945d84918a2B8f34D5dd47d3,0,2549
0xc95aF70d2454A370790e8B8A96750acEF5990336,0,2550
0xE516123e63E054cC64BbDCBaAFb9A13E0743e425,0,2551
0xe04A622b1a57e2a1c753b1473DcF6A7890948343,0,2552
0x94D0bEa498d69D9F3F4482656D6A3235ad7Ff70E,0,2553
0xE7BcBF339cB5c6546A3f962648452A4156fB5FcD,0,2554
0xb6E47bA64ff0a4A61D3FE87a67Cb51B66692C7D7,0,2555
0xc2cFB4122130731B49a236ED4e966358C97fCaF6,0,2556
0xca00cb390Fec7801C8F62835B2B0013066Ac160b,0,2557
0x8f77d91C0315478353cbb9a7ded66451af5108C2,0,2558
0x7F88FBB8369683832af4a6365E4F74CC4443677B,0,2559
0xec11483C398758C3bB77454e49B102549B203892,0,2560
0xe0Ec56016C37ffD7be29B6B33E1eFe5C7d380b07,0,2561
0x0D73338fD8251a16dE80d56Fefe4C5b8DD9c3Cf5,0,2562
0x85A33DAb14a6bDe69E33623aaaD97B9Af537bC3e,0,2563
0xD5c13773e96d1196fE8cdF222FCdb5777C35A5F4,0,2564
0xf65955B977c62ba8C37512BB216AA671701C4f67,0,2565
0xb73ae3706a69DAada400B54b1BC7BCc608e97589,0,2566
0x9f93Efa62Ec481027997BA4aBC12aBa55cF5Ed53,0,2567
0xDD74F16daF833E5A6f620bFC3EAb1964c7d365F4,0,2568
0xC8a92B4b739497d4173eE0dc6Cf8Db9896bF9C8b,0,2569
0xC7B6f03d9754E799A1090BCcaAD1CB5BAC4679De,0,2570
0x3cE2a068360074D842BfFFE76bcDA5A223E29917,0,2571
0xA01C2e486eFf196ABd1f154fA3c75F9302044c6e,0,2572
0x85aAb04Eeb084232536c1E4E68E2a3490d23414d,0,2573
0xe16e2A59fF73eB46C7098958aEb91625e0802d8a,0,2574
0xb0C6c98C5cc42E3806AA51c7240FaF3aB91106F3,0,2575
0x193e7A045774A8756c3ED50c5B24364b36Bd47bC,0,2576
0xC3Ad405FBf4D66BD99ef0ED50Aa50Ea68F30321B,0,2577
0xac60a22dca6940F487d4b3D221320300f1e8278a,0,2578
0x24adecFCE1328EB5644016B84288348C63FE969E,0,2579
0x4D2E3516Cc421955Bfcd9f2C01576eD5eF95a652,0,2580
0xE92Ce557EbBeC70c01A8b2c2E43948b70065d9e7,0,2581
0x15012793a6D1b4aefc3E3aC7BC473eBD052aBC92,0,2582
0x6DB43c97E7D5bA1b030A77847a63D4b705B73aE5,0,2583
0x0056D22d641Af9557eE1a7A7654f63D66B3cc248,0,2584
0x624E48fE11492431247F7571A2c4cD5cc4fB7Ac4,0,2585
0x82aC442FFD4F0b19F0bB2cd800166286D1CA8ed7,0,2586
0xF6e2179865328F003C5c220E87B32D9A1163f058,0,2587
0x2ddeA745014D2F6e06f740D9f67b7E19717b046F,0,2588
0xbce584f09255c2286000DE69389d105536f87523,0,2589
0xbA7fcC91744663B3cE6aa0EaCE790a5208Dc446E,0,2590
0xDF1d616c4123e6668734482231F63B5aB2bC45cF,0,2591
0xAB00eE56aaC29F11CcF5336bE93103729289901A,0,2592
0xe91BDfdD0E47ad8C6BD326799F6Fb60DA6CB7121,0,2593
0x03a7afa41AEF75d98Ccb73362184Cc0325932aC6,0,2594
0x34884Cf5b10AD411F965AF3093dC96305Bf64E0c,0,2595
0x899BBB7B3b0d6e6558763799A5DdE11dcc5E27ca,0,2596
0xf32D8281A1c16671AC954d715e16f4FD970694cf,0,2597
0xEc1f8e6Fe7a48fA80984Be9f5F9ca557Eb3a9EEe,0,2598
0x7180EdB00c3C308fdc2Cc8362014396336a2a327,0,2599
0xa987b1eDEf43d50E3C0812dA4099f7152eC68Db8,0,2600
0x3728EdC248f258c5c7a06cEbfDBcA973dAf01330,0,3501
0x776cC0af18bCcedb7e40dB752fd0A028f6964A51,0,3502
0x017B0cAcc02F8bD90F79E4C3E3b905F85214D2e0,0,3503
0x69d5F350Ff7f248f2505a69fEaE61d3ea3D59Bd0,0,3504
0x34A96873471A897f49A4676a6e2f9eA40f6B0dE8,0,3505
0x7B50C9520c4138D8e90d42152c259133cCf46788,0,3506
0x76167861b8fCAf64766C8359ae62EEF9C3b6A829,0,3507
0xBcbF96170cd3B121b476A38f0B23541102903631,0,3508
0xb15a5F7d454CCA3388e28f8ca16f80788E6B2d2C,0,3509
0x1eD39d540915e18F5E440e3A8bfbCEbafa661a37,0,3510
0x62e328E15e21B75aB81B1Fd02C719ddc55857956,0,3511
0x67303b08A2Fe1aba50e4306224191a0dFAeB0E58,0,3512
0xc40912b7066B547B182C3e8C8F681Ab430B1c69D,0,3513
0x157c2DF7a76cd0912B4fAa22C368514e2F05cc49,0,3514
0x5297bbd866209B338E582E6Fc322C9A8f009E411,0,3515
0x5617211aC7be188AAFE06a18b467E128B145ba61,0,3516
0x49B0320552Ad04280D05ff1BD973602E900dB921,0,3517
0x79dFDDe2b1e5e790679E1ab03e1fF8727E5f5359,0,3518
0xA6E19f3b1c75Ae5b7a18f01202DAFB5e8815b9c2,0,3519
0x7404500b8C547d1Dbe8DdDb68A897750dCBD76f9,0,3520
0xAaA2916F265895FbFDa0e19E5A69fB5ac7A522Af,0,3521
0xa9b9bD00260ae7f36a33dBb52e13fc05257c6a00,0,3522
0xb7A69fBdbb601a8a9Da4990C9d509674A25f67AC,0,3523
0x917Fd22F52BAb4543a64d02f581AEF658BD03231,0,3524
0xa4282b60988Bc1432B9A0B1a4b41fe2410E7308d,0,3525
0x01dFef1Efd36A787c2992a6250dc009A8442a856,0,3526
0x489F701753f18E8acDe8F089c71D3DCe75DBDD35,0,3527
0x7aA50824cbA08125cE2ACe378f04Be4C1629605B,0,3528
0xC0f4CcA957Bd4C1c91440b9D2F3CCA8F4Ae445B3,0,3529
0xB17926c95c2a665a0AF1bfe7E6383F5437caB1d2,0,3530
0xd30bD80cD43eD6f926cB8aeD2118c08038834d01,0,3531
0x2c2950Ff6C6dB266317c34365757B1ba5e1ec860,0,3532
0xc36F66882cf50ABc81dD3DD9dCb57752Db4a9ff6,0,3533
0x28b93f3Be9B454DfB9d7C461FF2D403655d7b870,0,3534
0xF6d89c7b8b2bb860aCB9f1F838838EB9D24f7b55,0,3535
0xcFFa89f89e3BeB72bc80A74e5229D74b489b6151,0,3536
0x37457C59755e99402010affD12f9C2f657138C36,0,3537
0x49C229fe376fc9Dd6C5b511372C52A0195dBCF84,0,3538
0xb197d37E117CFB3DDCF38faFC89067c971f7E60F,0,3539
0x5A2fc628d68C951B21198c6b5CFA2ABcFD7886C1,0,3540
0x551C18d433CDC5a6BD9B1743aB3B8c09497E4cfd,0,3541
0xD73E778889b61A81FA4e81A28cC79cc534da6099,0,3542
0x54C7647868eA6a27f7EABc330F05C638fb54dae3,0,3543
0xEfAC80887dfa05B6ab6E5462749E12f6dddA6fbE,0,3544
0x2431F9b1753C6e1Fb3519D5961c69e1D45933C89,0,3545
0xaC6856540C31695FaD332C9772B77797f2237842,0,3546
0x92F4cC385B90582743639D6c23F633aB93F2146A,0,3547
0x0FCB7c8aC047cd22d261e533e6283AA2d426DC09,0,3548
0x887Ceb5A358230C894871eca7d4dDC64B0413D51,0,3549
0xB38237bdA8bb85825B3D08E864EdB6caAE0A4876,0,3550
0xEb9d457209378dc53fbAe3a2ad9D4e9985fF55af,0,3551
0x95073433F58Ed8eeF2B5d5843Bf9963158De3872,0,3552
0x77C041b5F24bf12857d93380223F51610fCB62DF,0,3553
0x9739F7D7A12fc2AdC5b859A3D9aa936A288e7ceB,0,3554
0x4759F0eccb51F8D4B4B4C6863546fc932b3EdbdF,0,3555
0x35931630DD7D7E95DA5C7a7659f081Efc331D14c,0,3556
0xF2ed244BE608DCD66620E56619C4Eaa115c62A2C,0,3557
0x8f826bf342ffE48f420398D4d5Ee947D4af59E99,0,3558
0x9B0697064D8Cf2AA97b340c07eFC7a64c6577523,0,3559
0xeF7E4e58BE2fd4bAEbFa4C0c1d21c088c189C313,0,3560
0x5cb8d5eFD5C7b8Fd5AFEb60B4e8Fa2e2d83b941A,0,3561
0x8a7AFa828134Ebd70F7f2abf71E4b10A2837633B,0,3562
0xF82e88CD90c32731AC0Ca4FF21D3C0450Eb4D057,0,3563
0xa1BE3Ab65b593413A65f16b739aa2E5101e0272F,0,3564
0x05A3CC24a38575fa9EEf8c4870433F5881CcFeDB,0,3565
0x6598e5D303935650964858e338b5cE45e4EB6910,0,3566
0x028Ff6F470734Bc06F2524894B5Aeb11D56C19cC,0,3567
0x0C5018c560125bF983D05072e5902893D1743DF1,0,3568
0xb1b09Be430D3F4006f34776F6A5be59Fd1f4A8ea,0,3569
0xc6C3e53C36A9508131Af06EC0C880bAAaEB1aa7d,0,3570
0x99dD7A86Ac35152C30e9dBb8F6cFC4879f9e2664,0,3571
0x5f6c3604BC759d06915349E6199870afd6f9b1ee,0,3572
0x9115231992bE1a1De123C13E023506C09eF98Cf1,0,3573
0xC010ADB4209D6873Ecb131BC31C2D65Fa60Aa40B,0,3574
0x61D8a17b4d76fF3c5fc8DF95ebD87b23c306d6A1,0,3575
0x0101074e404655f25b5ADc1e813952a8d264ED9d,0,3576
0x2A9f59f17ec0666936f6D4e1ceC3d30c2F208496,0,3577
0x7a0aaeA252F2cB7FeF48c0Cf55a34F2358B8EFd3,0,3578
0xEAbD7Ea2FA3CD91ba24B850C894b30175FE2D6Dc,0,3579
0x0fBD569593647A0b7A6CDa580b1437Ff6603bf6e,0,3580
0xe2a0871eA82d2dEfA306bD729961612672fE6484,0,3581
0x85eC0B17c0990473a31B44360431878eF5eE53d0,0,3582
0x4e20F4d7A3ddf50f0E9da14992b3271b6f259fc1,0,3583
0x78836f3F61ad1A5f24F93Bc2A0cB5a210D3A14B9,0,3584
0x3712189B624e6CcDD21b6606E672c4b327c0BB6a,0,3585
0x0CA66977433b0473eB6935f5F619ca4F107feeBB,0,3586
0x1a6Ae7aFfaFe8Fa69b299274b9f5EDeaaE00cf52,0,3587
0x25466b170de42ec11FF7B8960Fe0A622cc2Fd734,0,3588
0x9fe05d6F7fEbF45Ef31a6C9d632230D474Cd4BE1,0,3589
0xc027679EAAB107E669e54749D4B069E68156c526,0,3590
0x6b5dC0f8A5cb08d5ad02A6b65e5C43f82C397d67,0,3591
0x2F9B5807C2973cE01EFBB85dca1dA98A0871d657,0,3592
0x60b2Cd031Cc81B08a88723c79E20d7274bdcBE5F,0,3593
0xD27A7ac28ce51fE9a0A46BAf41783C21795E88ce,0,3594
0xbD2D6A35e8B928bb1bc26a5907e347423e3364b1,0,3595
0x759045311e0338425840FF6Be4B3F7209f0DE224,0,3596
0x43ce79Ee2D5606E6e361409Ce8C9A5D4944A9b20,0,3597
0x39F50eaB86a4aE5400a87C0C1f6fE47E2C3DB8E9,0,3598
0xb9483C71b6D0E4493E0AEf6062FDCe498FaBd103,0,3599
0x66a8F9Ffa7ea7846947E86D99A8a7c73a466309b,0,3600
0xce32C594475a84871C5E50902ab1a0AD5A31C2D8,0,4501
0xFFa7592E642f71DBd9a5C461baa21d87649d178B,0,4502
0x83DCfdb92f3252F14775918be870FDD0795ae18C,0,4503
0x4395682da847de21106822C77b2840E102e63D60,0,4504
0x22bceabA761F30f13f13CdC69725837fAA006A95,0,4505
0x6Ef2fC5d1B926d28FFBaD8bc1A98AE81Ba62D9fE,0,4506
0x296BA1bF87A22ef068bEef30F45330de2E9AC0cF,0,4507
0xA6C1C05FA4994C388863E13cf6Bde88006CeCd49,0,4508
0xEf9ED3567e4f1e54A0c042fd85819BE5e4dd364B,0,4509
0xF13C4582f1ad4397a220e2926Af5B8EBEd51118D,0,4510
0xe732f45F88A9FDfd5101a657A98AFC134D23856F,0,4511
0xa88f2d1D0Ec1D28560A224b08EDb2DE475f08cE1,0,4512
0x826b61fA6EA8A0CcF6873601A815087E5A2E81cd,0,4513
0xE576B0ebC65849f7826D67Edee4DB1E6A3b7B17e,0,4514
0xCbe93fa36230E04eD2AeD98BAB44FAE795057313,0,4515
0xb7e1Ca0deFA69f280f8C9cF3EE5F648416422CE0,0,4516
0xAb5b660Ce825A1F330d5648D55469f05F18013c9,0,4517
0x3F9eaE46A6E73c2C6893Fe94Ec04d58Efb7B1b64,0,4518
0x49665D930bF4fd93e851C8C10Ac7328E97019d99,0,4519
0xeE7762Fbb53A97E7AD78A0e68DDc3F58DF086ECC,0,4520
0xD7d3774eEe2149f6BacD56086664F0294499De2b,0,4521
0x9c84DcF9FC4c0A692f6E60BBBa3f847A41178546,0,4522
0xB99DBCE5C5D1cBC1021c3C7Bedeb9AECFD7FCd1a,0,4523
0x7160B7AA37b273325c98c363ec4844900b95c522,0,4524
0x582dcCD6e4CbedeDc456602Ca6d5d18530253198,0,4525
0xde3b5d6dA76b7688D465C003A4B59fB831bD7a73,0,4526
0xBF2F037919eCBd3Aa8ddae53F48Fb09Df243608c,0,4527
0xde9Dd864a094a42EcA1d387a85fe9be9015cB2b4,0,4528
0xa6966fC99598D4B60FB9536fd13A09937924a3CE,0,4529
0x969CBF12A3210228F94a235FA065a100ad7e9fb3,0,4530
0xC003D51559f9eC9FE25B5C20b95E04dd103e3ff4,0,4531
0x4F8af81379a551C172581f572165D339aB94b61d,0,4532
0x2D53356d8bDDD981C034Ff98a7d71Ec1F9914a79,0,4533
0x5Fe3d44F2106366B03647aCa8999De3aC1ec5be7,0,4534
0x9a59aA872D61171d90026C50c65234e5448D118f,0,4535
0xF515191620aD2266c34Cbf9dc214b6AB6046B02d,0,4536
0xe1153CCe492fc67f58e385372788Fd5b1f8ecc60,0,4537
0xA50A667EFc65E0A4ea390903B2bd61446e8804b9,0,4538
0x00e01D01790582E2DD03c84475241e016D541dCB,0,4539
0x284B351998e88953809c4dF0Bde576422D466152,0,4540
0x96904751798e8aEd5F0E43881d85E34b6E1f4617,0,4541
0x95Ad88E315322923e081D07ddDc75BD5148168C3,0,4542
0xAD2e091282FF08F0E19d3EE5ED9751bB760450B0,0,4543
0xEbA75ee193810F12B5d796b70f4b1566CB75118D,0,4544
0x27Df759296754f7b1b94eAdB53b15203eED2540F,0,4545
0x9af89DF5261609C1ea6EEed1227042C4A793d8Bf,0,4546
0xfd32eE17b9d6a1a7062038a37E61DAd7023e4bbd,0,4547
0x6e60f5aCfE06e5403Fc0A37ca7CF93f3e61C4452,0,4548
0x9363ca46003c32E27d6D964b028E000a8b87aa11,0,4549
0xb3c3bfC150C4972139061a134e8eA9fD9A2E8439,0,4550
0x53C4c5C8354ad8cCe77648fD91cA55DFca38412f,0,4551
0x464b383753792A2cA8F27a85BefD398C60e972DC,0,4552
0x603f2099311dDa60543f70EA6AE9505698EaEf5D,0,4553
0xb858D36E85FdaD5B4f898c6d1f9333A9688e0E1e,0,4554
0x37b6AAA4765cC6053CBb71403C5b2E5047485Ed3,0,4555
0x0176a50C88AC4C6929C98B467Ff53380765Ca36B,0,4556
0xb49ed1dBEcf900BFCfc96DedFb8FB97eAA851240,0,4557
0x53A3e79703Ce916b199B8A39cC33f3E49E3c549C,0,4558
0xb96e3155d9711558D861b38F4024e6e4F184D970,0,4559
0x999255D274f6eB9A04d8749b6Bd50d8f7768AB25,0,4560
0xB0e52a46301Fb0d31D55989AAacdB5cf909cA4E4,0,4561
0x54022607e4df31991Ed0286BFA36D827995b9434,0,4562
0x65F95059AC7D6B4E0c4Be4e884715b560668e8a5,0,4563
0x336F82A4CAD5911116370B6072BA1CeE491Baf5B,0,4564
0x5380DBd0b4871717a730283e7B02eEED00a40e83,0,4565
0x977Cab8fd07EbC717671B6E4DB279447f3cbd988,0,4566
0x4A60bd534B0A727b2408FB34fe3b5573B50c4297,0,4567
0xb25758a9Ea1AFa5B4d2A7C814F7D93Ab62bD7431,0,4568
0x7688Bc5E720ba1FDcB6F687778EBBdE68a7bfDAe,0,4569
0x84A57Fa60550Ef74aa45251a3F74E488889be321,0,4570
0x3F8449896efEf4bB91c0c9B25bD0C3C2B1df205F,0,4571
0x3353b1b168E2E31b53417B3d4f311564a5DEAe7a,0,4572
0x7ADE3b45d86bFFbc0a55e39F7D38B7d6D57fC66c,0,4573
0xED5dFb000996809d6190B206e2D519BDbA9dF1bd,0,4574
0x6dD1631E30A73BDfb273FA34cACa94F5dc28645e,0,4575
0xF45Bd2f1a43893b2a27588E7e61c0F5a4EEA7733,0,4576
0x97f57636A2034dd321Cd68cC153D8D74c7D5437a,0,4577
0x4d6BEf827142e3EaCd9F3DFBd0424e856c46b805,0,4578
0x82986B3394B774cE0d2E84bd984F4D312047586a,0,4579
0x8b87889A7021337931e4AEB9b2B162F1Bda1FfC5,0,4580
0xBa8c2B1ca998e95d59901736F798d81E5eFE0aE4,0,4581
0x3901A51500cCBc693CdE1FE5efF0ff221ECD3e90,0,4582
0x7C512BDd36f725cC5404E1DCb57e279B6e284261,0,4583
0xADe7e58a616Dbb5AA4A8397795b95B2b52f58539,0,4584
0xAb555DF1639ce3A7F2Bb36e1857FCaEc11E56Aa0,0,4585
0x19F461a14DF8454e08053c670247c3a6bA78F367,0,4586
0x7dC7156ED4380d9814300D70bd928b8605f6A0Fa,0,4587
0xABbE5573C4940A8087dbfaa9fFd93c58Fd4457b3,0,4588
0x462fAaC161BCfe92ffE89BDdb9e3C3A6bD9AB701,0,4589
0xdDA0Afd60dF26910BB76D342EaB9bAA0b5F975Ba,0,4590
0x723E8C4389208bF77Df861F8bc754f79ccFf7b9d,0,4591
0x7402a97f9Cf1072FEa5c8F42d6A918C58eabAb5C,0,4592
0x78C95191b59b6F8761a4410d9985C6aF5C4Fc62F,0,4593
0x4C305149A668814AC9f5629e6dF6c0645C68926b,0,4594
0x4AcB5412e6d04D21D398fBfFEa65F542Fe912828,0,4595
0xfB0EC3eFf5a23D3c4809cB6A5429E0ABd778b6D7,0,4596
0xD51F1fa639EE4aD3c5225DE0153607a2a2086Eb4,0,4597
0x3b47854FA2E1E69C9c6c502fCcfA7eDFB29D3B9E,0,4598
0x60C54f96909b95E6d5c0702Fb6e9499cd7FC72c9,0,4599
0x032e677A84cc74B9261FE50880935D265640D353,0,4600
0x942962B4d840ae2dFECB80a5729Af1708741e656,0,5501
0x2ebe741663B08c98736e545A1B95371307FE5652,0,5502
0x61477147F30b324359dffeE3D52d7187949d8f92,0,5503
0x80Be3616BD635B562c7A2430cB9fBbCf7cA92fB3,0,5504
0x08DA4b7928176B75eF07a5D2E40d04FbF0733877,0,5505
0xe7C2A219F89F1d6AC08b3b055D49c3CA3124EB85,0,5506
0xF3874a15629ABB987eF4CDc70280d2b52dB1F112,0,5507
0x0E49eC1797A95b40970EE761DF34Ccc789C4759e,0,5508
0x731f1f954deF7Da4886Cb1483F66a073dFD0bA16,0,5509
0xD5De892EB944a02dE7EEF87F468964Fc2eEAf998,0,5510
0x81fC00cfC61c2284Ae8144a1714a155d664765B1,0,5511
0xC6aAca171c17cBe03e8A61f9879042e726862e91,0,5512
0x309230C9027359341B239917d8B8a13a27089C9C,0,5513
0xca4A1723C5441EfDaFDB5835205a04f734A571ad,0,5514
0x8eF2E966f98313f593D8B98FcFB48dEfa4Ffc6ec,0,5515
0x0c1205b747d8dc440E0E4a5Ea5053Eb6FaA73662,0,5516
0x947B08b004E0e3a30b69cbF086670bc3CC2a9890,0,5517
0x35eF4A08BD64d59e1f66B681dd44Ad2260F15363,0,5518
0xbb6f9A7439C0F0ed3c22111335eEdFC5bEE55f78,0,5519
0x0a11e48052Ae3Da14c8e168569861922a8056798,0,5520
0x6941eFbcFcb2bB1139DcC024Dc351Ff1E4881F1e,0,5521
0x19C7F60ae15A7a170FB2f07E7bEF629b6E4eB44E,0,5522
0xa1FaFAF814e5316A0C1C189d8d6F20C0843476A0,0,5523
0x7813DC389368d7FBff322ea2A725af42EdCFd371,0,5524
0xa5c31B391a9f68825edc2A5f2fC4CAa6AD9aD31f,0,5525
0xD6d1fA12af8eBbE7645e6F0dE91760e7A8339Ae2,0,5526
0xEDC95F02c138EFfC03dC3e3bb84A3A2E295022FF,0,5527
0xe1a6637444a300f227f2abC9440E44AA35E22Acf,0,5528
0xF81AB699216C7aAe1371d0Abb9A3a63715F4b7cb,0,5529
0x8653e63aF43c1B41820137A2dD86E0eE54F74B1e,0,5530
0x5f4FB3eAADDe93e2A45070A02cAaD0C0cB43e0d2,0,5531
0x5eB719D5bBBaec1C4E629E56fb5a1bA041d15213,0,5532
0x2a6B673246e33352399116bCEA641d306de7556B,0,5533
0x1253359E9b59fB46AF879Fe9Ed890AdA32eEE02F,0,5534
0x9cC9aeDD285eF9bDE5Ea1c520879b3FCc63dea27,0,5535
0x1f89c8B8f06085aFDa83eED8d728bd8f48e591A4,0,5536
0x4dA2105D69442cD4CA4F20f3087e42Bc53316A8d,0,5537
0xFf5b13D626AfCDD976dcEA3a07F91Ff691d5ae76,0,5538
0x257eEe4B578527427e68bB2bc39b02B80d1AEE7c,0,5539
0xB13110B485b74AaDC8F7eFE278359c4a7304df6F,0,5540
0xEc3d665b5Ae8c27EdB96FF41ead4Db2681bAaE4c,0,5541
0x9213C98602dD551EfD532770bb3CAf3A272D44A8,0,5542
0x006c8237Ac53b61eEe68686d8957d90292E7c3e9,0,5543
0x3F603ed92ca4AAe722723f7c61581B9B3d47aE00,0,5544
0xfd0c1B719022eEdA43D342812Ff063a769E7C7A6,0,5545
0x346Ed15c4cBeF948BcA89a1bC03d51BfbCFC3E18,0,5546
0xF0714c2a6F3513e3c5E94FD8AecC2eD47a29D60D,0,5547
0x6507cAb9944DE0e6a5BeaAcE5363C73a47fc3a89,0,5548
0x96D5AE565EC25822E02531742bb7a028b044d89B,0,5549
0x92d83182d0Dd78AA5716332D37Ff5e04941c99c7,0,5550
0xC2D5fE4760eb60CBDa90D94287F090c63097F47d,0,5551
0x643B6C082DE398d5551b749B659191eC04F2900E,0,5552
0x15531e2B2a26Acc84487aEf7D68dDf9BB0aa276E,0,5553
0x17cA7e8389b1074BA49dD3a480270F45675569C5,0,5554
0x84002eDbf4928d2E9612462bDDcD22EaB713c2E7,0,5555
0xcc5872933Db70318d6F740fdCaea33B0047d6CCF,0,5556
0xe5B73f8BB7D5b7557cd5eB930C0ce779ACc6c1C4,0,5557
0x2eA41746AA56ACc14B900c2B6b1CF7856b65802c,0,5558
0xd66ccB021ed2BE4bC945244C87c9E00AeFEac882,0,5559
0x3b07868e4B5d72073bAF284Dd5ee9D61C5E01D51,0,5560
0x19166333889eA6773c09cCbb03A6c306bb3601AC,0,5561
0xEbEBD921061B575184A9222c466002Bf890219fc,0,5562
0xeC88B7AFdF102c960248472934Fda098C7cb17d2,0,5563
0x776EaEe1738e84368D344B429C1326ED9a4FBdFF,0,5564
0xE1Eee803326db3277f9c44C9F7878b54dF8063E1,0,5565
0xC27db4Cc6f7Aa4f3D69484590B65Fd842c1e7570,0,5566
0x2db534976B8b3CC195381CFc9611F4e0e5e2E014,0,5567
0xC883D5Bff3d9B1F42444a3717C9bC6B7eb654139,0,5568
0x5A93bCB6a9d641FBE093de3c9C4f1a449FF1D6AF,0,5569
0xa82c8f52671ae88B1dc57D00491f396547e6A1Dc,0,5570
0x26eef13Efe2148971efbd7e51681c10b83d108B6,0,5571
0x0c2A741fef47578D40814453518842cFcdf96cdd,0,5572
0xfEE738d57f823C7cFB1d2C7fa7794B821da6CdD5,0,5573
0xE1Fa05Eee5C942cc5DA6786436250f45d4993132,0,5574
0x634c315aa3EC492B972f30DF720b55aCAb28e217,0,5575
0x6216c27F92814d4A506A8526e2552421fEf7e2ea,0,5576
0xd4CA495578C8a5FCf94C4abcB7Fd9A84851Cd2fA,0,5577
0x7c65e27565F1717fBC6054aD6F67E3A4322ec968,0,5578
0x13dAD2ff2605abEc2011460B1234Bdd8D42C3d70,0,5579
0xD17B6c57B204CF3E9d1B2189731870C275c05fA3,0,5580
0xd2FEeCFb2545Fcd649064a3060BF947f85cd2dFC,0,5581
0x97A2685b89F05D80fa07086E92AC5D31E975Fd98,0,5582
0xb977Bf216c667f96b7b9f42Dc45FB5F6588B69DB,0,5583
0xAD8D33c7F090Fb9a4529aACc6b88A01544E7D215,0,5584
0xCE31103456c70A48b0247B45dA0FEAf79489791B,0,5585
0x459a0f50cAC77cFCff1646fE30996D08a77fc895,0,5586
0xe42bdB142CcC10B376DBB453eD60b3821c8E0974,0,5587
0x767b949d028Ef33EF934A2e157B00C58ED2ce630,0,5588
0xFB4AA80C86bBf7D25B7893296E679c9688B630B6,0,5589
0x737CC7AfA11b5Cc5a8ED0Aca7382f0096B9609e8,0,5590
0xc928ABde52F8217f3beC1375c21bF17EE52B4a43,0,5591
0x8F00acB9Ac28bb44FdB9761e8299E506011A3c4D,0,5592
0x5cF5A6bF242e7C511E9CC5Be898336032DaC770C,0,5593
0x98853c1c0E6a7547dA1BD0A5e23Ff45B40C7BF37,0,5594
0xBdfA038c05C62616bccA2c63FFbe9F3fFF4b5DdA,0,5595
0x21247809d0d4bEe64D4572F81ef7795dEd056abF,0,5596
0x4AE71aeE779Ca47Ae151998718e3a9fDA7866A93,0,5597
0x18043760CB147dD61aE685dA3858B1403D14bd89,0,5598
0x796EC13760266F72b61c46986165F4f7fd05c673,0,5599
0x79a418F75fDb898f4fF462564190e1700EaFCaf5,0,5600
0x1e64723c28C801ea69493E91d2bCC10074AB06Cc,0,601
0xAbe9dcC1AbbFeaAE255d1288bb537638C28b5a63,0,602
0xA2e51508208Da3fD26E2D49BCc36Ec7Aee77A56A,0,603
0x678ec922827C18F0420e2776cCfc1143cD599a49,0,604
0xd9Db1A0a1D589DcDd91831f37e921E97BDe78661,0,605
0xE9ed246dC6F21E36Bfcc840e9175520722FE6Cb8,0,606
0x560eFE4e7C3AD817c6f6140225f327ACEC25B27d,0,607
0x51B6334cef59f7c10760487f6acA67C90ae2574E,0,608
0x2f637A563C9292525e3c7d6F804e2f225D724E43,0,609
0x1Fe2A4E802223E95B84C86e2845B8b1fb64fC58E,0,610
0xedf27D81516872Bfee3535609C627CF9619852cD,0,611
0x952FF584573d898e893f66232b068555A4C92bd6,0,612
0x432556B55b3BbB24bbf52B4a0E06c89EC21186BF,0,613
0x4Bdb57d29Fe0d8eEa2B19d89eeEd0cBBBc854a65,0,614
0x6747f9a9930251f0ab81a436C032Bbfad161c7A6,0,615
0xa774cf8148EcDf13a35C1B412F41e0A7382bfa76,0,616
0xA0f03aA08CDc293072ef615566475c1886a0676f,0,617
0xCD205810435d33C9EDb9df689982a4f3267b6Bf9,0,618
0xA1e4990d3e89F4d657ea77eA12A2e8d11486be9a,0,619
0x82f9a7Ca67EE915d71A082648605c78cD052f735,0,620
0xa54ab96617B9926bA9dd3ABa71E98570Caf74254,0,621
0xdc0730cFDA13F3423cB108Ab6069E2d30Fe79396,0,622
0x6615E074c58bfB8b50C60a034De666311Beff7bD,0,623
0x01ae3d71F977DE566E398580F01b68dD7EA9fF37,0,624
0x7CF29f654903302121fe9cbA6D84751C44d2f812,0,625
0xB7AEcf440aaEEa4d757d1043629E7A41350c0532,0,626
0x0c83c4daA8e618151e9fd24C385f0a756c4d2A17,0,627
0x72543108F3CAB0Ab0acbcbB25AD4D61a3D00F640,0,628
0xC0cA8c678fe14a46f2376c133B1e9B37D01D2592,0,629
0xf3D324969fA29cfa255ed7c6Fe7dDd96A7F83C1B,0,630
0xb88A68a1Ee37C32999D7432CdA0D55aCf114046B,0,631
0x2FbDAF9Dbc20A7c4863cB867Bf73d7DDe3B4a0e4,0,632
0xD9a864999Bba578Db775b6f18Bfd545Dca77772F,0,633
0x4AD3E1B0e39b8486C8c9D7850823C87B06B80458,0,634
0x72Ba51Abf322f651b2aA660C683f37af0d6196fA,0,635
0x30d0F43A0F35fe4E401533D2650d76c78D35DDfa,0,636
0x7e400b0A615e2eb53c8fBe0811a6F0e9651a973c,0,637
0x83fb4358E40674bC9bae31B82BC9228D01510E53,0,638
0x08c36455bfb858126Aa2EEb53394b1bB2F2FC201,0,639
0x31B13d21DEaae2868d01B63C75b0881dd5a76409,0,640
0xD7a75cfF0448C1FA2B6082De29051D7fB07498a1,0,641
0x80845f5ffb1664a22D22aFA371CE29b3fB060137,0,642
0x089D040789D188543681899cD880c357e47675De,0,643
0x579f5883649C9A9eDa79A909D595811B302B74d7,0,644
0x172584aA6AA6702d8c8287df0A6905138a3DbDd4,0,645
0x1BEE8F22669fC5c97017cfA08A928600F729E1A4,0,646
0x893e6786Fe0194cb7602eE7E6F447780eD023aaE,0,647
0x8E9d4e11e9e8522d09896Bd9C6e7Fe183976cD01,0,648
0xc36790a6193d8AAfA9d3E7D77f37311e49358A89,0,649
0x65433567c6c742e9Ca45A9812a23bA145dc0976D,0,650
0x6FAB22015eB1d28aF811a20985E792fD5C51ea8E,0,651
0x50eC592336C684Cd4820d7c36346Cc441B32e160,0,652
0xb3d4B04A9Ea1C24bEb5990FA75c535ea27e48929,0,653
0x4Ea31688094382a2279F97618E0ffF7D55Bf77ec,0,654
0x611b3D31D74FA965E44C48B66b351E14bD93c17F,0,655
0x46011f492ce7174138E602e3e8359563C2107e91,0,656
0x35DE333D2da5c26D905c2A5E56f91b8eeda97bb3,0,657
0x5f70E6176C1a6EBAbb812E565a5AE5d7977BA7f1,0,658
0x1B1f12a0bc501a66aa586A37613d09E8ba095dA5,0,659
0x911BB80E9938e67193AAE4E152b4B5e07365529d,0,660
0xC12eEC730c6fcAb7001571CAc45d694c91dab4Ac,0,661
0x93FCcC6415eDd46626201A10FEBc7aB349C300a5,0,662
0xF614E284a155c1d52F15bb7E56d715eD71ED16EB,0,663
0x80C7f21B47DF2Ece88DbDf88d7Fd14B294aE216f,0,664
0xC9576f949215c0057Ffd14EA71e7c9E1C333ed7e,0,665
0xfB2d934F91a147779B7Bfd19904Fc91e49E49DC8,0,666
0x52a78D16a24854BA2F3B1457e92157149c1AbDd6,0,667
0xA0CC84C75950bA53755d040d7b18FE7c015e564c,0,668
0xD24Fa8a96cE54D62D6346436edb9a990E4741259,0,669
0x7360bb0Dd83EAb895Fe525d494aD4D76E00F6Cc7,0,670
0xdDE697A3246Bb0CFD99C44Ee0AFadD451bf2A07B,0,671
0xe70547acb11923401D245197979655cA6Ae281EC,0,672
0xa0dBE689EBd5428419a420FD1E6Ef5cBBBC23232,0,673
0x31fC1141f551eF325dBF40545B40D3145a9Bf386,0,674
0x8e9Df98B91f9756a2ebd94B0180B22cbEF659f4f,0,675
0x67a574F25e9d44E5112E615Ba7D83F9d3E10b901,0,676
0x48947cc2895Cb0BB11B5181C4167b6340ea4629a,0,677
0xf43094Bec5C82e2Cb43aA8887815294261D4c17D,0,678
0xE66ad32Cf5e9ef92F9188f3D71F7176d89a09aE2,0,679
0xD5915C4Ed3da814492ffceCF7b7cbD40E2148786,0,680
0x686c3C4bfbB3e08b8076F27a449e0064C135E6eD,0,681
0x6A1705ed5998D9DE0bA142B72ba06Ed7Fe8c5748,0,682
0x0c07E94e1eE8a9FE9C1E54E96bFd360E8c56ac93,0,683
0x973576D9d8fF0864f3E0A9c391e182a208c7BF10,0,684
0xDF37349cb953D89F46b51FEb0ceA78C08CAF4591,0,685
0xBBf731647e73Da59aD6A08b9ddA5dC54565094Dc,0,686
0x9eEf17b312591f46E5F066A2Db4d2d07Db66E995,0,687
0x8922C63bCedF903879652A394a4fE9546D34E2ad,0,688
0x3C3eAd956597C178349aF1f07fE49F1A67A16c43,0,689
0xaAEba8BaD25E4abefa56D490dc3f624694C69fae,0,690
0xFedCe724FCBDD33365C5046D696096f7e13dCd95,0,691
0x154F883c4E21E49A492Ac4D4fD0FFECa8EdD2e39,0,692
0x125056FaAF35EC222637Fe9DDef4Cc5B0c66799F,0,693
0x936462c61Befcd78089CAF9E4076bf162C315C7F,0,694
0x6922402e551c678aF46a5598056d7A695Ac4b2d2,0,695
0xFb25ecB7AafE0Bc5F40F68dfDE2880C009b3EE6F,0,696
0x6A8EEda68037212aB0a486f7e61CCc66582b61c7,0,697
0xB07bd3883357B7cC4Ae8ac8a473625B81433c106,0,698
0x28210554149c4fFF63aADfe49d09fa2B531003e8,0,699
0x88fcd17BaF126cFE594E794BDE047600A8182113,0,700
0x55b1167434EB3c715dA1a7aC7CCDe4e51Cae3c99,0,1001
0x517fa83117842905d2aa141F6990149671a36Aa0,0,1002
0x450d87A2f843bECE49818A531aBbf1cd0662509A,0,1003
0xAEC100cDb1E6dA972bF5a0d7732882EF2ff897d0,0,1004
0x966b90BACC908F23f1E12FaFBf06b5579B728C64,0,1005
0xdc1904f0E6777deA5E9Fb14ad07A57A221a0d253,0,1006
0x94C41fF73557Cc24829A5c8F02e0EeB0D5155163,0,1007
0x52A332C9831bD6aB60074433946f914cA66e1966,0,1008
0x1F1726FaadE9cE69a1f9694F6a3aF3550A2C58C4,0,1009
0x8A842334419CCB3951973946D9Fd833E14A4E3f3,0,1010
0x257cF21977Fd1A4cB85cd1b23c4da35560DCea7C,0,1011
0x461bb354f14148521Ac31683aAD76caA52ED52C2,0,1012
0x692FC7241E4352E8fdFbEb0c75A7eBE76f66F8c3,0,1013
0x61e39b2dc8A6aA390542503F76204B97318513cC,0,1014
0x8FFf12A8Dd40Fd9BEec51908215a195a4e4C6De5,0,1015
0xAd15bdeF1f73Ee1dc3772EE4BF7D63458E1E5a84,0,1016
0x97cc9D6E4AE853B44614b531a8255D58dA434460,0,1017
0x491c11EF999623db61A9C09eef24e17A1ea44f09,0,1018
0x023dd80A2928A3D9c4137b3941867A3fFE2cBF99,0,1019
0xC0d0a6FF379F6CCA7B73e271c7197c2E3F9FD0d0,0,1020
0xAA6a4071EB636d0cD0D76c71A9677B6129809157,0,1021
0xdfAc284f693921Ae3d0D52199ad6900fD003C8b8,0,1022
0x0F1313A68FFc0376B5766D72D0641b67b2C3db3A,0,1023
0xA992D4E6a9D6d30668d2092376Ac1f568703CfA2,0,1024
0xE1d590F6Ed235fE91CB9b313eD488BE6aBb2f077,0,1025
0xbEF04d1ee1Cd02eeE3afe98e16b957f092fc71Ba,0,1026
0xDFCD527396961eA3E1A883FcbC05c665A3f9A07F,0,1027
0x45EE7766755027a6A7170821Bf5e112d43C30759,0,1028
0x01FE21634079e24354dD1Ab858Ec47c08E4F17aC,0,1029
0xB2d4E6f6D99b72B564E594fF07de0086F0960f99,0,1030
0xB077c1298eed86a5371E8aC5c5a38Cc1ce6AE3a6,0,1031
0x9b9324055Fd9D0FDfC41927bEA3DdEA7c3d2a3cF,0,1032
0x2d050e60bf2a2dc76b15aBBeDeC30ae0898cCB05,0,1033
0x770A13dFDDEE1318454ACf1695F60d3268c8A06C,0,1034
0xA2341E71FEBADf04f4987B524E69EACc5CDf26b4,0,1035
0x3aB72dBEF08b4ABF7b51AD0359458FAC144466bF,0,1036
0xf20648b6f7fE718700Cb17Ee46c3eb6Ca56E7721,0,1037
0x61bea6c4Ed355848D47565e11439C7129B0E4b15,0,1038
0x9FAE4D34bdd23e6BF7C176304013EcC6e0E999BF,0,1039
0x614B90852FB3C650B893c3E46D328661ff58668A,0,1040
0x24BdBb4d4120763bec9835bBA68C5F93B0f29aBC,0,1041
0x15BDB465aD31c596F17493d1F974daFCB174ef9a,0,1042
0x9B78b31E3Fe0DE2904940552a95ceAcBfE59Ea93,0,1043
0x09f25fa46BBda58d2ea4138a59a1BfABAB6635aF,0,1044
0x4D190f58192361139694Abfae9dA6a425ad58844,0,1045
0x5eEbcd164c7Fd23C8CB0289F4df157bdc68314e2,0,1046
0x5828341B8e42DDdddaC8620AcC45208c1Dc9cE82,0,1047
0x4E041E5234797FFA31AFBAfD9632D828D37d6603,0,1048
0xC55eadAFCac72006d6E5d2d79D32e3222b37e7Ab,0,1049
0x8DF629C5c9eC90057973d7859A5d42Bb678ABf7f,0,1050
0x7D69320A122CB22e43F85C1413087158C8AabFa8,0,1051
0x322Ff37c883d50F20D042CF10CB8844CE4deBC58,0,1052
0xAc318f4E5EC757Cc44CF6700762a5B8beE7fC886,0,1053
0xCf5d6D7D7CE02Da535981FE05d5ee8E29B321a87,0,1054
0x858bbd05441DAfB78E8280fC50bfA6c223e01430,0,1055
0xDB1381958c8e83d421741B9F73e5D978d3a99a25,0,1056
0xFAcEc5377cAAb97C04AF870033459c9AaFD1BEAF,0,1057
0x1843b6332dc0C93D04F90d0eC6EBF9A0d537afFD,0,1058
0xB556E16D97F30602aF8325299aCA615ca3A80100,0,1059
0x9ea4966798D8Cb71B7CE075C41c87944b14C03CD,0,1060
0xA31E150f44E9747dF04e2089B1D9Bb9f3F1D02A9,0,1061
0xfbbEF61ff8A7fE17c03cc590Cd662f62D3e7a531,0,1062
0x4E6be3508d6712a120D780Ae6ca587b93d467d9e,0,1063
0xdB366a748C2AD3Cc3418721adbC618987224C7B6,0,1064
0x4e02224bA018df66cd686Ece6e946497ac190A88,0,1065
0x5aC81eEeb11829101aea4bEbc74eC65701b487da,0,1066
0xc5cD473E9B3d0997087Af424145B3aaaab61a487,0,1067
0xDFCBf2a8bcd1f16749469BccB618e1bA3Dd731cA,0,1068
0x9Aff8043189f37A00289bf0c7ca6f329BF2BA320,0,1069
0x8E43472bc156ff104318B23Eae03a8e198803E92,0,1070
0x3AA33D9bF54CBbed1d1f0D5BC9F68F07Eff927d4,0,1071
0x40Cf4c23D755666342dF665efA7025Ac6b56d1A2,0,1072
0x4C3f9f76fb07A4480A56FB8c7283e5aAe0019Ec6,0,1073
0xB26B3aE53b2723A65a1cBad7bFFb8ECF92bd9375,0,1074
0x78bd45f7F30E38E995Cd5586b64913a31EeA50DB,0,1075
0xB5CAaFE7Ba6B59C84B17BA6bA0262451B7D1badc,0,1076
0x9eB2A4e6f8E5490c1152987FC5521fC44845646e,0,1077
0x133ca9D43Cf3C725167a84e940eF6B8f9176E989,0,1078
0xC03FF874aAA47bc5FCB19c73a540Ac740735e8BF,0,1079
0xe02904d586e6bae047B2f4D31DAC925D20428d0E,0,1080
0xeF8499e9dE1fab6A13a1a8f3bDaB64308731A238,0,1081
0xF2fa1260201AFB53C21Fd91a3fB9d6d0250b12B5,0,1082
0xb12C4fFEEcF1ec3a81f7Ba29460c0fF1043376f0,0,1083
0xde12Bd0Cdc2448401c9e1Ad28C43947e9813CE50,0,1084
0x86110b52B75a321A1fA6B6cce03140B73bE779ca,0,1085
0xC27A82534F72b44DE6E6C38eeF473c75e3E57fDd,0,1086
0x26010e78F31073E0097FeDd807d7EFc6578Ac37E,0,1087
0x7cAcEEDA4cCD402ce7793e4C386e78b693377Ac3,0,1088
0x4e7b38A6AF66Cda03E669e254c611F34267fB72C,0,1089
0xE69c85DbDa766e9154C1cb0C6cAFa5e0087F7492,0,1090
0x1B06eB70c95eef052541c76a3f5aa74C23DaBfE6,0,1091
0x81d3598B7e32DBD8774264F460E94CBE04e7D8b3,0,1092
0x966d07588c4541e9F0cbED1b427Ba210f8e8C60a,0,1093
0x0D8c20aB8FC9632958ac1198B51f9bE5d69c90BC,0,1094
0xF602FFdFE68c860a61e0d07809DFA36A597443Ef,0,1095
0xC3f6a283B47A0eB40853af4762548BE439375C25,0,1096
0x59BA317580E94fD61d68e9e455c6152d29Da51EF,0,1097
0x6C387440c8FD8551074232cA9700CFbE1B442Ff7,0,1098
0xf827291EA4BAf1806b6fB5d95ac9e86551E64F68,0,1099
0x21C0eDE03aD579306c9471e6a30C4e9C7E62Ece7,0,1100
0x9dB9F61758AD13a34Dc445520EE60533cA8a2E96,0,2001
0x9b09466DCd13979e9b6772D14f4c91387e0167eE,0,2002
0xa6b510ED79caE53Cefb7FC35c944b952b99F576B,0,2003
0x56CCbb7Fa6ed736BA4DdFAee4F6a8f326dF51dA3,0,2004
0x6e44C16D4C63BB683A11c0d4E1Ed7a770ae446C2,0,2005
0x6dA790616d5104515A6f3bEDF01174fcAc7Fa969,0,2006
0x896d6038541066364f14dE641ED052F22faF63e0,0,2007
0x2F77cb1908B0ce6224061331AD138F5ab1e2716a,0,2008
0xDB6656D7a035DAd8cc49C943557322A72Ef41392,0,2009
0x883137f9bc837Eb5a1623BFCBDb54055CFE1cB53,0,2010
0xC8a41E9481aADA2C4d627F55085a4441C79E0ce9,0,2011
0x0D498ed5358013246C0ad3e207C2Aa7bB9a9513F,0,2012
0x7dC8715D57e3caE5A81e12F4fBb722CB08D5172B,0,2013
0x9B30DC175DdE0B9AEe70C22a2723A03ac2c6d999,0,2014
0xa30B64B406A8Bc6227A2f58BbBF5F4095C977cc2,0,2015
0x535D319C218b143647f1CA81ED375f1d130CAda3,0,2016
0x624Fdc7f5c5fA474cad7567bdD67dB47BB3A5aa8,0,2017
0x81b56913676101CE6631995de500b9E92D01011d,0,2018
0xAeCb3014b1F6B3D3C8CDd99b417b5E30DA954Dde,0,2019
0xa1d057ae35AE2D476768A03a7e7CE49DD2254371,0,2020
0x216D914bB863577c4D51f2F81a67dFEea1ae003f,0,2021
0xB17a47efEa87eB47b1d5E4695413F77b1b07f0D9,0,2022
0x978f83C8ab1ac35025Fe53d1c3654c4F8161a8fd,0,2023
0x367CbF298dE4D925c09502aa7760cd6D45B96782,0,2024
0xc4a86EBC3799258C969d19Feb7608f7F1a0EE360,0,2025
0x4d5BC2aa69374B9A355298F7260CaF0267DDae87,0,2026
0x307ee8dACF6392dfF900780a3453cDE7713a4c32,0,2027
0xFE30fb7e51f8771187308C9bB15547d3e2380101,0,2028
0x69fAf551Fd86da99FAa1Db6D014c17EE426d4635,0,2029
0xFE47e3ECf68fA51A2317345974Ca5Db3b8668a5a,0,2030
0x92B9006c1022580E39F7DFFE601472c2DEB0A4D0,0,2031
0x20ff7a8B0A110778a2D611CfbF40582F69525D6c,0,2032
0xf5a48325a2B0225506a7fF7c50B44380627Ccc87,0,2033
0x0F31bD5Ae110A2d2318805B3D6e4b6b6f4702761,0,2034
0x147a0Ea24eC619d9cF7046EdD66dCC620eEdC358,0,2035
0x1e2cF6f7eE41e5b4D008ac2801110aE5Fa91D386,0,2036
0x020DB1600712a1C17a9b805e75C0FaF586dD3044,0,2037
0x88b74317391cB28a64E9edC06e6cDD6b71Fe0384,0,2038
0x2CD1aDa5eD2DB29da50c6c6D78cf711337E08784,0,2039
0x98c7629A16F52B1346c6bcf1e314a303aBAe4F02,0,2040
0x904d940c7c715852119337b5a27BB4dba8DB3D63,0,2041
0xe674A74496A2B48FE47EF44C594979086c5970fA,0,2042
0x59A75eDd9cAB52E2Af0b921618Eae4e79877F12E,0,2043
0xEa38901865c0Ce678a31694526E3DD9890fa28e1,0,2044
0xFF334859f58c09835184f823924230a8c42a5e43,0,2045
0xb3Be4585DACD1698b2c351c193fF5eba76348fCC,0,2046
0xEB580Eb0fc174A7589d7d7E8a4589C74F120B0C6,0,2047
0xC8048c5e7E9284d0C8035Ab894c12bE46627Be23,0,2048
0x47b1a91b341F68077a078Dc96EBeEd5C5184Db77,0,2049
0xa943f51ddd6Ed04666bd76b36589C70722224878,0,2050
0x3b03811071c8A41a30dF9441CE4702c02aE5b1a3,0,2051
0x3f878C3195F69876a038A805f151F120976F1E98,0,2052
0xd358B99FD994745dB42dB4af0Ad03990d60077ea,0,2053
0x677C72FBFd555d3D8c9f3Bc423299b9dfFdBcCc6,0,2054
0xDB9a8922dD7735a4b1966173561cfD1CA8008d9F,0,2055
0xBA4Dd1e2D9a5dAaBFcC6480eE087A54021668c40,0,2056
0x528dEfc57C8b4f613600dC353E0b758038FdEfc0,0,2057
0xfD00c9db609b1D39ea830fCFa0d39d90117fA629,0,2058
0x97efe0ACf8317beCFbfd1b07456d3deDD0adC457,0,2059
0xbC7e92FbCD66f7928f0F5B36df8a132681ecBA59,0,2060
0x8472829181f553c33BA8f8e208883a4C0F847796,0,2061
0xa6452061A1F6bb2AE6ea49Bb0d0961441FDe10B7,0,2062
0xcd5ecab5BD77e61512b7f4B6c236439138916f2F,0,2063
0x61249156A1d137B6800304E245a2e02359B75730,0,2064
0xb822039AEA1a1cbEDcFCd82Bad352298B93dAc27,0,2065
0xF35B4bd4651D9393D07F8fCc5c9B18023BF93Bd1,0,2066
0x0841Ef8BeA70F7B25f108Db0a6f1C689C63785eA,0,2067
0xacf5dc62a44FEE893F1b620D8c27881f406A2883,0,2068
0x4912006d3763118aE84eC7F4bd330f354608c3A3,0,2069
0xFde27e7b60bCbBe8C128071BEaA8aF27424c466C,0,2070
0xC8DB9DA9A810157D0754C91e98dD272Fce8F49e6,0,2071
0x183050d0dE958AD5d077209beBb1db916bA6899a,0,2072
0x64BC5841B670fF41005C93A5c9627EB3B9Ac8B75,0,2073
0xedC60F919FE6651d1147538D2842c6a9505c5032,0,2074
0xb64B7604782d0Cb6DD185F4577329d520891635C,0,2075
0x3f168f97430E10C67D0Fd4B85Eb895404088fC69,0,2076
0xd96db338faFDD63e40334398575e27046aeb7d14,0,2077
0xE5c1e9b1D6939CBB48AeEdc7c03D5D4106532572,0,2078
0x57686DadC6474dB90eDbeaa0193879c88b1d4021,0,2079
0xeb9d7672A7Ed5DF78B95E9aBFbe91Dc106c626bd,0,2080
0x951159E0c6ba833c65BD4483e44E2a98FeC64f49,0,2081
0x39E4cbBE0E8838613c00CCb6A41ca4D7912d885f,0,2082
0xD876317C91daEDd22210A18D600CD05Eb2a43E64,0,2083
0x1a42eBBFbE7564354Cf0cC33Ba059cc291Fb041e,0,2084
0x7b014438fd0AF2A8143BE871E30702ED4366Bb8A,0,2085
0x02443fAC4a5ADB965c5320FF49F7e25A66F8ff84,0,2086
0x561c19Da98C7216eb79CcDF343DB38f5c62AAaA0,0,2087
0xfC7BD4D13444Ba252b786e23ff19a0B44b06A3d1,0,2088
0x2145B14bc34a06aCC25073438fE5d4BF030BA999,0,2089
0x83576F55e64612E7fDA614Bd4b64b369B55B4F6E,0,2090
0x44917dd6eC01558BcA41D66C7D4A8504f6E51EA8,0,2091
0x9adaC7183Ac195Ae3c07B7119E93594a3F9Df77d,0,2092
0xB628fcd4ACFCc0D8bABf159b5959FdE52BAc212D,0,2093
0x5A1407b556a4aC53fA0992f33379D9B20DE7094A,0,2094
0x2a38D384b8672389F7BA41A5f37638E694d79286,0,2095
0xEa19872f57517996B2fE103D2F751dD27cCF6F99,0,2096
0x66225f01FCA219E6A05609C7A37EC484ca313Ea8,0,2097
0xa0EBC6849240f1d177a927DBb5C83dAfF57c11FD,0,2098
0x40BbB075a471bb9FF8C3bad2CD537fAB8947e674,0,2099
0xA793fC02015693506178924Fa61DdD6e46CAa96b,0,2100
0xD615D0f2A70220E411b1dB201D04B187A20313CD,0,3001
0xDb2D91d605A6D2eAd595aDD3bA29C68B74B633a0,0,3002
0xE1F6788C98Aee8B5e7e9e86fE14B58394C0E5b01,0,3003
0xC2e47703bD640160c3c9574E5522b71593681407,0,3004
0xB6f477A17E2F5Ac86F72D3EE7B6DfBe2D9438825,0,3005
0x240D6cD8eE2F476d647A1f7E7D3D24EC31fDFB36,0,3006
0x67d51Be14005bd6634747F628848f885BDaD0C84,0,3007
0x8E7F2A7DbeF474eeb6F136d0b7306DD737360709,0,3008
0xB9de5C4809c4eAdeD2f7fE975EF10DE16cDB16D7,0,3009
0x46f6f4e4C80ed5298b9eB5d51ca0579263147017,0,3010
0xbbd7c264157FAB3BdCF26343E931Bc2924c48268,0,3011
0xeC6A480D4B7880B94794b3108756a15b338c8fC0,0,3012
0xb3909d8261F5EA60F067AdF402232BF88C83C29d,0,3013
0x562a8c739766100b751AD367F841E3076bc74A84,0,3014
0x8D595B76fd506CF25578556174bF7A1f125e7831,0,3015
0xA00f6E8b8bE4dc30a92806B6Bcb17B2eF7B04BF1,0,3016
0x989195d2eFFE8c50DedAA35de08F26D801700aD7,0,3017
0xe0d88a8463f08FA1ede3fE6A4B9b2b1d98E5519a,0,3018
0x504d81C334be29994f0f24456E2bC3dBD46cAe85,0,3019
0x1795D8871a651C2BC332CfFC7140A3C335E1eCD2,0,3020
0x52DF8C3BeD88310ACd41Ebe00ce738B45C3A8F66,0,3021
0x6B8Ed29d31f99a23a24b866F42A3e0d43d71DD9F,0,3022
0x28eB906b5FbCd4Ca4611e967E2Ec86A60a56fD6b,0,3023
0x68C271F5310f46c7dd31c5f3e50998a4476a6e93,0,3024
0x920c4877fF93888d6f0e21A2A257Cbac92e0665B,0,3025
0xB17D3957A96Fc7F05E532c23823C5Db1EbE03bB9,0,3026
0xe35F282BbB898c05C593FEae21bb510535A1381F,0,3027
0xe892ED72225D384106078C8326aB85fF9bfa3002,0,3028
0xe5E0A007F981773C7606e89BcFC52E8659451461,0,3029
0x0052885ff893C9DF0AC457dd9bBB095cE88C500a,0,3030
0x2ab34759ef21adcBADDDeA671D7D439D127a3472,0,3031
0x29a8F0a9107A72e2531e95a5D459eC5dcEfC1643,0,3032
0xa236ab271456aE5921628439A821bf027Cd0bd1F,0,3033
0xD8d1cb9be8B1Bf27d9d559296391d4b78D2348c1,0,3034
0x0D4463E4b0FbF6d036408Bd38DfD414381e87655,0,3035
0xf521F55a357697651B0a5BC04336D672d9c9f713,0,3036
0x1a67CCE0e1C513A8E60B5eD206EA65f495336A2b,0,3037
0xF314452277AD0bF3d794984B47a2Bc869aBb2b72,0,3038
0xde503023cd93D6224de007e0d3B60d1B321E4843,0,3039
0x9B32D5DDd3D9E3A018466A98b3b564Bb45EF426f,0,3040
0x0A5C4229FD4093A9Ce30246D012072432B64cb00,0,3041
0xA3de182986c31a4817dA70c6EaB65Cd59D42CdF6,0,3042
0xA5fcb4e5AdaB4154d432248e7bD3b143A97667d0,0,3043
0x0762081396f50EE58940d724F873aA8Df9ebee63,0,3044
0x214bDD11E9251Ddc55C8C9459753E3F9b347BB73,0,3045
0xa478EeE6292ae7dB7a5C65f379833a25810056F3,0,3046
0x612AEa4DF6aa29648283Fa5B01F8d8AcebE35216,0,3047
0xCF91d0d14ddB28BDdEAf858bfF79ce7fDB71d160,0,3048
0x27E695fa09D13EA1EB78D5B24286aEb3be72De92,0,3049
0xedAa15eB904d40A766daa7F5e3C7cC5ca3d72629,0,3050
0xFB305164118d25f161e91A083b6080d2055B85Fd,0,3051
0xe8c179862F3643a27904556Cf019f1Ec76ea3145,0,3052
0x0889deAE8B999f56087060F4bC09c7A698c5A2d3,0,3053
0xa5Fd5324a6F7aA78BdeEfc0Ec3525c51926b011C,0,3054
0xAEe7796df0a42575210223444c1b5E8c89Df8E3C,0,3055
0xA2c95C6a75FF61C46733FaecC71451Eb9343a769,0,3056
0xD617012cfA8E6513Fbef63EDCCad973e2fD587BD,0,3057
0x35eE4A02973DcFE12522D7AD04FaAd4469f1BF53,0,3058
0xff8C3267216F0e8f0B14c198b516Af9318eB9D2E,0,3059
0xB97A4b41F69Fb2dC3eBf615D6C944b6ed60bDc31,0,3060
0xFc91e4bF827940964472777d7DE7124e0695e0d2,0,3061
0x6980f400997584703Bb1bd11Fc598f0804C2Ad1D,0,3062
0x109EBf9188339c7F63a14f0c32cD3f7Bc28e1781,0,3063
0xA3f311403Aaf6a9bE10D4845F860f1506f13A9df,0,3064
0x52667b22326a3Df3759aE2F789C2070Fa877C649,0,3065
0x757F9922BDe6d80B2a8AE574b1690F7a622B4D51,0,3066
0x7FFF7508A5e70ac2C39C61bF79229169408F2D7F,0,3067
0x37c1F0415931ECc787751C06b271E80c39A6D23e,0,3068
0x6B4818bF75A2ec02F7D007FD0b0331A367b50fE3,0,3069
0x7739a2ec313083Cbc5C2C1186Bf4Aac526cfcAEc,0,3070
0x80Fe3F0A9751C80709A317bEBFe5DeBEB7fA56b6,0,3071
0x9C564Ed567e2E67C8855ff6423082cAB08A21aDE,0,3072
0x8f65073b585157E6175C1fCd1Fb5f3e2A8cfFAAA,0,3073
0x164386Fa54B2F713ddFAc859f52855d59D09f63B,0,3074
0x37C52a460C1D6917C0b073eC36E64262Aa4Cb3f5,0,3075
0x7C33fd878f442754d47c2c3848B8dC498Bc971E0,0,3076
0x40ba2a156a5c136445a64A13F65b3DC2880AaE6b,0,3077
0xBCbB45ac3B6Dd08614A544197036547bD25a2b6d,0,3078
0x411455B7638C20A16E30cB6F0F2EF3C183f40611,0,3079
0xd101eCf7c44aB1b7BB5a8d074C4f1812A802AE2f,0,3080
0x4f591c57BdA3ae8b14BC688eA4C5dC21a9C1220C,0,3081
0xC72A6Cd2A48A10Eb41B560D3f91053BB65EA27Ea,0,3082
0xf3ec312f96Fe5F7F659E046cb7F306c30E032460,0,3083
0x152dd78310c817567E3d0FA306Eeb81Cf6fa7Eff,0,3084
0x1DFC7EA4d25ff5e89488b2CB7649901733c13465,0,3085
0x5ec31925D0FB954750CCEC1E602A37877a941A38,0,3086
0xa68ebC917DFF19520F3618B57c59cC54a10451f0,0,3087
0x95157CD2E10320B04E6Ef67b305AB7533a1E839B,0,3088
0xD58Aa6AB562B8d566012980D7a0Ed5260Ba7a471,0,3089
0x246ec46cAd9E2A7cB7140EAa829B8bb1Ea78BF7D,0,3090
0x6fe70924Ef8608E383F691265AcA63FC45FdC443,0,3091
0x2fbfd482100CA96BEAbB8eA9A3C822314a4bF174,0,3092
0xE107608E8879aD891814caD3A54917EBE56ED2fF,0,3093
0x30F234a7f4E4A0bed8EB6dCC7AA058c61C83a8a9,0,3094
0xC806F2Ab92E3eC00eBdEA09309D8f1ad6F248249,0,3095
0xb9E56c1344B80B5456259e6B7214C0811DdaC3Fd,0,3096
0xa810005717636478C2c95b90Ee3648aA190bf5D5,0,3097
0x83a9Fc74D74014647c37f9cDBaD6A91c66f14e4E,0,3098
0xd47B84d285AcdF960B38bFbCb2339eF43a01F0F9,0,3099
0x3D754601612720cEbB7F9226C599de489cdBb547,0,3100
0x8D76CB0C7016Efc48a0E6eCAc4f6E22eFB4a3c7E,0,4001
0x26cf1a749006EF816044690017a8B0E53A4cf18E,0,4002
0xdE9965D2A8d3bC66B0A3FA3fE0560422d059CaB3,0,4003
0xF9e6E73D2a564bFCD779DA9fa84A96BcaBB698eC,0,4004
0x565Ac2274728B685A6D42a4F12e05b464d7a8600,0,4005
0x633D6ee97Cc42Ead54E9a56A65AF75E10f23a4BC,0,4006
0x1952905e49AbfCb0A9c7Ea66356BbfbbeC306c22,0,4007
0x14bF814F4245FaD9a3CC8dDc0f30b2FA17e5cb86,0,4008
0x8ce331058a8252ECA13a016e1c2e3F528fe30B33,0,4009
0x94D1a14Ac468e77594C5Ca06e0aD545ED2dA2afD,0,4010
0x9204A2d62Dcb0Fa980C3AF7e55860b82Ecf349ef,0,4011
0xd2A93CE0A6d3a6212510A34082389a93e5c3ab01,0,4012
0xf38331736461420E7A4F1569bcfE7578059f23B9,0,4013
0x3ecdeeb4B22d9fd6F17A47b38d4126ECDBa735De,0,4014
0x52fC1BECE2ECE9464c99De52434B567a546Ee8c8,0,4015
0xc884A05AC8837b8cC0A0B7507b3031215Dd1203a,0,4016
0x693E8df2e7cd917E39287761d7211e7D15B2E8Ed,0,4017
0x1B0431995FEbab524F5a9237538D51aA94D16aE2,0,4018
0xae445E7553A282aa5a860Aa27246e033cbBD1039,0,4019
0x258Db0916Db0A21a4b358E766FB62315EA607e87,0,4020
0xd61293783A3c40F5d0b601Dd03c6966F280713Fd,0,4021
0xA61ab12dd60A818AdBfd1fA414fcFfeD2866cCD1,0,4022
0x8220158604A6c24ab08E49D9b36F478c593eAbC7,0,4023
0x72Cc1E20C647E901E8b4D49ce1A750A6AF543884,0,4024
0xBff7F7016a10a5180Dfb2EB98F3C165B6B5059f7,0,4025
0x7023bB9e7e9C8FB4EC7fb833d187a9b1F89aab78,0,4026
0xdA1A40aaFD8A084d6e56Ae1432BeA7c22E6c535D,0,4027
0x208708c2e1C19f8c7B2C08c6ce1729E9762bDA8A,0,4028
0xAe1734F75439A171ad2505e88529ea3F5e9D2f1d,0,4029
0x0a42d4344fC84E0624526Df0a79eB011575347dd,0,4030
0x580999A71927296714F98ca2D4B106DeBaCbF7f4,0,4031
0x8821C13A874ce53503F57ad8242d373d6fF8fF2a,0,4032
0xD69070B6644Ad5Bc67049fDc3A14541FaEF3F53f,0,4033
0x501210150dF66A8DD1F21B3209F6441a8708d9e5,0,4034
0x2cE195b42874944FdbdBa65cF8060f3FF7A2F1B4,0,4035
0x964276279511692ec35EDa2bC15A388A6CDCeF03,0,4036
0x06F25e7f11032609a1d77804E2f3cd4Cbdd0a673,0,4037
0x190E636A2B05c78d8bb4F90532c8f5164735D4E4,0,4038
0x76dD816BF7042d8ea030416F0f59B1ACa5dcF62D,0,4039
0x18D4d91efa504293A73A59fcDDaaF3C8C69c38ef,0,4040
0x39b7222f345e69F00CD09566ba1c8eF858629291,0,4041
0xD288C820ed03f1c0DA9698da3578eEf392204a6a,0,4042
0x5bE530a8018a4828B44C894E592E4C07b08A91Eb,0,4043
0x7851f866c15a6394377f26757D24fb223dF680Ca,0,4044
0x917Aa381FfFeCD28Ab5f50CdE40d51Ca5eCd0f18,0,4045
0xcDdc3B2ECf54b8F94fEE35e9Ed95c8Eb815f1f32,0,4046
0x224877dBBbcBE63CfAec8bAD04a8652457BA684d,0,4047
0x3FF1A3f0e504C7e1cC0F6DA16F7C0791063e062D,0,4048
0xd95d5234af9CaF09b07Fc0bfad69974e67f356a7,0,4049
0xad6759A33808ceE341B50477dE40c3455DE36521,0,4050
0xC10BC6Ce139b89A587ab60cfbbCB53e77c0c1caf,0,4051
0x70Da8CC8620983aFCF3677dCFbCe524342b84907,0,4052
0xF99C4dFA32c47092b9C109b17522D3E5C14A5974,0,4053
0x599394d7d62Ea8370864e97071C8fc091700d8e3,0,4054
0xf3bB48924E7713c6E73030859C10A9306a49db03,0,4055
0x3c443e19Ef683Cb867Bd7FBEc3C3B690E5278CFd,0,4056
0x828EA94cEbAc0267E1BDa5438c0f30C6edB079bF,0,4057
0x93B07752d08637378dcF6EcD4b6b36276a0E9dBC,0,4058
0x7A558327012969F0C8b76dC2A810fDCeC630C67A,0,4059
0x67363f0b291AEBbB5153a14B4A287de59c954410,0,4060
0xDe5C038824951fcD30c2bb55b47e015e25B3bD21,0,4061
0x8B1729CA94E838c03a4AcccA7a12ccb35BAb80F9,0,4062
0x7062589332544E88213345aC88dF60e3DD142217,0,4063
0xC7fBaA70F17B6cAc047dac937B3AAB656A40223a,0,4064
0xe5ab3Bd6E3B522405a4E83A7985ec63e222a848D,0,4065
0x05eD6245C21B8F202727f6A6e17f9fA543010B8a,0,4066
0x1E63dC4732cA7474227C1859bceAf6B9F92b124F,0,4067
0x94D3757002767419DC7055260726a1A4C0628E81,0,4068
0x5CbbFf2656088cCe9f6c003D7A7418373E91ACf5,0,4069
0x38DE305e73210739A698d7671cf569e5f773aB08,0,4070
0x6D1c292d37F3231e8481e345C8804b96d5a01050,0,4071
0x7CA2b8803146F0d4Ad17510F0372d5aFD17262AE,0,4072
0x4119123390781d81eAF63D00EceEdFd0418009f8,0,4073
0x0C59Cda6B458F7B965806F6b8b2e30164aA1a32B,0,4074
0x0af6f645EaFADe4eCcDdba43FB85356444Df782A,0,4075
0x5Cf22bb8408E2Fe8bCC7c36BdaE5ab67Ba5CE0ae,0,4076
0x80F72f60040E1318E2c412e9f903Da55C83454D8,0,4077
0x466B21D103a34Cf5E47426BA64b81D69906675cf,0,4078
0x7D4968d9E90357711333f300c5f89393904EbB3F,0,4079
0x65641FF5234d0A5C4e42ad64aCF48EABAfB5d382,0,4080
0xB473AE74cB5777FbA8BBE174D6779Cd568C21Dc8,0,4081
0x49623c78A8B3126Dca17C22B9bACc6e0B9D101bC,0,4082
0xA34BCA945bCeF65358360072C99113b12077B06E,0,4083
0x219FCF0d20b1CeAeF56027fB943a24d6Caf49F28,0,4084
0x473a9E7ce193e916ef4B7715f38698C86F6b487E,0,4085
0x3695E4aBbae42f247a680930Ef6F98fE139D7d78,0,4086
0x727F675B1040a2f13C6bB1BdfBC8F45caf4dDD1B,0,4087
0x55390C2979e32fee1cEBa9a6005C1912eF6E6AFc,0,4088
0x8714f3087051A63868cdFD20C46D8F6D89b8B0bE,0,4089
0x908941e014D7070161D9B90bf9b27f6451D6A72d,0,4090
0x6447f5F6B9D87d94AabdeD9702720662dF385aD5,0,4091
0x921dD3A5a073b1159fd14162BCCe4B0c100DA057,0,4092
0xc32322c7D8C7beC38D99079f0705348718f40ddE,0,4093
0x4a4AB12402F8688a8162Ca967eF93D45dE4f127f,0,4094
0x87dD102Ec893cc1E8b1F5FBB9a8B15De3DDc1BB7,0,4095
0x9ae65FC664D47DF58290a72B52A4A4B31311041E,0,4096
0x485a43135bBE1AFf8A9AE18350299031d9355138,0,4097
0xAB286e4c97eAFd211d2EB72c438e042a9deD433d,0,4098
0xF107A87CCFadb187d1aD505d54AA90bE0D3D1f08,0,4099
0x9e8c1CE717e425992DA27AfdE891F637d43D3D52,0,4100
0x882a256d1217157fd40eE17575FadC8Aedf7a07D,0,4901
0x99D0273284F136F1Ae254F0d66211054890d15CD,0,4902
0x57a54Df02276AEAe3f4bB26585dD0B8D451f50E1,0,4903
0xEAbA2fE593d9d0BcB694Ea83A8dD7DD4fF53c3c1,0,4904
0xaB1ADd1F37711D42E0857cc79b5c5e2d510290Be,0,4905
0x032f984938f1F67de626e6fdea4E0028139b3Fb2,0,4906
0xCAf02cE6396A85fb277ea2731aD6FF366E896FC6,0,4907
0xaC135E4428e3495400B1DbBE9A5c00aB2B182BEE,0,4908
0xF0EB01347060E4335B77FB35Fe705CB1d2Aa1f7B,0,4909
0x7Afc7D77f94e1A5b1AcC157b350C92DbF07EBCfb,0,4910
0x92f0F7cd7657f7b0c57fc6F9a61077d8001D8b8B,0,4911
0x37970702623596ddEdfEe7E0D93FD8748D1f4D59,0,4912
0xc9Afa4e1D2e07cafcD3859f44e4F998D0dd252cA,0,4913
0x3913D2f7987845bd3a557337862AF5988329ae31,0,4914
0xd79cC395125F1b3D18C3e724FC63aeC48f306906,0,4915
0x5e7499babDC0867F10734D0e3aaA46443DAe2a05,0,4916
0x39535C9b287C5514CD98193F5D001af7bCbBa559,0,4917
0x04c1A594B9E72Ad90b63a1B691B4B71CB918a678,0,4918
0xb4981d9e3a5092725b1C6f462873440ddc18d6cC,0,4919
0xAEF07e2D6Ee39dc716C83f5Bf056F84ce180774F,0,4920
0x76350362Bad9933Ed2f3264F2A9A904B2E814e5b,0,4921
0x68bd2A66256C41e9891f2423c8175d9F6C5f82dC,0,4922
0x7f9Ca4cD5051f6c47Eb209C76986038C535Df99A,0,4923
0x63ea71Fc7b77EDE453510B8D3c434a16f7f92613,0,4924
0x82cd489a09e46cd6e683FF1F206f3eDC96F7Ed63,0,4925
0x7F09835C29a6cbb8850a5433BA3C18b134b1260F,0,4926
0x298280C39951FF16a2fcb37d895E54F83C892463,0,4927
0xE5bbc0C9a81F42A000820398A3ce3551211895fA,0,4928
0x0951C193fCeBF3f8fFaC259C4703F3f952068269,0,4929
0xe920d202fC25FED9ec08982017a2d8C63860566F,0,4930
0xa7648E74cEe1C60f286F0153287485C2d852fa66,0,4931
0x53194834F434A309DA83b1a45e294400307A25A6,0,4932
0x0186420C25dD61Ae76584A10133c42C2aE7682FF,0,4933
0x0455aFe79CcE96DD6e41dC0AC6506A8044b43AB6,0,4934
0xE6FeB4Cc0af108F45C8756E929AffcEeC0DF1213,0,4935
0xfEf9168EA1D7D2154E74eEF4C77BB3f42C6351F1,0,4936
0x74487A03087e4E793a15E96920c4F8FB4cD8832b,0,4937
0x09d18fB102fbfd465B7b67168D8e8aFc66830DDA,0,4938
0x57fd8E131655078b601405E88E3a3A2b71826D71,0,4939
0x381442f6D13d895A9B43ad03613dEC9695fb51Df,0,4940
0x3ae4Ec188ae23c47091144A0c7B9bDfEc880F7e2,0,4941
0x7d27894054146D82B2b372BAe3E1109E52FCfdC6,0,4942
0x5F9853Be44e8A6D51fFC40a042f07E696eae0119,0,4943
0x46ef17300d36a4B5CDF5ad1BD98d53F481C853E5,0,4944
0x5b6210f8bDB2a4796e5836a168F3895f724B234b,0,4945
0xd9f1Bb17904E79516494CF7cBbC4AD0764B9aB65,0,4946
0xB8ab3225c5C15aEa313A4e3de6aF47F0196C9724,0,4947
0xCe7086AdF7eFBC6101Ebdf5333778fDE39337f2D,0,4948
0x8132206fbe4B864bea84a66fCE08F88D9b18e48a,0,4949
0x07466496ccbE941cc0e33C7E8d8DbAf9ac31Ba81,0,4950
0x2AF096e29CC32Ff61931e0E2b69C2b6c1e541311,0,4951
0x93C27A5eBBeCb2D33dbCbeC4E68F34b1C7E3cB2B,0,4952
0x6DD91d4f3134E3f384f2f16491C5522b676a8032,0,4953
0x487793E02cF35aA7d516Ecc5c1103D700Add52Ae,0,4954
0x97cD2E4C65743A8e31d6CBc8ef6d051FbD51AD7a,0,4955
0x058EE84ce39cc63E92a0E5FD9556AcA54a87a9f6,0,4956
0x53523B651b01A32Ab648DB5a0C7B668c267d5FD3,0,4957
0x762dCD7Bf53DcAfEC4C0501Abb1bc261d7930be4,0,4958
0xa1493F4bC0b6359B1871945D40bDE6C148a38d65,0,4959
0x5BAFe23EAA4CbA5Eb2BEE229cB12e3b41EbD1c3C,0,4960
0xc14d212308406D717866Bbd93c3f820d01350472,0,4961
0x0766aBa1e8D90034f93dDd6cceAb64A1F9Ab9FE1,0,4962
0xDECa71AC50fe0BD2404DE99556e1BCfADDA0f1c0,0,4963
0x081f1d951c3041A7850Eab784db103c155cD5a03,0,4964
0x960cD371e466F5F75F6D31Ed0f771E9C3157da27,0,4965
0x3d4De75d20501C57f79390DECc4D9374eCA74b19,0,4966
0x4afEA0E483214D30483d353ef6a22Da30E539d80,0,4967
0x50E0AEfb7108395d02B9cc594181d838d621d5d9,0,4968
0x5282090b25537107876647e54b9ec97A0C8C4b7c,0,4969
0x857134109a9308cC1D1c8aBAF6bbCf41cAFd4d64,0,4970
0x4375019746dA8f68110A396ADC316cC34370A6A3,0,4971
0xFB9D8c48b0eAe4066d92eF034A7121C7Cad2972B,0,4972
0x187b55Ceed6DE7d151626Bf919a73A635DccBbDE,0,4973
0x9F98C92a49488888beaDC03F33F4F4E206DB19Db,0,4974
0xD3209D2Cb42DC30DCf0941FFEdb09B8490b07595,0,4975
0xdB3D71718F24C46F813361C2b6e5973574C92421,0,4976
0x6Ab6DCb7B6002842c3EaCAE6aefEe518Afac1663,0,4977
0x6DEd35498418fdc8eB0c2777C77fa2De2Ae4EF0F,0,4978
0x7901aA5fe680F9DF63D41C3655E0d58061D8c9Fb,0,4979
0x450bCd6fc94356c2525e5eB7c34a8b4B6F313B05,0,4980
0x2e66E517Aa42208166d95FFC24C60Da34Af2F41E,0,4981
0xbc83412e9DDeA8aE7F5B69175560E476C4b601c3,0,4982
0xA4C18f97EDd37B6826A448e6c8946B112612e51e,0,4983
0xef439E90Ee423A958caF28EFBEf0Efe5C8c71c1A,0,4984
0x1B0e5167877eBDDD632f7285E6a77E6bAce46FE3,0,4985
0x29E0cF97A088E60182C66e032FDd2f14657a0EA7,0,4986
0xadA38468A76Cb5A5771E7724B5D3Cc9257a11642,0,4987
0xF12fa8c64d7379c6eB3A15d34A5Ada849eEF3edA,0,4988
0x7203F3981Fb1B137089E91fF9808244CB58188A6,0,4989
0x4dbE6B5ff95dD5fb143ceb185284C2FF057fbB64,0,4990
0xb2AAfC151c5d97731A478e672e8f43b82A582c0a,0,4991
0xFD32BF208e40f2843B67d89AA64861fCE3b86D98,0,4992
0xED91E484129DFB4551248460174Bc29dc84551C1,0,4993
0x308aD3D0F1E8D060163110866f6C13e322f38A00,0,4994
0xaa2694f0B1Ad343DFc12f47D040238eF4a0A2e4B,0,4995
0x9822a1134257E0F14d1996143B1105F941031aC3,0,4996
0x9700686c4D563982eD7d8D29b220B3b581e9A974,0,4997
0xC83493fEc518Ee6dc537737798287c94423C8FB3,0,4998
0xCb54b97ada1591278d33Ab66e682374Be0aC225F,0,4999
0xe337be329dc53329cd701E2e10787FbB3Ff9B30f,0,5000
0x6F5Df8A49B7e5D12b8A8509Ca064F99e36050596,0,701
0x867AFcbDfB185cAF6a7D349777438c11963F79a2,0,702
0x91C7971D69Fa46BF4f9C3EE2824a48888270346D,0,703
0x323f063D3f26361E6e74165d78Fd425f28f41eC2,0,704
0x12e0F6aDdD0b11CD01889420fFb6F98dDbB9F001,0,705
0xBf4df86FeDE04c917FC889F17cc52A5bcE21d33F,0,706
0x310D8a91a03837e5fe7e36864A6b072ec9f2c9A9,0,707
0x38981f5BED548BC229dee492C617158943190baD,0,708
0x8813f94D6eF99375820bA6325D180Af9Ba4A89B2,0,709
0x1FEa66EbE3D93CF7Ec42947842A5fA2d0e429913,0,710
0xA98Ae605dcccEEa4392CaEbbB918420D99B9E8cc,0,711
0xf3dAfAC78413770bCd1084b3C6102caC4026c40F,0,712
0x9CAf8C70bDd9d47e6DAB025491fA4eEA6A9fdDc2,0,713
0x325089bc343A665673A10aC4a2d121513f2ACAd2,0,714
0xBd7B616f64Bb2938Ebb62B3009033f56EF108731,0,715
0x3Bf7718A1BFF41a8628903D160376Aa50f615B4B,0,716
0xD9C716585b0CaB6eEd178f0f6Af0c4aa0E820DEd,0,717
0xD5420a9EBb962A022218fA86c2135C9a4F0b0D7A,0,718
0x72AdDed11e196F66969Eba6d56c0B2E42911890A,0,719
0xd0D889854ef020dC9e31A69001b9c73Fc40087fE,0,720
0x7F19d2dBF0b0918A7132b1bC7895b4B404EbBe07,0,721
0x6066A278706a1c8484BEB3a125AF4878fb85e9B4,0,722
0x65cD7D4aD4dE6498047BBB6Ca0a1fa0Dda7721b4,0,723
0xa117eabCfb48C1DF831Bf7E224caF1330398Cd51,0,724
0xac495Ff132F0d90BAaFf9cf0DbbB4128ceAaD092,0,725
0x0Ccd707A77C56ead8917A07Fda6A7332240E7e72,0,726
0xE76DBB57A7548e07eFc9c06589c5D594f48E16a0,0,727
0xa96d1414CFeDa74844722EcF5A0A668A6e587B23,0,728
0x14c0d61eeb09F9413b455DF345735eD87567585E,0,729
0xA3f0CC231C3d0Ae26E9320A1BD38c0Ee93c1277B,0,730
0x2a2991DFe25834DF0234E92bE0D8fddB2031Efcd,0,731
0x99f04E170Ff750fF6AB3bcA7759a27dDC6aDaebb,0,732
0x02fFE90A91F89F674A66CF14E55fD795Ac13212F,0,733
0xC67D96D280Fa451fC865e6d0172C474222Cce3FA,0,734
0x61107d61E4B14496500FD8ff84a5D1F32D5F5506,0,735
0xB62977f0fF726F6BD7B2928ce6d5C76e200bbba6,0,736
0x15946782ae633780872B0B1e2955F3b3F568C6a1,0,737
0x25e1b6A1079dcc11C3578094830814048Ffed3c4,0,738
0x2f3D3ab80CA8B5bAf563e0Bf803E91DE4d15ebd1,0,739
0x6413b334D827d7E0437d2eB89884357772Bffa9F,0,740
0xb8ee5acDA532f959A7977c5e0d84e462CbD51633,0,741
0xbb2c944d9b556AD196748aD1f0f4db3c2aC25e9b,0,742
0x96d95E97Cc0A2335635153f36EE0427c88eF40B3,0,743
0x383969C8b5874eBec18945DB81a1B69f68E4Cc33,0,744
0x66B70122e8379Fe4E6a0b8CfAa0802C7D4cc10Ad,0,745
0xaEDd383BB90EC0bBEa6723Fc4AdEA9ff34d4C225,0,746
0x6B0004bc01863CA78cCfD816FEabef74c89578c1,0,747
0xd516a5321440827Bcd4Ea682fF8020fd9b5c8E18,0,748
0x9bf7838a4Dd5772464b50e0e0b85cC3ba3b96134,0,749
0x7f9Cb557E5Ad8D3Fa340d45ae011C6471fCfE580,0,750
0xF3e6296d73b0eCc4651c17F08aC863Bb985cc9D0,0,751
0x70467cdE768F831488e0F5064E53659cdC8872C2,0,752
0xa5c609Db303b21bd23C831f1c97979eF0abe89C9,0,753
0x5cF34e0D0974056D6fC5E09828A4b5cdD3279bE5,0,754
0x59a3408Ba49D416de363ba2c3f55148BEa04aC3d,0,755
0xB9d03C87C09d266CDE56CaD2Dbc9aA0E46875EB5,0,756
0x25212CeC4f8E82c2ce5F28BB6467BDB691b68F3b,0,757
0x4ba626D618ee0282839ED8c4316EFAaa351546Dd,0,758
0x0fb07fb8f1b2Ab4dC6Bd79a59103B5fc998E97fF,0,759
0xd5Ff4A4458BC8d2684A452C0C57531731410F3f4,0,760
0x00daBfaE0A8cF3759697051C2cCAD70C02BE82bC,0,761
0x82C1182Cc372F2793eB43487500fDeB0303c9d07,0,762
0x082a0a7943C86E23C9C5fDeaf4A137bA1F4ba10f,0,763
0x924e4eC7772F66EB40dcaCB2A40be8b420eeb3a4,0,764
0x8d27221590D39359572ce5Ba14ece8109A5cB1fc,0,765
0x55a2C2B4E8984AD231656f1013838F2a7238d937,0,766
0x923f5D53Feb8985d3DaA4722432F8F2c3cf3A091,0,767
0xB2d0C5Dc96A586b8921D85B01e1034bfae04B2DE,0,768
0xA98F47601375e3AE7fE0b04e8a1A7975Eb34869E,0,769
0xA10309E0a1d616f79C8E5F7a5502b61F94805ee5,0,770
0x4615D7ef2e2fF0780178c2349858Eb496DcECDca,0,771
0x3cac0DC1e546cf8F5944A7Ad17e9694304E4DDA4,0,772
0x38bD466DA9ac1a4496AEf3850E524a8c96EC24E0,0,773
0x0eBf4AAd705c86a3C8746500D64F22f33E9aF4F8,0,774
0xD9944D84dB386366322cEdDddb02e81747594453,0,775
0xAE4ef39F93216A126e9E7885bD5F6075b4b6E42d,0,776
0xf105bA601fd3E668511FccfC9235817d050EB911,0,777
0x671f2d59b853a6Ff0aaa2e12b491c9d93C37d9C0,0,778
0x929d57B78C36F3d1Ca853E9af2D66279C5B8311b,0,779
0x32bD31a897E93A793b9cA135a370Bf10Ff9b9E34,0,780
0x8ACddB307460041FacD8393090B4eBE2a7497BcB,0,781
0x6b8c554Df1cB1520d8f50Ab1337af2b35EAe2624,0,782
0xDDa4Bf3DE86Dd6fe2719461Ae51BD145A120d7A6,0,783
0x2153cfC70cDf9FcF57c3ceEF8987BF94813c8d03,0,784
0xb1886F61cCe033915E1Ce186cE0b4fd46c167E1B,0,785
0xA93d501B62037d3F2F6539F32Fe49a71dc92E1e5,0,786
0x3633aa9c6e1720e1Ec17142F0E6Fc26fd2993e11,0,787
0xC58993C71178aB517f5b7C7792639a2c02Ec343f,0,788
0x5886ec015Ca751057bcA7cac0Ec663C270d7a0ff,0,789
0xE98EA99DE8261583Fc2d5f6037a3C953DD53a3D8,0,790
0x2AAAF0725E88C4A069FA50B4c676D5f0CD3292dc,0,791
0x3993e9c8008b5435BF6cce1461C1c13bf853C834,0,792
0x436f9A44a1660C97399a86354729E2B16524dB51,0,793
0xF18bd6b39650315CE01a5f0b133928bF7DD596e5,0,794
0xf6822a7D2431Ad1A6133F2D5C637148E506Bc953,0,795
0xB554F45d7464f72112D832015A36801bb90Bd7B3,0,796
0x753260384C9009910b2681B3C580FE1b7bef17D6,0,797
0x4d70551454976895515D33D6D405B690A7d8E855,0,798
0xF88a0b9597F81ea8C15f06977C1988A7Ca291565,0,799
0xE5532c11E3F66a9d3BA3811Fa18D9458B0B5d618,0,800
0x4166878294085779B0e338eB2f1258a438CD4d99,0,1501
0x5333AC2751f0C937298Cc7E4118872944DeD90dF,0,1502
0x3f93F9f9DA29A842d8438AF841bDcf4936BE99A5,0,1503
0xFeBD9a8653cCd6c6Ae8f1F22CE5a061350872C89,0,1504
0xA26c2c3f5a6D48e01492fD229DeAb0A061b12F8a,0,1505
0xD1A7546BEe8631E550a0971a549147f976956c36,0,1506
0x89Ff29B803b4d0154FffC0b0FC319AD0495874A2,0,1507
0x745998d0D58635d6B592C6DDb19d4d01E2E9C1bA,0,1508
0x9D0832Af562079ae702b55163a3AB8756fAE9d22,0,1509
0x18f80A58574F163A11526bCC5fD547eD75A415dF,0,1510
0xcF449a1E1CB6bD561600a63B80Fcf7257960dB21,0,1511
0x23BA606023C726dCf5e55d188B5f1b8F630e632E,0,1512
0xb511500592AA078B266cB7482F83735bF1047074,0,1513
0xA0743b53fA2c1Bc8C2a5C616Dcc823Af5E09Aa4f,0,1514
0x3f16bFec0eCafD518E014D3c05f6634b209c61C2,0,1515
0x6468AfFB57E300D54c5ed977746f86a396830F81,0,1516
0x595B630C29Be9D2238555FE5A0B7cF008607669C,0,1517
0xf33b5f3c6a5AC72CA945DeC398376d7581256bda,0,1518
0xF794b3387cC204E5653423bF2eBF6ddA418deF76,0,1519
0xeC1B51Eb01527af9604de2623925625C0D60aBF1,0,1520
0x24e11fef7993554361936d1E06b501E5A8C2fb26,0,1521
0x65b416c019DE77eC46396d45e59BBCEE1406Ef5f,0,1522
0x05dF148A38Ce6Fd5c851A3Cb785eEbb0AA165D74,0,1523
0x329956442de486B15cca65e038a664Ba47b406e6,0,1524
0xb3A96b34EA20c2C084A9c00864F3957a6a282ccD,0,1525
0x46bace397f4844e4278883b9c8FDca5472261a3E,0,1526
0x72855C504888129ea5aAc03cC4eB13FAdBa29f89,0,1527
0xc3474364caB5f4B1e043d28B64ded7574918b793,0,1528
0xD48FEa1820Ed507f4688c3D2a5c10da0A4Ea5447,0,1529
0x63F236698C8Be529cE980658A0Aa6Cc7744C9D42,0,1530
0x286C3e2014F38f1b37B90F31e53FbE4F31aed9e8,0,1531
0x9530c00Eea61cbb732B5e52756043278CD6aF0E9,0,1532
0x5451DE73581475c425021D9C391de6f7aA534B3d,0,1533
0xE9c8e50C3DF8220E58E5b8E1A781269BDDe9BF21,0,1534
0x7f30aa71eaf9030E18a51A56495ad98B256541be,0,1535
0x544b01cBB5D7bd1c453CCc916a5105f321c7735B,0,1536
0xF10500523c657b7439413bF3305F471aB9d5f861,0,1537
0xc756Abe01b80Ef58bF44F210FA0f2225619cB62B,0,1538
0x27ec607298A4513cF8dDC7AAdc1eef065c6d73Cb,0,1539
0x1f0a8393C505deD177C759015B9ababBb6a25d88,0,1540
0x595112B64e2afBaa5247D02e115Ee77dC16F11a0,0,1541
0xC2ca14b9E454a818dF0De135CC7583e162326799,0,1542
0x7205C0C9d5155B7a93E884e5e9e3B380cEa344BB,0,1543
0x510898D006DFBEe0A91bE211c76d25826a7dFe82,0,1544
0x2661E5B891cb5D2380476214b36d3790F2C870Fc,0,1545
0xEbe5500E4debdeAcf138A6feA3b9426f30744dA5,0,1546
0x2b7feD25210Ad7D701edCA44be6345eA32c6aFa3,0,1547
0xc844c62F4363a9061cEd2518322f83d18Ca38EdF,0,1548
0xF85aE2E0819025E7D73694AAb8A39bF38d16335B,0,1549
0xE2Ef307e902e1f470f268c09277665fA9619D681,0,1550
0x52308c55C88d5aDc19F5529A502dd0C940be6C18,0,1551
0x010B06164bC7A7CCB1Bc19675D1c5E50fA663f51,0,1552
0x733C264c393b9Dc05B071F1B66A4d1821610B77c,0,1553
0x080E5798359Fbd17196f9F72c6692502D1B86FbE,0,1554
0x4943EfEeeCc318806e2d0C2B0aC62C4d3c72b6D4,0,1555
0x6660013CEE9B41F1E27dfC264877238A1bdA3BE8,0,1556
0x25780bf4a99427A952cF2B90bc67D18477021B5a,0,1557
0x79375A5aB4e33d449a42037f1BfF55d196cb3A3e,0,1558
0x377af8FdD7d112CEaA01B6CC1f00f20e0242Ec33,0,1559
0x7D5434564Bf0D9DB274D97AEe9F22a7336Cc51Fe,0,1560
0x2685e71aE3edbe3bcf94042B868BA8EdF4444167,0,1561
0xd20ca71956440E7B787DBb0E507553719FB94d18,0,1562
0xD24D2cf72bde9Dc14b41dB4Db7875F1aA6544E9b,0,1563
0xbdE9E7b62E76096ab3B85Fee69a3eb91E5f644e9,0,1564
0x1B02a791dd0b7E829135FfF38398772eBbaE9996,0,1565
0xBe21D72eD5E1eF643e83cdd0B8d5730D94b175b3,0,1566
0xe5CB28aA4e2bfF705c21b7d9895C361Bb8E09db3,0,1567
0x7D83d2BCDD9eB3B9eC82cDa99Ce04CD9b53C93a3,0,1568
0x69B965d560568B91dBa574FC2DCA588A450C6d95,0,1569
0x9e35e76Ff7A45aD1fA04c4F4446d6d618D33eD81,0,1570
0xd4F066a12747ED1526a0B545F136781D713B37b7,0,1571
0x475A910CC68d1d66f13d523DcdaEeBf167461D83,0,1572
0x3d9f524E006Bcc21594D90805f55834EA1dcc5bc,0,1573
0xaa6d70D68A3022483219863062bF748F05ff5c67,0,1574
0x85722908fB793Ae1D006c8B3B31859523D97FFD3,0,1575
0x2ad38216DF1372368270B7d9CC132e058bDFD292,0,1576
0x774555361708d30743eeFBCCcFFACC4AA0F515f2,0,1577
0x0A25135eA6a86179a1BAb2ef709806b6299c2Ac1,0,1578
0xB7232E90C46048a73803dE876a41bb83000d9182,0,1579
0x0aD70bc3EAD2c4995aB12D96451c81DE22c06126,0,1580
0xA4AbCcD474eD81605ab2033F4254B18bcA38F0Ce,0,1581
0x625502B9E537f248B2fe0C8d21D03E499B87e7E0,0,1582
0x8c6cD150076E3B3Fe68623554e458FbAd0E8c2Fa,0,1583
0xe675eb3B71942A89AD4FBCB352caE6BDf1c8DF24,0,1584
0x3b39AfdD46A626c85F0af67f323D66288a88ba60,0,1585
0x5Ee8764A215cB61d8f0760E009e815Af8F8B38CA,0,1586
0x7Bf5A81f296765dd1Cc12951991D5f4e183C38ef,0,1587
0x61705641a7Fecd4ed3e8479986da1806b2066d69,0,1588
0xE3E8F96FB5C8D685FC693E259986e071749a6DE3,0,1589
0x257fbeb4Da6a19FeAcB8bf269C64670c3F586e84,0,1590
0xc2Ec70d6804e06e91Cf4a04c624Db17D3386ad39,0,1591
0x57c9d93C5f4e0143DFdE6E66fF7E7b33B7562aED,0,1592
0x71Cf08d84eDf1a40337A0AE878F0af5B2BcdAb0C,0,1593
0xD5DF0247a852fA98f0B7ff86D7481d77B302B3dA,0,1594
0x1b7D6D046DB255c21C6d55bcF76D32ED2D2285D3,0,1595
0x2759311180847727B3d534e241607A2068B89db8,0,1596
0x720F59Ab782274eB643471cA0D7b62DeED50441A,0,1597
0x0F3Bf0be25d4249BC4552E49faa369077A002C5F,0,1598
0x2502c05b52dE7643F4271d12737813D60f460DD3,0,1599
0xd6584488cea45f01C1fbe82EA70A17bD5D2dd744,0,1600
0xb6795dd6ce1B552BdDA602eDb764A5dA6befF77F,0,2301
0x1F7D5cAaAeA1aa4632C36B0f6e7F10518fF7B5E6,0,2302
0xbc140da1b43ce150020f54D31f37E6EA2FdF4466,0,2303
0x5376772dF2aE8377944e0a205dFd7ef6DEEdBF18,0,2304
0x32028852f41Edef046F96B42e2EE071C72A145fa,0,2305
0x13e51c8B4dcee7c0b75B29c7dE752d59Ef18D991,0,2306
0x5Ee7E0410704BbDf68a72be29cF7EE913152c2BB,0,2307
0x3d8a025784cC3792028f0a598d78c53127CD91f0,0,2308
0xe61B6B292fDCdb117C8Ac7b6f803246e00a4CAA4,0,2309
0x33203f68C43556830c225dB282A866311197cd17,0,2310
0x11315bcD996e6dE5775203fad2e937aaA7A78A75,0,2311
0x9a06e3C332a4009ad52717846f9772c47F54A95c,0,2312
0x27acAA5343BFF77Acd321A7E179818522c73709C,0,2313
0x679B5044CD06CbAFB248df610e3a503ACE3eDD4e,0,2314
0xE0A5A0506b138333e95f8C550bf21ac1afBbC17a,0,2315
0x52924100fFE5ecaAEEe1862FdAA5c5ca8a4b9320,0,2316
0xcdF9dDEeD8BaE6bac301136449fAF5936c956e1A,0,2317
0x410f057E791e2233ECd6a97b34bFbc670623B5F4,0,2318
0xE6ff8B357e07Df860dcea45e777D3e91Bf356646,0,2319
0x2d5eA55C51cc93915ae006CFB0278e5Ea943F342,0,2320
0xA3ED3914CD5bDA36aeFEB911c9217891EA637E64,0,2321
0x53D165D22f04BC598e518eA5BBBF3De5e877d63E,0,2322
0x6AaB9A697304dA59000dD4368A82F5E198AEf067,0,2323
0xeC19bF6d27756d23B5CC1942bf36F8D8F252e965,0,2324
0xa30d9142d262eBeeAF4C87F4A98104511956cC89,0,2325
0x8D92534FA6cedb71DcEA161a0D427D698566B6f1,0,2326
0xdA929Fbafa8A2566193f68a62fadE591596BF67C,0,2327
0x21F5d4693979B8B9eac11D4e4D224Cc114a3AB1B,0,2328
0x1Ad3c36D931633683eeC64e477899a566AB63000,0,2329
0xcda040376210Cbeb6C0993A2ADc4477D9E887DBc,0,2330
0xc415f63e8b7e51d909ccbC2F970dF52fCAB2BB6d,0,2331
0xc0Bd5Fd1C7D61B7c4e16Fe51b62fFA5758B0bB59,0,2332
0x3b54F693A826195927DCB420b26C562A5B6afe55,0,2333
0x1889f53347bD804c7bFD3730aA24d3cBD5642117,0,2334
0xcE05Dc4Ad1BE5a0b2809f8EE91C409AaB5A5257c,0,2335
0x993cA548908265cFa604947259B3ED78915Eb393,0,2336
0xfcAF8c921a2Ac84af2Db1993f7E1a0673C585214,0,2337
0x089dCA4B2E115EBd55417527c27034dE934f84E2,0,2338
0x9040d33E89FE2c11B5c60D4551713172e7968341,0,2339
0x62F79Aed93fE09a32d2A8e2DA09C95958D3814eB,0,2340
0x3EeE4121d39165Cd9F7c3cCE2F5F3641B436ff74,0,2341
0xaDb1D810e4F0BF2281d3C71550CA1339bb83B144,0,2342
0x7Da239D60419036aABEeF3C0e19c1aEE5DaEfF1e,0,2343
0x78F1Be8e12d902B8Dd8ee1C49C593130bdB0F36c,0,2344
0x01C86CA7A6c53827044AeB138B76aDcCAC74f780,0,2345
0x782Dca33D1d455757CABFc11e616084C95b1Ba36,0,2346
0xAfda58258E0a293f22E67F2214755e46F7573412,0,2347
0x76b9f26bB3d67502d86Dd0F0E175B3Fc70DBf4E0,0,2348
0xAF2e8C05FeE3E1F24961fe3d61fc0885E0f3512A,0,2349
0xF7975fafA8E9E71A4fd161148B69D06fb8d8cc0F,0,2350
0xD9475cdb96E47c7e2504243d9bF914eb2d44D460,0,2351
0x0eEef2834D5FaCA968F04ae19E2d791b820144D0,0,2352
0x6804Ba58C01187D1dF56A9407975f6e097B7c315,0,2353
0x69a1043D6593e6aa6FF77a4617BCaA1e5CdbC84F,0,2354
0x22947A030Be7179991977dD9ea7319B825823Fe4,0,2355
0xb8EBaF70b2DCFAB0092B3aa701C8c094610095Cd,0,2356
0xAAf7bA06ED4E513087d6899BDe6f2082A7BE072C,0,2357
0x2F9eE896bd768B86a7dAf63c317458fe619e53A1,0,2358
0xAaD085CC1BE4914905dDDeb33e181d8EA5996090,0,2359
0xB5Cba6EDb52f89581f23603C0B055A5F84014C5F,0,2360
0xc5B9DA7364b659B04E5a245C850f206E06cf4C4C,0,2361
0xa90d1da85Fc45379e96373C5a443e27C665059B6,0,2362
0xdC8D27c1a34dD20eDAa071B77fEDF21e065FCf7A,0,2363
0x6486A8c3604Fd13bd48A4A307EBc8112f8BcAAc2,0,2364
0xC3c83E8760e7AeeB46bAcB6Cb764f64b90e970F4,0,2365
0x5741d4E8BA30E8B0a44B322cf92bFF0E78Bb82Be,0,2366
0x06746a955d24ECB90ed1A833D3193B61F0B349Ab,0,2367
0xc0A337857B98858F756ee2ba0144146B9a2f80e7,0,2368
0xdaefADbC6e0EFaF0D59F04e22b02fFB374509E99,0,2369
0x5a8faA440054926d1984ca525BCD73e9C441403B,0,2370
0xe362b3b98510962ba53f1a4E0954D932252fc2fC,0,2371
0x35aBADFAff819A53Bd9931507eB5F90247fFA1D9,0,2372
0x8588d0D70B671aAC86FA6Bdb6Fd55EAee0987474,0,2373
0xfa4a2038393B0eC83d791e85890865b293992fFB,0,2374
0x1469aEaAb4d2ea07330da6Cd151d623A9e5b139F,0,2375
0xdeffbedF0c9A182AaB64a6acEDFC88Cc141eA368,0,2376
0x585f587613C9aD776EE0AeD0A9B46a04D36b7DD2,0,2377
0x80EeF9105B72f33b07A0e601e012055C32C23969,0,2378
0x4865D1ee65b7d7a1285649B4D97De65252B39C6C,0,2379
0xe765CF13248Ec7102788AC00516e511B4c4E86C6,0,2380
0x9b861222a413E44cD7F9A13e1180eD2d3C79c104,0,2381
0x12b292250757A0497564Bd2184Fb7E609960EE11,0,2382
0x6ff2dCF1f2A9A1B5720C254d636358949E0dd5b4,0,2383
0xC95f50E5b93e84c55D921958dE3054Fb72071fEE,0,2384
0xb2ABa14181DfdB746FE96234A2647d9cB384A631,0,2385
0x4947e2E59aB381487df462fd0B21f732ce4F7797,0,2386
0x92725984F1BEe9d9e627a722013B97C6c639Aa24,0,2387
0xCE580776A42042c805a569C961FB339CbBF0EA7d,0,2388
0x62ac7Be36B4Cb6E3Bf6D5CAa8A3A7f3e6fFF774e,0,2389
0x1d40ed0FD3bb6FEe2778cCF4F616FacBf449C163,0,2390
0x44B319a70B4132372235f290d2FF2aabc0a6c3F0,0,2391
0x4F8631cc19dbDF77a8566009DDBc6Af578e3769E,0,2392
0x5CF51535c018Ffe3536eE5d622fa0Fde191e8425,0,2393
0xBde174A34FBd420985E821116315e84846e94a04,0,2394
0xcd1DA7404fD98175F1a2f0E7CCb34Ef8a0BCcA66,0,2395
0xb1c8106C43A59D0302B811AcF0Bf93015Cb599d9,0,2396
0x040570e0939f1cE97Bebc26DEAC35F1A8c380F1B,0,2397
0x788d6F6de81fD51ee3663C2cbA55Cd927A60D552,0,2398
0x3B1a2bAC2e6d14ea233106260c0B6860eaD589bD,0,2399
0x6616cDD89a402d7750812BC1549a4b4f8f7a4aec,0,2400
0xa7c804E6eb2f1f40b4864472F02BE8e9116a3Be2,0,3301
0xCD709a8CF4daaF4bF8532cD6d8646170C7904386,0,3302
0x9D7b54c5622639D8d036c353ED48B347EC024f08,0,3303
0x40344F2544DFC8bc07Af56569992F1F1D214b0Aa,0,3304
0xB4B7bE13BB34775a52BaeB53E152213211e5a283,0,3305
0x6b8542106156dC057E025ADF6650bC77DBBf580C,0,3306
0x8afda9361FE2e2D0870e7dE06d44EDDefd68C470,0,3307
0x227b8D911dc39f1c6a179F4b172e2D6cEE410bcB,0,3308
0x8A9774e4a7ADB63e16Ec8Fef3A1226901a1f0AD2,0,3309
0xE819486B8dd396DcdCD622C71efcBD2E34B9adDC,0,3310
0xBe84EDC5f38dd49A0d726Ab3BE4FD35a705d45d0,0,3311
0x660216e5858B8af24814b3F579ab85b1A89C8707,0,3312
0x97bEc3EE11AaA1828A9BB36C05C01830957e012e,0,3313
0xA4CCc5b60b7Aa04795860d993Ce2D6fdd65038E2,0,3314
0xc60743F3cDC1883aB1430DAdB04C0F1693dfC12E,0,3315
0xA2bBd8404b161d7f3CA50c1EFB233BE42e731Ab6,0,3316
0xAc6c3E53b73Cd1E0048B76eB1128A7eec9ed46c4,0,3317
0x3D4F2c73A037D6Bf8Ec47ce1622E9F0415CB85D8,0,3318
0x519e94DF081e60F35b2c7Fcb24418081d6578Fc0,0,3319
0x4F8EDF0bC75fbd3a5EFE975B3785637c65a1cab3,0,3320
0x41B7D0D628D609D024f64BF9Ab28b5f12E0Ae8A0,0,3321
0x0C47E4D03F9cd034f062751C3F65138bfe688343,0,3322
0x00241E4cd1cc5d1D3260FDD24E07739c4340E929,0,3323
0x9235E50183c146537e1C3f45A49CE0A19D252d92,0,3324
0x27cFCba61663b695E760cBBD76E1327De2C9737d,0,3325
0xA53987B71df3BEe1959B338066e96E57b93f1c17,0,3326
0x0F8a025937f75e2a712D9a1042727A25f1afcCa3,0,3327
0xb00C94354e637646cBC2693d0344226af875250f,0,3328
0x3c90829bE8221e1E6fCcD2396A2D69FabAe4f725,0,3329
0x29539cf0B461A95a0eb9E652f70c5ADCeddcba97,0,3330
0x703F346A065e1611281C607Bb9e7aa2c5A424944,0,3331
0xc5f084c49829db547EB877D2849f6F93826D5CC3,0,3332
0x91f1713EF48c17C815d6425f85553E2169bAcb92,0,3333
0xe0724854337bb689bdB2AdebCB9ef62A0aE1F400,0,3334
0xEcbe030D6c61C4f197adEfe430a1F7A4CC004d66,0,3335
0x772c1afB31752e18938bE15937ae74E783E3237B,0,3336
0x602097d1d2eAcef8dE37Cfdc420E29F266eFF503,0,3337
0x942c597E20a3B31279577ef447026Da3fd053426,0,3338
0x90E4320B754931cc1D6F5Dfa8af808a69a04c566,0,3339
0x41c5F450950EdD95412EB521baA0D9e383D4b45B,0,3340
0xa51aee68A35fEd8fB34F7fbca32DA4B50997aE00,0,3341
0x937FCCbd4916De6668F838437CF9936537B6aA70,0,3342
0x590b78E01C50fB525E58cb9f28DA6A2CB3800A0b,0,3343
0x1e5b427E253A9dd4967a34C564A287DBa032A96a,0,3344
0xB098E4Fd134b35149404c84a122857bfFd1260c4,0,3345
0x01a93A3657451449cB63a230384dfec007c7d6f1,0,3346
0x36EA2Aa236Fc759Cfb87B5E401FAfE8175B361b3,0,3347
0x280df224ebb3e69ce1b7B20f222DEe5423C91c73,0,3348
0x40D8898759E1Fa75389a7fae3d2a1f849dCEF34b,0,3349
0xa9f492e6FEBD9696514A447Dc9cC58Fca11563cc,0,3350
0x9C485a192bcc19f470Aa3D29A296D5cBBaA2E0A1,0,3351
0x62B967F22Aca528b27C8Fc685aD0945FD876A31f,0,3352
0xb8d7AEea29B3840ee7cf4854C3fC5851edE6f753,0,3353
0xFeA69310084beB2dd65f619Efd5B6F30a9e0F24A,0,3354
0x3FbFAfFC5433FF238Bb3c55C7dF74CF85d83BE0c,0,3355
0x5D199022bB314D336108e4c0f5BD47845F3dfc99,0,3356
0xEA7213667AFaabf168F5dCC6E8BfBf8048bd5648,0,3357
0xA02D5da960DB0552a58DB339A67734cEdAF51Fb4,0,3358
0xB19753224A162D59993B6F2a847831eaEf513eDd,0,3359
0x24D5168fD42882aF017E18768fd955D905c32bcb,0,3360
0x6766FcAf62aaee2343A00FbD3e1219f7Bbb31ECd,0,3361
0x01469B11912436502e201E3B711Ec11827141F32,0,3362
0xf231B76FAe860A9eC3f37C59Ea134b983920a440,0,3363
0xefCd004da3d824b6cA99CCD29940870c41b99f8E,0,3364
0xdf28eE7FE561347347F0d5E0B46628bB4E4157f4,0,3365
0xB96499C59f787384C02469aE6E82D95B87c748E4,0,3366
0x8a4FcD481De82BeCE445E478D3357a038cC7846C,0,3367
0xb81e4eD7ADdB87867E4BB471aE0C6a3Bcd685D69,0,3368
0xFE65241d24630E2A491775F2190D78DD48De1cD3,0,3369
0x026ebD5fA24BAFAbA3Ec65f6BFb67E44e3975053,0,3370
0x79536aa3d5EA6B894260093C1857efdA09661677,0,3371
0xF9dDcdA48fE86d8eBD265cf503dFc4522e023cE4,0,3372
0x5b9DA16F1f2EbcB12f32682159f6ec0Ab6310403,0,3373
0x6C87116b06CB3AC123D03b1c6355B710572EF427,0,3374
0x628f6994335191F20d6E701c318C1d48Af2B583b,0,3375
0xf0A4ed16E2Fd3FE16dBbe86d44Abea96371602BA,0,3376
0x3ccfB4188Abd2cA905dfC6c9C8771C9108F16950,0,3377
0x765f1e1D73316a120bD4a96Dc6712c921473F3e9,0,3378
0xeD6Fd995D5f41F31a9AdC116B9368781251217ca,0,3379
0x58abC694302b85E46756D47cE2eCd8fdE2e04041,0,3380
0x61f299b765070dA0663D41116677B0A358E7CbEB,0,3381
0xFA1f1b755Db6eC7B30b67a76c87b0de4C47Aea33,0,3382
0xD32a326c6391477E67306E85c79cE3c8509F1B1E,0,3383
0xd355b5E9645f273b65538820980f23a25618f193,0,3384
0x1107269c0c52bA996Cf031d4E46746031a96D487,0,3385
0x9243B0b61c46E326F8051C6b23e6783409530C9e,0,3386
0xF250583a854248A43521F9D8dea29Fa2c29B321b,0,3387
0xfBA265EA955Fa569B4e0483663550027D6909CDe,0,3388
0x05fB26Bca22F4948E20bbe0ffEAB73675A5dCb8D,0,3389
0x6AbFAc7f76A113180F6Fd6AF272bf9c7B59abFD9,0,3390
0x8B9C42dF431705c922FA1772ee3b24783CF64977,0,3391
0x4AE66F70f1cD5fe49b44e2b6d5FBF868cC9950BC,0,3392
0x3Dc0053568afbF7d5caacc2e721bDcc45c63ed18,0,3393
0x8e646Cc71E42f9e74986ba2634F5B2913a120de6,0,3394
0x7d79fE357E1277394242A233B30118771D353786,0,3395
0x7d75CD5A0a8081855a999265dFF3Ce3352CD51F5,0,3396
0xbFa06de71684f0C420441F51fd4f3584BE883555,0,3397
0x8156fEcB63C97A9191Fe3E69F34aE85E3aC59077,0,3398
0xBF2430BdFd6Be7E5d0AfbCca3DbF25306B23b86d,0,3399
0x00e29Ff884d9E4045f97B4be5D28774FfaC15156,0,3400
0xb916f919ebCcfc4dD8F43a5566cae3e7b7D42e75,0,4301
0x6ed36619d10F83421f53931484123fc313472FC2,0,4302
0xf5070b9268D2c1eEc30155EEe2417C3AC2f060d0,0,4303
0x4B7EB8CfE74a66161d65AFfe6831212dDeb23DEb,0,4304
0x02c3aD0eDb84C853b5262300f999E67968Cce224,0,4305
0xDb87736E6dB5df72EA9BF41B82186978eE1c02Ea,0,4306
0x19C7f53f467A432583760fB145D25cC0553F40A5,0,4307
0x8eB218F1fbE9360af313Bc7563aa7B139e19aDeF,0,4308
0x92db005AAa0b72cB789d7E4931Bd679bf17b59f8,0,4309
0x09E88F7e6e26747802Fd68B21745C689a5EF2438,0,4310
0xC2dd8DC4044FDd8a624f63Ab13c01fD9467C378D,0,4311
0x0012710a6102B00DEBF4860FF2155b4676cF8B8D,0,4312
0xbb1d91423387E7623Cb9492A305E39Eb5440CcA7,0,4313
0xFb809D7E652099DeC409Ae563E098da29520B270,0,4314
0xfc313e7987C812d27b940c26146c2ea9FFA502A0,0,4315
0x3EFF5A7601E70DAC8c1674f43368A447bdf431C9,0,4316
0x2c3560A5F2FfA6882fB29CD242C86f5fBd0Dd4a0,0,4317
0x1B443Ad25f6a823E86bc392F51e3f45DEc0374B2,0,4318
0x7d48fB587194363d8874Ca5204f94Eba4a0b84cB,0,4319
0x4bc9aD7249fbCff944868449373D882b80DDE165,0,4320
0xf33364F6eDFB96D81332bbb43af7CF97832477cb,0,4321
0xEDCf3cA74EfC71dd0e10FEB1bEC9D754AFC945c3,0,4322
0xd33bD577B5d098615E50B6a55A683b41BcbaD1f0,0,4323
0x26a8838025eD93c03576603bedEdda97fF31EbE2,0,4324
0xbD2C95ef70CB4dAa88D40d039e06c5cbFa95D360,0,4325
0xe94456B6a1963F1b56c176Ed135099049E9c30e6,0,4326
0x36dee185B234A745479C980BA5E6EA0907F25928,0,4327
0xb40191fE7B6Da0431a9DFeB5FCeB804589061044,0,4328
0x8A5e9ff6d55F8c458Ca89356ED2E76609eE8dfDe,0,4329
0xDc156Be92fd56fF18A8d7aB86b8eD4C92Fa3a377,0,4330
0x8aB0ECf1cC8d1c35aad208522A56E0945c0b25Dc,0,4331
0xF6a6F6e83a87b077B87a8e02C95FEd51979B56B4,0,4332
0x06c8C2E8C5CDe457E5c416CF88DA93d8633f7e95,0,4333
0x443894d5383E3fEC1A0694f56D1d792dBa8a58e4,0,4334
0x6f09fA10A869195b694391634af93EcC646a09EA,0,4335
0x5fd4CAb84d6918f767073D90b52aAdE986ebEA43,0,4336
0x4b0267582da7271f8A6663676bE5Bd93632A8E67,0,4337
0xDAdDC0C36095165DE80aAfCe3c6DcC870cd29e7a,0,4338
0xF312Ce5b2B319d46831557EFf38ebF5434c42517,0,4339
0x1813817f026b5a65933fe06fF6B451B6220e42E4,0,4340
0x781Fd7ef3B91D1c631000815391cc37Abc6FBff6,0,4341
0x33e1E49eb6A57AcF950e2295ED6452895D32C45e,0,4342
0xc53452eA2913fb42876E69b070127d68D8dB831b,0,4343
0x422d8314E4c1db17647C129396De70612ADA9845,0,4344
0xf783735823aCE03d8da79dfac5e99d9A509ABa5d,0,4345
0x1ce9Cd54C57318c07c96C1e01bC2b7e13f1a59C8,0,4346
0xcFcE9E11F1955DA0131B9789995d61031FCe5C11,0,4347
0x1C98216Fe461E2E007d5b86319A1d0e5832b0986,0,4348
0xda9F5fd6a5734341fa5e72903137259B0339BF44,0,4349
0xbe9f1aa594Db6766bBf59B087FCf9a06eB20820b,0,4350
0xc18738A5aA969EdB308BAd9B0B111A759dBE7932,0,4351
0x9bBf955cd9bcEB075821D055e4A48521191B4435,0,4352
0x1DB207A5D7554612a1b30c0Bc085d233C733ea73,0,4353
0x2F38e5630cd3ee5539B48B43c21a6C417E9e7483,0,4354
0x6E4A589da93e774DC2BD390e4A1C8Ba109C942e9,0,4355
0xC915697044F30480C17815E47E2Df7d9c13BC869,0,4356
0xcc6c1E7b5FC8Ce9787b1Ec24D41d284C0fEcCac3,0,4357
0x3f9213BeC12Cd4900Bd198CD229944fa392D39d0,0,4358
0x52CFCf0649707dFEa45f9D34f8cfaB16fCb4EF2B,0,4359
0x815574F7c8B9B000a3832F72d54bD0394b83C7F2,0,4360
0x0C91F329914b020317B5Fc01E8933305e98f03F3,0,4361
0xa5bC247C4191e1599F7FbEF44d96D7524CF620f5,0,4362
0x9FA142a0FCdC691ABB52F6CAefE763cD11De7D40,0,4363
0xc0B4f7e915A3F0d8B4C73d2E7506016BEC884Ee6,0,4364
0x9e843b2c700A083Fd96743528025ac278d0ABf30,0,4365
0x576d3414Ff6748FeD32aECC32D67a6CA30587aB8,0,4366
0xF9233ecDe2f2CB08361E78d32bc02d96fad9cfF7,0,4367
0x23692497034c5b7995A4d86CEFdc728665e9e14C,0,4368
0x2bD2cCC86E2f1492d77D1360F261619090749F06,0,4369
0x5ffAd576dCF5b2E0F23f66c8f4d73c2E90c86817,0,4370
0x91f7765E2Ec515016D4108076Bc462B0914E7502,0,4371
0xa8DbDFA50C1cAF3f3D19810453De3A8a68e119cc,0,4372
0x7F967b4Dd5f1d27a0405B51aB6760129046291C9,0,4373
0x01B6aA2B5194BCfFF6396117122E5523a682F39c,0,4374
0xd49174DC576A2Ff1F3b1A6B2166E35aC7a72d979,0,4375
0x3839B0082b7515Cd94B1f66f60C5D66BC5604514,0,4376
0x97B437D538Eb154fe57E7EbA0cf7Ab5A8Fb67060,0,4377
0xDdb5c187CfFfc28989a48D761209E9Be0994F777,0,4378
0x3A228b1Ea04E19EB0EC7993ad8C63C06a9D9d8F6,0,4379
0x4A22f8e42daf18618AeF5A77f96A767774eB0C96,0,4380
0x83183682da458bF0064921c4a6987Bc2B515F076,0,4381
0x4B43ad639c934690D429daDa5dfA011363e29867,0,4382
0x536b0d8732449c4a2FE4e5ACd53B8cC3F2cf8c86,0,4383
0xCc053373E525E8953fDdEE8737c2A07419a80edF,0,4384
0x8C14246FC48c2DDC910bF9DcC44D9443e4b440aB,0,4385
0x3fCb17BeE5BcA111AA9212e620e8Db8d98142bbe,0,4386
0x1B3A4Bf4B3882a2974052f3506c3c23d46d8b620,0,4387
0xA6B2Ee740ACa9e9d6755e0884AaC9107AC1c26d2,0,4388
0x74caAd10D1266406dc874899a5F2D5061b26DdC1,0,4389
0x0B94cF838bc5C7321D3Ac2894d1C8764a3aF4b11,0,4390
0xF8EBC504755FF89115Cac085E66A841181630286,0,4391
0x010484a05A58663d21711689644bF9b49B7C2DF9,0,4392
0x5eca4E0456F5721691789e3649666AEFb7f766F3,0,4393
0x6d8102Bc30879baa155709157547ca5900775620,0,4394
0x1eE8135b411EDB1464D1D4E8c66F1c3AE071C221,0,4395
0x0c0dCC3716B3a6B84506E0dDB619215108494C25,0,4396
0x1dB28D65ef22EdAa3b950082f67a88b500644736,0,4397
0x12e86571c4964DEC3DCBF134eceb86272e510D71,0,4398
0xAA76b4553dAf3E98F6672Ea1BDa30A3F7Bdb80AC,0,4399
0xe1730B879525DDb33dfeEfA0aC32c2ea8a87B20E,0,4400
0x87e2adA0f8a7786C18B84121ce4e5C1508F789AF,0,5301
0xC0491a796eB501Cef32155A05F1e2Cc7E747dC13,0,5302
0x987C5f5e2fcFf15222B8E30FAE0352A3F7A8ACc0,0,5303
0x11b81eD663d253f7d3d897c2c6A95b6F54C03214,0,5304
0x42b3290fF25c6E64d93E566f960EEaC10fEb1B23,0,5305
0xAB3064e377F63CE6d0BfEf2bcb55fFa7EF178402,0,5306
0x8B56A234e7960C72cC5B9e1059291d2bf8517944,0,5307
0xc3d14c73288a42D4Ef9B6c9bF125b221397a3De9,0,5308
0x53412CD0328B041038FcFF629e57710cdF38038d,0,5309
0x77541411F37953E71B05E5E521709D886eE2f5eE,0,5310
0x7a9EFb527226F0d0aCF5d46bCA63d3b14387b7c7,0,5311
0xbb8ad05422AD61b383D3c10FFa86De973134C97f,0,5312
0x6a26E7C6CC96A82d26BB9efCF48A00bb39b15688,0,5313
0x6Dc2B53E9b7d5c8FEaC3300B16c6a01EFe219c59,0,5314
0xbF04630535B092dE61b6Ad5c756707db20F6e710,0,5315
0xb6CC3c85D6eb48C5Ae3485a1D4fB4b404DE7CB3F,0,5316
0x58Bf0696BD541E65219125C16E2B1Fc104951bbb,0,5317
0x2bbe918858941361667b6edA2392d3244773251a,0,5318
0x640BE673A64Faf778C437C5CeC4Cb26C52D017f9,0,5319
0x244E9A4de867258613dA0B73eD4957Ec60631b18,0,5320
0x96912a194b29a8f00cf58AB9Ceb219053B6E1474,0,5321
0x043A1BC2a81384B01539cf7BF437283568BfdF60,0,5322
0x564b8Ce04f9Ca2808751Ea93b084Ee926e1e800e,0,5323
0x85f251a269E600EEbab88D98B2899f66789Adc41,0,5324
0x507AB0d729DB481254a2CC962Fa3F5f629A1DcAD,0,5325
0x9241741F2925B835591c44AaEc55e7a3a4688023,0,5326
0xE2ec21c6aB63a49c41ab04B0205AF637888c0d3B,0,5327
0x5E52a6a326bADbb7391e56889A96129561A8468A,0,5328
0xcD2e53FAD039E1ABbb91A98BaA32410a8DbeE408,0,5329
0x0A435C661fEd3a2927D0e5237dda95e89CEf90A8,0,5330
0x2DC6Aee0360ee45be71E8A8e36a178921bAF9B8d,0,5331
0xeDa2252aFCA55cA8134Da62D2f163B0b7Ad2f535,0,5332
0xca6C8D7f28E0eC75Dc8A02A1FfD43fd0265a31bC,0,5333
0x1aAe4a733E1544a649CC716E3A5F46b8414B4dcd,0,5334
0xB2C7Aa9AB594c2c20D7776A2648E7337236B888d,0,5335
0x9d8E3131D4D15E342626494f5586f60f40DF0aad,0,5336
0x366129E39388784f52dB68eeF5Eae58dC55F44bF,0,5337
0x4e04728Bff9B73334215610cAFE980876A4ef125,0,5338
0x717af624c79A7816568DD7C056758700749819a2,0,5339
0x7f30086D0A694ac436010410ce62dF783A1A4ad5,0,5340
0xD9A113ec2737C52546D63Ee5020618Ad19E718Db,0,5341
0x3b57289146BEfEfe89da3B92bB6AC86BC0324DF3,0,5342
0xcB648F980cb8b94f90466f5fC11Ce4D2856C40F5,0,5343
0xce401c2e2f104cbBbc5b9D3EDD12FCD6542636a5,0,5344
0xfB3E3fb059Fb84ed6a269E5942c2E2bF096Ac9fF,0,5345
0xb266559461584C17f231dA075A79b105D065BC0a,0,5346
0x308Df520a4c18B6ae892BC51339eaA95B66bcc2C,0,5347
0x6391d166c121a89aB5C46468b0b8EaBCB2442511,0,5348
0xf31D50E42f7d30962064fF77CE1A9110e3D45c90,0,5349
0xfBa80D919cBBA1d90ebBfba74d0398999bDB618b,0,5350
0x41aCCDDCF896D8171eA28c9bF7EAA506b18EF810,0,5351
0x86cf7Cc7212Dc9eddDb4528d73C3fb87eDFb1Ff3,0,5352
0x42dab5791fbEBC5169AeE9dFc994b26092Aeb05a,0,5353
0x75855D82396C798D981Fc948E8b7aD5427724E31,0,5354
0xC665885660a6F39Eb6D2C9246DcB77b569186CAb,0,5355
0xaa46f18671D58F2283aFf85ac668E2EfB61b5719,0,5356
0x135120C96F74C1bD89eB561bbAf16597019d7518,0,5357
0x810a14701C42C066c06919A36440B4E9fb70C801,0,5358
0x89F9B221201163F3d667B9B6989F6D184E28418d,0,5359
0xbFbaaB280f3D202d1695555BcB15674d79baEE34,0,5360
0xb56667cC93794deEF5565BdF50f4F5BB1C5eDCb6,0,5361
0x3f3cD5939E40E7398A136a2d9014Ea0DD7831e18,0,5362
0xe8d78f005FD6E5951400285a07d27E3afCe25B32,0,5363
0xE5aE29CBE037052c8A4dB297dd6BEC95051AdaFf,0,5364
0xAa971Ad30BbAF377B09DdFB2354173bddd88e775,0,5365
0x2D1786e9066dFE82582908C424A94E47E256c99a,0,5366
0x1eCd41be22d530F2c4D4962011c70A9FeA6556fA,0,5367
0x13c207233Ee8E52b9aE73C12f6c5d57D4C3307a5,0,5368
0x5417d2ABA0EbFF6Ac2C420ba5a581c53A9b16941,0,5369
0xe0F83661DA0C90B4Abb3477afFdaE2eB69368e78,0,5370
0x2e53B34261cD0CF6af39ec67D9B4C4BA5A923971,0,5371
0x6a5bD96be63572D76F1f456CB115cd50D64d0427,0,5372
0xF73F9777Bee652A6f7FcC1f6c24655E47Acfd32f,0,5373
0xCf25e89f5BEC4E136333A0D1130C1Cf04D7f0Cd7,0,5374
0xdF19658E7A83cba04CCE7CfCAC9D31Ce1261bB12,0,5375
0xD419e3f4F2bdB262685c7659238F27388cE2D35E,0,5376
0x68c4038e5ffdbDa7Dd136D984DeaD50eB8CB5165,0,5377
0x30AD6053BD4E3f50476F513071729e0fF9AB6C28,0,5378
0x683F8F2182281Ea04a7CF192a9B01e5cD0ee2ad2,0,5379
0x37580F1A009641D6d5AD54aBE51ACe5Fd336B744,0,5380
0xa4C71E749Ef2c1EC3918bA4Bf08DcBFE06c765B7,0,5381
0x0B02DA4298069710D45cE6481309199AAA2f2c21,0,5382
0x0Dd8Bd08eeD62ea6A9113CCfAb4002c1c337670e,0,5383
0x20Bbc01ea817ceBF88a70d06e8ba77958c72534f,0,5384
0x8403229C1dd1f47A64C332B65607E6038037695C,0,5385
0x17C85aA58914b2B910459586fD84Dd3C94Bcb532,0,5386
0xfF004776135A8ACB2258012794d2eCf57b9af3f6,0,5387
0x98662411D6e358e7a5D1B7221d621F6970a84182,0,5388
0x6A777eA4250ffa4a34152F22a59d13450e52fbdE,0,5389
0x9950C3a21376B1dC061f8B3869f0418e92a7025F,0,5390
0xd946fF8cdA86230D2eDf3C7460A1f754077C5218,0,5391
0x1605871CFbe980FE7A2f650Ab38184fdCFa10569,0,5392
0x5798379d94E285363038e51E5fA6cf8E3c3EdbdA,0,5393
0xcFC29045E83F6acb289a9d4D9C3c6e2529c55e8D,0,5394
0x348837260AFd9cd3Dac26D4DDFB08D74B620Fa6D,0,5395
0x9B1528e0c5159d7942EEBAf667F843FA2F2F3A2B,0,5396
0x22bF67Ca0F9486287ca0e5a6Bc76AB346A008a0D,0,5397
0x7590397fB943Cf2Ee4f5535b217E9112A7609156,0,5398
0x6A1F8Adc01F5B85db43d268ae40603eE37a4868D,0,5399
0x1A0615B2a61bcdbFca1af19786D0B513fAd0Adc2,0,5400
0xcEA85b78CD3711C2BE1DEe5122eb1fbC19A2F22b,0,801
0x1e68faC5b61fCE65Ad2F6A043a295C1E60264Fc2,0,802
0xF71E208a7003B624bA6Cd8722EC694F50682824D,0,803
0xbf1950f449346BA39B1326Ad95008fa9FAC7EC4A,0,804
0x5Dbd3cC656E4EDC242aC4A3FC52FbC3BB1B0a141,0,805
0x3bA4e9d4Bb0C935127Fa45C1113b19E6E90cf89E,0,806
0x165DE08b25Df068EbE89839AAd9569a1B671d766,0,807
0x72a82260251250d7e260e112b8642541Ac3CB1D3,0,808
0x0ee28c8dAb1339A2F121FeD6C0cb99961493B55f,0,809
0x13BbB6309737C0147Eb08Abb49B54C0e8464216F,0,810
0xa5241633DD9cD4e84baE7Fa594f6Fc75638992e5,0,811
0x5e5FcC369e087030055a116604f5a9a735117FC3,0,812
0x33Af9Fe275151AA2F1a12cf8908f8cF9a79940e7,0,813
0x4872469aCc93c9dAB6d00d3698bd34e1723a03aD,0,814
0x58bde8e7197d588E0e72b5764796f58e4a962dA5,0,815
0xEc7948f9F6b719d10F1f8c3Dff960215A2B1482F,0,816
0xC2aF8c3e8F732633257429955Fc28BB1b8A5118B,0,817
0x742585A302cEc1bF6B666F54d7A56b143b1fd3Cd,0,818
0xaEa21E8eCf3C6df044C775a4678C7fb73Bbd0490,0,819
0xA4d3a8e36c16EcC93172051bA177055311510f80,0,820
0xE667AF72A87d9c6BDF1d9CA45B303C19F86C7Cc6,0,821
0x343F90090Ac1C6496A2f68EC0f7afC3cE2A70cfb,0,822
0x3cAfB5d3c1373CfcF3Dd77aa77176C243b33447A,0,823
0x45827268c495b32BC3C1b99326AF89D5d257d4fe,0,824
0xb44D2432BBfED0B72c87234C991Ff56AE558e1Ff,0,825
0x421b906A10B711424fB682EE165E1838d12b4eA3,0,826
0xFaDb6bF66fC50764Ce905B7F1A2BD77904F50894,0,827
0xA543Db61E3D7B0d7D7B1d4e65caD887089b6a6C0,0,828
0xD07d324491Ab8425fEA93E387EA46B8AF38946f5,0,829
0xcF7597450f89F7F511c6824588b19b127A0dbF99,0,830
0xe8145cD67287A00be73e77F85E82b4E4DF64385F,0,831
0xF33ACca458DdFd587380D45961b0A847d81EE498,0,832
0x362aA1664435CdbFDA0962a4e4266CF5a1821055,0,833
0x4B0e97095BeDD92C8358E0752e43CC81B9944F9a,0,834
0x646239D7818745b13276e77329b2a1C6aC24Fa6a,0,835
0x9E8a373b314bEEA189b4AA33d166C6db767b9E26,0,836
0x3a8a2Cee7ba73164a6Fc9DE003c2695972dEA2dd,0,837
0xeeC75243820d442c92C4C06bFC9D3C6F7851600e,0,838
0x7989771167Fa4e448d2Cc703AB14973Dc8aAFD7c,0,839
0xFc93c0C5a96729e02A99624d82384942599EaDf2,0,840
0x1d073269788306038157174DfF6e33A6593F6b97,0,841
0xb7519a9eac93fd88BFbDd8760769E1fBACAB5E52,0,842
0x7EC5c09a3fB78FC25Cd16a39B3a16D78999aF75f,0,843
0xAba61B68cc90Bc4E79d041c27447636BC38151A0,0,844
0x098d5D7438f662A0C014cc5867c41A7c56434Cc8,0,845
0xdc220cBeAFd178f720A9eaF6AC8c9652483dd922,0,846
0xfC8288B3d0a12f2bD3051dd122ec13B6C475b87C,0,847
0xe69663c9ACc352C96d4bbD2892395e777a45c342,0,848
0xD2FA1B2005DB5AFa49B812065e289f7B6B488aA3,0,849
0x18733Aad3ebF36266F623e968EbFD76C10B60591,0,850
0x9e86869B35617a26B680e4F5d9e6D287de6F009D,0,851
0xfbf42595759077FdE6aa74a048D0177fC1FfAb97,0,852
0x94077655A0bd76236288C31eeA720c78c3205889,0,853
0x7868945722FeA9fa7B86ae0f3B1abF1248E578D9,0,854
0x19b5dfE15D56B2c6888009AA2a702cf12E16B3b2,0,855
0xf0BcB143c1b870A404BaFA2050F2C238ea61c03f,0,856
0xB7D6D51C9a239f56a1b8894DAD424eA4f352099C,0,857
0xf5e25E86E47d88e5BEE2D1266685Ea08A34E8b0B,0,858
0x11D5bc53F1c16791E61439261eE2b6d5f6453De2,0,859
0x2ce45Ad24dD7EEfA27Cd23074e941333e1e917C5,0,860
0xCed8694c715d8735C374C87501F5D7d2B8641Ea6,0,861
0xBcF8CC1016CB96e41abDA4394fba8bB9640DDe24,0,862
0x597059620105b59D162cE19757de339a9491C23a,0,863
0x6C0De23aADC1e3F69aFb87a09A5d437821bfA337,0,864
0xfdE09FEeDEBafc5aeC8585635a4792933769B871,0,865
0xD757fE40945Ac4D2477cb71d164df975E71e3D14,0,866
0xF3DE4FaE94698e8E3056f592A1faBF929076Fa8B,0,867
0x8592d63F45302e628A95531F289677C4C65a1f86,0,868
0x4F1AD1Ab45C73d5Ef32d464fD42e281B7DfD22dC,0,869
0x2b80A7FFf6E68DAC8fB54472bD0C365343Bf64A3,0,870
0x91A33339b711cB7Ca0279C366D70E0c649accC26,0,871
0xFfF30D985d3f40786ead507a90149980AE37F652,0,872
0x2Ba628585cC1c21a2F8ff395D824B5B42708faEf,0,873
0x12193B19c71630d5ccBFf8Dce98d5aFCCa67E092,0,874
0x3C86B29DD199964792787F93Cfb448e7cB640e78,0,875
0x0b5137ed90bbe8d4cAd65a3457F729919CBfE2FC,0,876
0xA8D4cD07db8af1BdD96F789ED92ceB0C13885121,0,877
0xCa6f0C771c8FB69453b47397f55AAB9305850B92,0,878
0x8516CDE54865b047275bb87fb48eFa49d8e45cAd,0,879
0x715E441581c67d0aD6976D3bb73E923d0d279B45,0,880
0xA76D2f5B62bcc214B74dDb1a89e417E750BC1414,0,881
0x93c6520A7D429f700ed8d82761FE8552a7a1585c,0,882
0x8fD2716D6703F3761bb7759D8abdF05AE2f4D805,0,883
0x5E7b5EEF74713e5b01e19c6592B57B4FB8Ab2aCA,0,884
0xb9A7b7790A8187ccFC21a3369C708A1fbF7E2aB4,0,885
0x66cd77d58b271E891769f1615DD8bd39880DB4bD,0,886
0x600635b03d4440202792b44CEf6Ea372E651b00e,0,887
0x3268569cF2c7A71A14B9cb8aAd14ACbb3F0A2c47,0,888
0xB0E89316eB49fEeF8461cD831124AB0705E41255,0,889
0xCd46120aBf049C96C1C9ABcDbdAbB9945FEFF1FE,0,890
0xFD8c53D0C4c636A99109f88017C72A2787030fb8,0,891
0xC60f1B8fe508E65f82221b8aF8e9436c8A4D7d57,0,892
0x865AAAEEde5524a8eFB03A15456b940040B3F272,0,893
0xA716E134F7707337B9DF050C20aadF82062682Dd,0,894
0xBa50f22C7aa611F8fB435930Ebd020068437dD05,0,895
0xd731C68A388Fa92099dDc5139fEd7947B1B32EC6,0,896
0x42D54a669c1fceF341560D19dE6DA7911D47e85F,0,897
0x749a6b015b06f01E633EE1f52d7568DcE49c4E34,0,898
0xE6A40d322AAD09B0bEd9Fc9255cB0CAe2D12BffA,0,899
0x08ab57679BB5D5BF69a94a3b91C87b34EF64C2E4,0,900
0x2CAD0c2e9D9A86B9401112E5D4863845C194c6F8,0,1301
0x2956deCBa94BBcc26870dF2EB09A63C9bADef958,0,1302
0xD468DcC048635C3c2C529AE68f2Bc662AA92B984,0,1303
0x1D0041CeE19604EC3A13fe2a90a296d143D20d21,0,1304
0xC1f7e019DaA78E2e6Cb8fd76646800Fa37B6FFCb,0,1305
0x625A1C8AC9664D208FBD286CD987EC55c521Aaa3,0,1306
0x5363EBFE8Ec0cE6344f17A1602543F4d0E00f6e4,0,1307
0xA7e0627459303cE97f10b4ecCc93675FEb4C32c2,0,1308
0x365AF21f7319153D8b2679688D6b5c22D1Ece7D8,0,1309
0x88402D1b6F4B0B6cFf73168dBeFc75060778AB9B,0,1310
0x01c90D981bAe7372663f9251E9a851c3e31C2AD7,0,1311
0xE0F2cCcF69dC290f1512C1042d74378B8494129E,0,1312
0x1218dC4264605cEF3E20026524F789178B7880C7,0,1313
0x3f116FAcC0011e83dEea445aD51dAFc10DDCE1eA,0,1314
0x5A74c19ca5B7416664A9eE9E43a5456130F46DD1,0,1315
0xc6Ee8f076182Ed6324EB83fc69e5f59Cd225E1B4,0,1316
0x018322156af159cD55Ca257B2CE73CF6131068dA,0,1317
0x8F8f7642DC9fccd97765829fe6b5997986573867,0,1318
0x25CeD9728B4B14EFc717d430943fdCb4A47922bd,0,1319
0xdBEFbB67F2A0C54A6e04F5DA4ca1ba094Bb8fD90,0,1320
0x88274DBeF1Fbc172d4254DA34B9A6127F65F30Cf,0,1321
0x9b00956B4B1b1572A3E93D868070bFF7Af113Dcf,0,1322
0x1e4ab99718151E367165E44D0CA2DbdB7c212B0C,0,1323
0x64Bf5632F6df3934096ec18323DD48bEaE31a0fD,0,1324
0x4bccE8D69a4553d2955EB35e5b5c8d8D8388b487,0,1325
0x95C2eE2B8F4FC30DB4E3Db2E923Ab0ac7925A0e1,0,1326
0x6FECc4328B4BbD11e09eD3Fbd792C96e91Eb79aa,0,1327
0x5397321A78483e1F052f1F74f99cc19Aaf13722d,0,1328
0x3C8681C29b05B34Bd6fd044B8C3888CF581A83EE,0,1329
0x3B3f61354B2DDEE72861F26D4754ee64f097849b,0,1330
0xcDAbec85065c926F6f066bbe83339b00b6A28c8D,0,1331
0xe04Ce7Bb10A5d4d30C539a4ca99090AA642B9301,0,1332
0x090bdB452237A9CdE5E0d585f584D0c0D67f5735,0,1333
0xCF304699d9Fcfae842098F363B40cbc316E548dD,0,1334
0xAD18694790A775DC5f73F24c38f3a661c70418F3,0,1335
0x824EB5a01165fbbD23eA102ce6a8036743488B65,0,1336
0x94b9EF7cb067176Ceb3489d92E2c01F12eC7fB01,0,1337
0x07C52B59a2d49f44ED843FC66FfC5c419c3a2CaE,0,1338
0x51fC47a5f94fC97345232DDEfe395d6fC31fB12F,0,1339
0xCcf8479373c4D37797Ade669108A463adbaEe2fd,0,1340
0x335aAD5CaC9c745373Cf9835A9115627aa173609,0,1341
0x12e2B446eAeEFd9AB0a1a1e80f4E0F03c3bb8Fe3,0,1342
0x12F995EadE2644BcE0934675329C412e482Effb6,0,1343
0x809476bB8afB84aBBcfADeAd51c748b05bEd4dC4,0,1344
0x9f295E96eBeFe001C0F12561E90A7ED3503d94bb,0,1345
0x854065BB1300Ecd481Ff35c6dC57EF6E4619A023,0,1346
0xDb4a80f64ad14c28cB87E77b41610ff87a27467f,0,1347
0x5F7F455cC8666154f5F3C4973Db1F9a34b0654F5,0,1348
0x7816C496474510f1dD5DD3D691656d9FA8Bd0b70,0,1349
0x2d40d88B463a73Ae3c80ecC4ae22257452BbbfC5,0,1350
0xb2c92f60606480Bb9bcb21eC3E70Ec98F5Bdd4c1,0,1351
0x73077429bEF39b1bD48EA08a0B66a9fb0066F3D0,0,1352
0x1298dFfE6073625Faf5813238615A9C33C28B0dc,0,1353
0x253F59825Da8bcfa7F22EcAC04639200ebe43716,0,1354
0x0aedD8DC4ef9855695bff430bB29915AC634f725,0,1355
0xA3F2a7cf85B998792fe38B8A37a653aA340eEA86,0,1356
0x17D6BC17e7938D1eD7EBAA0c0C7eB4f544341428,0,1357
0x4821818705777a2a3aA2E8c3C0f2dD64c32a788e,0,1358
0x07a82623A3769825867cF7bd155C8A9942C481a4,0,1359
0x389390F9e6A411a3115416046D592748cFB11ade,0,1360
0x664f678b80f57245b84F53D7b733F96B5Ce530A0,0,1361
0x1Cd7252802B5F0521227888848f04904B06c0d4D,0,1362
0x0078139C87A0Bb8C2a44409112bf60617D228C13,0,1363
0x547dB2e61580F10f4f22CeEd44669Ad3Ce7bf017,0,1364
0x31F457eDf9D4A8B79C6ba726070dD5a0ACEf11Cd,0,1365
0x5867A60CcdBd51a54d3E9c65d714Fee57bd765bE,0,1366
0xAd7cE957F28583D8A2E9dd117dE8D1fA6b2889ff,0,1367
0x86159d01F95794BfD278ef60710AFc945347019F,0,1368
0xAeD3b13d503480eAabc075b0ddff0f295dA50E49,0,1369
0x8e3517F11644cD68407Fa1aBc57a624e36E67E36,0,1370
0x2591ccE48AB76EEc233bBC0E4ECB43e37B04a888,0,1371
0x9aE8DbD52273077273BCf9c5d235120B35Da9F65,0,1372
0x0085AC3a24a48B807C351286b9bf5d9292B49833,0,1373
0x23F5131E04e4236581EBbA10A642cF8f598c8149,0,1374
0x4BD1bab20F3EdE8E2aC941dC8597Ce0Bb751205F,0,1375
0x97fCfBc48BC4Ae2584E88ec94aF8b10a432BD3ff,0,1376
0x0DaaAA3786DA09CA348454cbca8afb989CC64446,0,1377
0x698b76eb952dC06D98565206183BBE2534c4e541,0,1378
0xf66CbEb34f12A3dCb1dA8be7a96F131cC8A033aE,0,1379
0x19ea69CC4FF5dc7f77a087bD15B764341Ad71f6f,0,1380
0x33771E389ca19d173d2acD9c65FE2621446f88AE,0,1381
0xd26287b015E2E70a56229F8fC94cb44f4072992c,0,1382
0x8e9134Cb784AC8CC82AFC33321925e0fAdC6B9A6,0,1383
0x65Acdb5451Ceef1c8322c497e37aca41054be89e,0,1384
0x380A189769aD02A644a61891f327841Ee0A6bDCB,0,1385
0x954a103fE7752A8607a0406D96F7720118181345,0,1386
0x26Ff7490bCe5CA4278Bb9e8Bb0E6d51cD2FCE272,0,1387
0x454CB472F978ea00d1fDfAe9563AEf76Da393480,0,1388
0xdc05323CF147928A51035BF28FCCD07D1d2ce5FA,0,1389
0x5Bfce6dDBF5B6d620846C3f01334c22895183e31,0,1390
0x520eCefDa39c1271897Fc0ad7Bf8a0806a6B55B2,0,1391
0x05547F44571B355519467222dBfF745C2Aa0fbD1,0,1392
0x8FD7cC1475eeAe685F76084C1587417972e3Eb77,0,1393
0xCDD1e99E1De2556408AA7973A22d2BCFe0c8a55c,0,1394
0x007DdDC899311B45aD974F2ee6e9e4559AF6975d,0,1395
0x86638a55e190dcc3cB2266D742d759E6ff9cd8d3,0,1396
0xFAFA1FEB54D3Df0D0a435b2Cc16b751745A25409,0,1397
0xd2C7bd0C2f992b44bb03E351499A3b8a02AB1733,0,1398
0xa59027Af7EcF0D3674Bc2d06B46Ad96f0Bbf1AA6,0,1399
0x4FFd332CA8A0784Ab6A3ecAc8b93A1c86711C5C3,0,1400
0xae8aEAC087bcDE50be6b370DE4E50eA18Ce5BEE4,0,2601
0x78D0f1DE1aA06B1649A86fe4A9d6fFC2e01E1705,0,2602
0xD94A730D40Ec2228e0A4014c0407684D10D5B7fF,0,2603
0xFb9219ACa8f6d8111436943875Cde44Bb0034955,0,2604
0xeB0786b5C2d66E35A13456f697971883bf9a2530,0,2605
0xb44fD13F778879Ff7AE198C7B8A09b279835a890,0,2606
0x64852eB97DDc4e242a0e29c229828A87f913eb97,0,2607
0xAa1D3f67d92f5b97dc848B87806Ff6D00768a37d,0,2608
0x0ecA7E3048c90149AcA637051399698610BAEA57,0,2609
0x455B3838916c794428503a967813815D24D989EB,0,2610
0x3272950588D261dab5EA927933245eDbcB56c93E,0,2611
0x5746f6c847288EFdf009148C41c52ca99BcFdfdB,0,2612
0xef464c113B7492F0c8Cc58A1e819fe14825a7B5b,0,2613
0x4465c83298FEC0Cd53c050298399f6f301C71E54,0,2614
0x08587678342E81B41dD96453a56AEDacff256d60,0,2615
0xD94f53DCbE60e4d9161f35AD2b758B1DfD66d18f,0,2616
0x54eB4502Cb88c50aC036F5586461F801e272e555,0,2617
0x2A769D8d22c22231B6bD53A7B679D23Eb37462F2,0,2618
0x63990D8D7cDC283760634B0B1343A9FEcF0D7FE5,0,2619
0xE8D33af26c3815c2ac4553d4116D372487a29b0F,0,2620
0x504Ec967Efd9bA1dc15b39c67e49bF04ec17a4f9,0,2621
0x6306c03f08D080dc785E8E07Ea6E2ed944D5cf0F,0,2622
0xf2D42f711F98a9FEE64B1602a97309Cbcd278eF9,0,2623
0x237dcbEB29dfCEBF6bd5D91FbBb0872E165eE909,0,2624
0x36d2960bcEdCB58978969553a1f9a37Feb97E361,0,2625
0x98588E3A61309F3d02C81C1bA925aD1d4a7f3888,0,2626
0x51b3696724E9173087086641EFd5b3947A5ABAbc,0,2627
0xc2331581990d981c1F31A662bB9EF9feDc36C198,0,2628
0xfF4a1020348F5d9a15848eF56B386E0A6231761a,0,2629
0xb70c53736D973eD7A8214D0438f539F3bb5a10C1,0,2630
0x72ae3ed2Ac92479DcbCe06548a34dDfB7FF4CA29,0,2631
0x1273289598094e9E8d3927AfB33011c45d08627c,0,2632
0xE9313277b95CcC31352dC7e07c3428e5a0C744a4,0,2633
0x75Fb2f4B46cA09379f6B2bC25E33C3cc29A75D80,0,2634
0xBA4a87F599ee0792368304169274022A7bBa3c55,0,2635
0x87037D06f8d291E687A8D95D6fB748d40381865f,0,2636
0xA5Bbc66e29c0Adb1ff253DFc87312c7Eb9013a0B,0,2637
0x418061D2c8cb5a9236697134E4FcbDA47bCAA435,0,2638
0xf073E737F4602cCff39B7844c9aD2B05EaC4C675,0,2639
0x3F0b68a8692C41a8A03A8C1a489248EF4A4C68EC,0,2640
0xdD7Dc6BECA449b5D3166bc71Ed5A263178F18d5b,0,2641
0x3f60bAa9CaA24fD12f62A6F44e3Ca646DA7D8413,0,2642
0x9F70Ec884923B58412005bDF7F747e1DCbF0DaED,0,2643
0x7c850d97fF5403Bb58cB5fa0837666E2a511A08F,0,2644
0xe6e40fA298Bc340c1D43Fe6fA215FB4B1dE4f31f,0,2645
0x32B421e29307c56ee455e18A3556F03D1F7b8a71,0,2646
0x7cca258e1d08cc5F5d4CB1b323324AfF1EdEFf7a,0,2647
0x622a723f79ca242A64837cD4F1bED67Ba823b56f,0,2648
0x421534E371255C17386b76c5285E9B254c12f841,0,2649
0x4237A673caD1dC2a47b66c3C81DBc87FCA6a342f,0,2650
0x5940c29f4293Fa057451D92cc6eB103df3334e9d,0,2651
0xc3276b568cb60Dd2acAB63a7a1f2cb2eB1aD5f45,0,2652
0xE2180Eb57Ee19A124a8916615f7fD2Ea171c96b8,0,2653
0x16F7dCF0265192D7E5A1A9f559a4c7Fd638A7B68,0,2654
0xf2BBA5E7d076726ac37f4C8Be3D25d5c7332cF44,0,2655
0x65d5604A92783419d19cD67975b01A0901992983,0,2656
0x9051cF043B7245BE7DCBd273E0AC19A665feCad5,0,2657
0x6808c8600159E2B7c4867012Ef93cD4bC90D8E01,0,2658
0xbb3419f2AfbeA26C60973A261b8B15Ca8b6de58b,0,2659
0xDe483ac6A18245aA956Af459833d26638324B933,0,2660
0x9523B57B33402f2700a082DfF33db0194b3E65F2,0,2661
0x3719aF542784Fe90540F928CC914104d42feEe30,0,2662
0xC7efCa50ADc551617650A8e21F0D51FCf2e188ec,0,2663
0x09A45b673D8FeFb99ff92Edc96Ed31C3572e14B4,0,2664
0x9C1f2F1dDE16D40C531cb9c7E2bf52Dc0767a566,0,2665
0x06EcCb5A75b9BefdA47d4bA95266ecCFc4dE1E29,0,2666
0xaCCe6335fCA0f52a15E2300a6D6Ef6a5056F547C,0,2667
0x10304A6E86b3Ec1a3BE523706d1c8339CA90dB61,0,2668
0x7eFFa1FAAa3a62fE245E67ce5FCEBEc5a8C9Bebd,0,2669
0x705A0B4b5C57ebd97c01B7696a42Dc61Ea35E17a,0,2670
0xC1e62CfeB838438651bF8DBc76dF1BD664c46400,0,2671
0xf9B7Ed18447f965143A9Eb21151AB24c0Fd4F6c1,0,2672
0xAAB6FA56A020ca9196a995707a1276BC2f1dAE4B,0,2673
0x6c99a80d789ef97715fA7bFb2336C04F974c8eD6,0,2674
0x25466EE1728aF8399d4255F15379C117680DfE61,0,2675
0xf81b15FEaF8f0310DE42977192310870A81BB6d7,0,2676
0x42B63a00365CA127DE7055245228D44F112FA283,0,2677
0x34a1dAcE59f7820cf2adf14222f8784aa740057D,0,2678
0xedF82f0e2A31C5177f1C5C273363d56d3D2dfe7d,0,2679
0x1ccA7eE50D7169aCC9ff420e3785A5aF92Ff1013,0,2680
0x05D399c31fE681bd364737AA035017E84ada9e04,0,2681
0x5c4ce74E22333be0bdD481305F487Be4F4b90131,0,2682
0x9d6BD6F32A60e13169FeFC7B3BdB5D5BC59525D1,0,2683
0xB3769C1823702aDBc800BDF98Af6FAe842e19Cac,0,2684
0x8198435ddCE9673683EFc327FFDA03005dB5bfd1,0,2685
0xe0F80d3b27406121E3fE78F2757eE659B47Be2A2,0,2686
0xc1e69af95f80ABb854EcCAC92016da8d9020677c,0,2687
0x7Db4cf4dec61207cE19b593A2A6aB77A16554F64,0,2688
0xF47C50dd3D401916e4fB792681D20fE7A9551060,0,2689
0xa3715b4611a5148b5A0C736B4b1eC651747F23a8,0,2690
0x86c911073E199fB3B9eAF65C26Bb44527B715c6f,0,2691
0x1b49ec12b09C7a7ebb96A4C849441f20490FA136,0,2692
0x6EdF0247f853bb0D94591607Ad5Cf4c8a90aE28F,0,2693
0x68dC83d6E3F5cb3f2bf3D82C72DA00Ff509cBC0c,0,2694
0x7a97a6794d922f2b955710A27E9A8f2569b7eF33,0,2695
0xC59a59c0cC9856A52c46E44B4e5338cAf85cCa6F,0,2696
0x7686276caa3d3F9B58cA19F9E5D6E6259E4D3d5B,0,2697
0xB0f40327DA5255880650e92e7A93b52752F6F94C,0,2698
0x524a9B396221a9de049b067397043040a71be43C,0,2699
0xED981cC64CC5c5122419EE5D83E237Cb45A2803f,0,2700
0x700B97c0ba05f7C96cAe07498b80DE33e78E52cC,0,3601
0xF56f3f37EcDaeAF546893e72bAcB158882B12871,0,3602
0x9aa0e0b19db4369cC27E5a6432DB303Ca9F5a53a,0,3603
0x8CCe1e418EbE8965aFB4394f5425C94A4315AaB8,0,3604
0x4F5B2c3F9D6BbB0E3a67F46d89434F9C50524856,0,3605
0x8ce066368Ea0BD8F3CC83156a781E8f12C3b3E53,0,3606
0x48C8C02Bb0B85C727a05FcD40fB8b734D3196f98,0,3607
0xdd955cE8a9EC6518396E7cE1a1f0C232A314686f,0,3608
0x98f56b0F25FDe923D56b62079A2ab4d987742987,0,3609
0x89463Dd6dd422Ee941A10827ADD1Bf0BBaf68Ed9,0,3610
0x324056F930AFD2881bcD6469bE6F89E172959AE1,0,3611
0xA31967A994972Cfa6c8820B0a2453AA61525d3A4,0,3612
0x8d1AC2E1D07de5122732303d43C4F390415Ef3A2,0,3613
0x35198F0CCF85E8f913f4D7Fa751EE6B29dd13CBE,0,3614
0x93E962D3854FdC92ff33a67573608FB0c284D3DC,0,3615
0x579aBdB014a4a3D628EcA76eE56B8f49610B0675,0,3616
0x77BfB665720E3c14a2CF2453aBe112eFe6c17051,0,3617
0xf57a40d401157838cdB5BEBD49AEd5D0E9189a89,0,3618
0xaE5cF639558986Bd4a2eF6A5acF14Ec7a976794D,0,3619
0x96d43484FdC8E3840b9168E5B3eB9E5c5F88cb36,0,3620
0x86e1A0be0685b5EB9bC70Cef379E1A4fdeE90EEf,0,3621
0x2378708A1819EfDc2A6849F823B8E7B7593CCfc8,0,3622
0x64b5AbA6E3d86E1D24b44fb661163E6246847cA4,0,3623
0xA1547c8B443574b8accB561F76dE872087629DaC,0,3624
0xF8b0130Fc4744a41CAf0Bf5c4E6180206655A2e7,0,3625
0x018aFb6bDD941bD4FF61380F4f79e8eDAC608C6d,0,3626
0x1c019721E82E7AA45557Ec188E186Ee7C03612DB,0,3627
0xf4A1506ED45A9Ac4Be921Db1aD550cF5d9380243,0,3628
0x8Fa67aF6039df7F811EB64027b99bd26E8a96eC5,0,3629
0x2d6f60C108dc96826A80eebBC13B4625Bf5647df,0,3630
0x999d524deac8D97DeA383729CDB491Bdf2B57164,0,3631
0x27f33648A8EcA6636C5786533E4e6EFF50A3fd31,0,3632
0xc393401eacF27FbEc0D5a9173E72a1955092C221,0,3633
0xd46952B25c4BA3b18cf0e54e77d564f624856c77,0,3634
0xDd27BACC133441C22E51e54A4722519F4b9D3520,0,3635
0xd6A935C258757ECEbDFAB3D7b01A7C597070a8eB,0,3636
0x2A757901AD65D8147FC16fe84641740Bc5deB5A4,0,3637
0x78421Aa02b9f26E7D1b72E5044624250637123DE,0,3638
0x4C9A47D1f572E02fF9D254A4d9E750Ff700C6640,0,3639
0xa3e47B8a5D988256Cef40F9FE49B860DFC4ee721,0,3640
0x1a177CBeD6e2c35078154248d24f78Eb7C74D5A2,0,3641
0xc048B3E76Ef4ECdf279609DCDe3125C3DA92Ece0,0,3642
0x4063E66898699013f2F2B314Cb1060d2819dBaa7,0,3643
0x3A93fB578daeab9D0e7367e9B0e01fc8fDCeE356,0,3644
0x77AFAC064A962CA4b048990463Ab163c14544f34,0,3645
0x34cF587F6E5b27C52A23B15764b55A2F0b3930Af,0,3646
0x1DF97eE77Fb189be831F1a4228A484aB0590eE4F,0,3647
0x8356f5BFb17fc32AF8cF25815955A6bE64995932,0,3648
0x7eC22b8d0B4eBdEd26aA4b16C7D09E10D1aFf85f,0,3649
0x0Ccf52Cc0c04213CBf5CbaA547540AC050c0CE1C,0,3650
0x59a44C0A1447f1d3031B30873b2b9F647BF184c7,0,3651
0xdD68b28a4c8305135C487bDD7bee3E8433B3Bf5a,0,3652
0x0E757357509E007dBE889c156a2BdAC803eD539c,0,3653
0xbA9BF432564777BCB2c0779618b56EcF86e76918,0,3654
0x0f6c45212d52D471C2f1AF1f2Cca73520C410562,0,3655
0x2e85f41959B788ba77d18C1604c53E1CB6D7CD4E,0,3656
0xC605b7686686063594793fe18cf6093EF260923f,0,3657
0x79dE63A88dcf4173B8f172928881cA7f4A4710AD,0,3658
0xc68fDbBA64Cf492e7C0F4EC3aA8799F82D25d7BE,0,3659
0x72a79d960a2B39349AeE9eb9EdD0112EcB153763,0,3660
0x0a37c90DC849e8000b9B29311E3dC7EAf3C58423,0,3661
0x657458C0bB0E8Bd490c52B37b31295415221dF24,0,3662
0x9561df8B1F587EFF721FbDb24F87AB467676275D,0,3663
0x5596753efedD0fe461D92B3FB70b067EAD92a59E,0,3664
0x4182664E6241Fd4EA74171f87E7e73678A646148,0,3665
0x323638A1c88B215b7fDa80719510CAC92654047c,0,3666
0x7bF2dC6F81e4bf0F58799154D465412ed56d7578,0,3667
0xF7e001FF3a615A3E3f1a47F791772f7c21B92534,0,3668
0x6f343a221F41659C361A63a5B7a57Df13e0Fa300,0,3669
0x927B6E91d7a10b4fDD44b9A2828BC5ccFE108A2a,0,3670
0x3D23c00e3fDb2De0AC8d8e2c112E4139F2e70c7A,0,3671
0xE001556946e70d870e975c6085418A0E36B268C5,0,3672
0x1Ca460F8C72fD8275B02AC05F347695Ba94eCf2C,0,3673
0xB1fa350e78B7DE8eAbAbAE7862EC4019a2694776,0,3674
0x27D4d68fd0ecaB6132d398894243F4250ED9C39D,0,3675
0x737929B5568023412B063BBB7c95f74908bFdC1b,0,3676
0xc5f1aF2F41eA81BD4AAfEDAb4623d7c8C385e24b,0,3677
0x8aeD6598A83F21352f1b607bd64B0Be4b12ac0E8,0,3678
0x96Dc89c858D31F66B472630b7f5B9e1d0AE08973,0,3679
0x363d0C40876854F76176D8b2E64C3370Ee810141,0,3680
0x0Cd74bCeb5A3B4016ddC3f7E79E046Cadaf8a044,0,3681
0x9792e7d484D3e992330DA819a2C39B3800D44097,0,3682
0xA46e5Cb74C2527d36A4F3517bcBa75582B584E10,0,3683
0x6266Df875387D6B3160C5fC3333ba76a9d70be27,0,3684
0x56020B4dD37C5a0655D1FafC7b2f58a80110436E,0,3685
0x7409a43E36Cba92006265B2d845A747D8B2B1e4A,0,3686
0x72a533AB7c04569Cf9040eF3B8Be6b3cF3C7a42f,0,3687
0x621B98d8439Bfd834d602A645712Efe071a5D2E3,0,3688
0x13352760484eE72956941Bc60fb04EBefB3F2772,0,3689
0x427fDB78D0C54B587F95C3dB46ED821043dEdb7D,0,3690
0xBAbFEEe04Bb67Af1B94CA7865C82c5A373F97617,0,3691
0x2A73E77542bE9054E6a072F2dA064abE8D36CE10,0,3692
0x37195d57a57Ac4fA04Fc5c00b6169Fd45F6D0A48,0,3693
0xB43a3b0aC02d3b32163bB4117Bd42d659505E237,0,3694
0xb7b001547d921eAb71BE52460DF433B281950d42,0,3695
0x423b84f09177e25c5748C7cbfb424df994eA6Def,0,3696
0x4B4De314F15347fC1de267C734F9dc7ab3406871,0,3697
0x51bbe060C60F3671381F84a4Cd027F97E05fcb15,0,3698
0xd37e990Bb6458c12a976d56fbE60ef66Eb57793e,0,3699
0xa9B59954f3163000954FB072bF352fdaE867CCC7,0,3700
0xd4352C2c2188743CB8d076d9F90273B293Dc7290,0,4701
0x7b6127bC5285C8b37cf0dBd04580e42664FAc2C6,0,4702
0x354f07A7Db327a5D40fd0248Ec9445c7776Da793,0,4703
0xEC01FD03A64aEAe4854420F66158aE9610CAE053,0,4704
0xA62CB242f204bB9460984e83e9ba2a2aCA5e26Fb,0,4705
0xFa38867Af528746c8CdF53C38b392049e8440e8C,0,4706
0xD92Ad5792745e674A68d21BC21930f4f834ae0CA,0,4707
0x35DC354BEf5ae8aDAE4527Af361FA42a11fA7170,0,4708
0x8bA2563Ac5100C2629C3E72b7ccA8D6E5f6467d4,0,4709
0xE3924a0D4887443616bF4Ad77b2863bEcE924300,0,4710
0xaCaF30CF1D24CbF1820a657b027a68F1899B2503,0,4711
0xE10FD00E92c22d65473DD1A5b86Aa6665a637d64,0,4712
0xD317162e3aaDe3552eaDd02c51e91c34Eb4EFa8A,0,4713
0x17d2c1c0271cd147616B1c86FfdBaDe849F16230,0,4714
0xe13832B5D6a8E37DF9ab4b8Be0F1198C30fD749b,0,4715
0x15847Dc721382F48a1C8CAaCC63b3239046853d3,0,4716
0xf2B4722d484EeCffeD0Cfa3A33Db38345012878F,0,4717
0x28EA19d00c064285003cA05A6e805413BEd5BEbB,0,4718
0xfe1d8e587E8D605cDA5fA0EC0B33BB17504750aD,0,4719
0x7dE486E30Bb8CE04BE0f4de169cB6e4bA6B1137a,0,4720
0xcE3445f8689BED9F221f1A4b49918386f675ea0C,0,4721
0xF2a4Bb9bD5f820c4EEBC598e42c2Ce9546a18700,0,4722
0xc3eF116A5936fe4BA3A7877ad2BA645fDAC5E04b,0,4723
0x22B5Cb476Ca75141787fBEfF5f0006443AC415a8,0,4724
0x1Da2B6353fbA99C76Bca1b10AC1224dc509be614,0,4725
0x80c6586a59e8c90Fc64C3c8da6Ec603B70E83302,0,4726
0x0bf90Be14607b0664EC155B545468af620B6AdFB,0,4727
0x5BAfA6A6536BbA944BA228Ad28B831Ccd72183b9,0,4728
0x05c490eC9a24cDe20e25F1931D0DE2c83c46dE0E,0,4729
0xcaeA8a2b7D900c50674dB6797fD3eB94e32292FA,0,4730
0x66734AB9AaEC782BBF672F9D25DdD4435bF321a1,0,4731
0xC760325165dBe6726c3b410F1de45b2351c82290,0,4732
0x86135eFD52b8843fcE31f56Cb5b868FCEb562CF8,0,4733
0x20CC8D9114F46F15D195d488382221a37489018b,0,4734
0xF4C8D035d20b419906487cB14ce5FE1315194Fd4,0,4735
0x5ca99C0027a6c4f66D8C03B642e0B498908C9bF6,0,4736
0x74d651F3e8533762e9EeC14259D73fa42E6f9447,0,4737
0xbE391A86165fcf77220b657bebd73082A25af755,0,4738
0xf7b4441A26793E1F1A432EB845a4B6D7071A16bB,0,4739
0xEa4BE218B7363F1DCc774B0Ef0e4cCD279f3d653,0,4740
0x5349D73007EA29Cf6Cbf86B88fD02762520d7558,0,4741
0xB0aBD4647F275C147426AAC09E430fd85083c6EB,0,4742
0x382Ff2c6bfB3C4D46D6f11bb1E53bBeb63107691,0,4743
0xFb3F399A0bBfA1F7BA5A7D6113Ed19788f7815D6,0,4744
0xddE0f949967F63a71B69249EF128cEF3417eba37,0,4745
0xBE99F747f30b745489daa0740ACC36d7F5833fE9,0,4746
0xCff83b4b33Cc1aDCB2C5cc824f650846efE12D32,0,4747
0x7aDFb455a1F6af1Ec3FEf5b2328FFC4b5ca6aA5e,0,4748
0x37cf6da7f4C8ede86b8b4fc33Bc066441a332C87,0,4749
0x6ECff2A0AFc48edeF00E0145Ec4730dae203E801,0,4750
0x8ADA5baf61Ca88eE294DE8500620023AB1859F69,0,4751
0x4d640De989a294Bbe57DE87866b4F1F9B581d320,0,4752
0xD794219FbeFB25eca569e0D0B03366FEA448353A,0,4753
0x1B161c3490288c17e1fbfB3F06751362f4232619,0,4754
0x28ee97fc13330a0799da76e706ee72912AD08ff9,0,4755
0x7F315E60B8Ee8515eBf194a07BF08b48321F88c0,0,4756
0xBa645B6C8A7809ABC376cce1319FCb422b6E8abF,0,4757
0x0098a4bE845CacA974F457Ae6461D49Db4EC7395,0,4758
0x90a4f71386AAf8B6de237b14c2AEE5D083f039d0,0,4759
0xC2629515eb74c265eB0Cf2606e7Ff41F7071cdbC,0,4760
0x7a7359fB857a81dD94e37bF52b25a8D79f2660Cf,0,4761
0x4f2E249E4C951B258A3dC7f1D2131211B79EB549,0,4762
0x72C62095Ac35F4B31b7387C28e6954afeAe915Ac,0,4763
0xb343dAEB0a4524e5001E854C7511eB948eF5F317,0,4764
0xb6F48B268B4183a8f3384cb4EBD16EdFb4471bd1,0,4765
0xA26D76d48ff3CDa2640CA712abF7CcB3d68B9B39,0,4766
0x830664A870eA2D68e0C2323642bfE9048f1D8158,0,4767
0xDE24a1BdAA7E2Ef472625B96834fCB10F71843F1,0,4768
0x2bAF0100515d54f56a35B3075e4bd43752DE3907,0,4769
0xa100DAa7A47D9151a31eAB0Be1199eCB27De4cB1,0,4770
0xD434Ad368B0d5B31a527F4dBc2E5a77a71088d6C,0,4771
0x39799B9Fa5fd150a108e557De9c2b3109cB71C72,0,4772
0xCC92a357FA7947EC045882023302aeC1D7770B83,0,4773
0x51455374556EF220FbbAC0c0FFC0B7d12a099fD3,0,4774
0x4210fa993F61B2D5e0b10f50045EaF7a281D50a1,0,4775
0x1be27990ce4A7521a79483334ce0434fD0206A15,0,4776
0x57D685E0B8a2f5e7c0f1F10568b2D1704b517667,0,4777
0x2d1424EDc0A3EBd17d05cd7D391150EF5e43F41E,0,4778
0x65d819b237197f343f28D4Be46B21E4f64dC55cd,0,4779
0xe9Ac6A045A81929E3867b5E65863Aa83d840Eeb6,0,4780
0xe583f4D976Ed9C86675b4526Db3b92dC09F0170F,0,4781
0x8b268059f413cebcd9D0D37562E099a28aa1bc60,0,4782
0x4A592088F93D3A1a7da82DF999f2D697BfB4E948,0,4783
0xcFB9742d8EeC42d07422eA76E2a90dc0A25A4E86,0,4784
0x1e17e1269E60B053104f3a1F5b74683B146098C6,0,4785
0x82891f09897b90DeDaf9DE8218981b1f9D16933A,0,4786
0x1F2CaD8ad5Dd004cbC13ddc68ba0E9B6689E9ABD,0,4787
0x4de03Ef505346EA355Ad2B4A8c2B02D48b61113B,0,4788
0x5D18b31C206D9CD628d5476DaaB057822525696c,0,4789
0x563B0cfE8BD5beb78dcd860e6d82772E6525feD2,0,4790
0xEfBD98cBbB9390539C912Fd08b2f88b71a6C298B,0,4791
0xf033f68412383D2f6F6b63ee78D1E6B53D7308C2,0,4792
0xea8471126A39232DcAeE4A083181f549Eeb866ed,0,4793
0x5C3A48d8DD22770ecdF2BbC46b0aD9A99403f4E5,0,4794
0x04cEB10a4F533fcd7eaAc93d1e70A9B3914e1540,0,4795
0x04C7187F720cd057C5e84E075f6D6eB38e77Bd87,0,4796
0x0D794681acfc7D01d898223CDF7eEA4a693A0655,0,4797
0x890a1Bd4De8dEC7d64a2d2A989a0C47EB872B7Fb,0,4798
0xF0f196c67B28485d43720e0D42fDd7778Bf15fE0,0,4799
0xA897d1Cc74ba73AFA15805bAFF3fA4042Fc6065E,0,4800
0xfd0D74Cc3c3Cad4491C6c1dC583b207e6f0a53F5,0,5601
0x12116300FC1ba99f428305DF9a6327880828C225,0,5602
0x08150C4C4F6a45a2695E10316317542666AF04e3,0,5603
0x5C12D1e2a004D9A2128bac2Ffb8E1d4146299a81,0,5604
0x78CFb4b8e40C3DD4EdfEE0d47Ef63246229De7c2,0,5605
0x8c12bADBBEfE006c95E15Bb04599e6a830D660eB,0,5606
0x6d232457A38C7B8d4fC69405829833D3b69c478f,0,5607
0x1c0d69bFB187F6dD50E7B61F7f1c5f15317ce7c2,0,5608
0x87837C39a1B9219701dD39434170eDb00F0Faf82,0,5609
0xC2f9731E39800Dde0F9417b5f4E08Ff5730A946A,0,5610
0xb17CCEC19c54B43f46182F0E2900D0aE1373DBd7,0,5611
0xe8B5bB7c1758EDcbA51415A9b18C5D72e4D9bd32,0,5612
0x3f00Ad6320CC3f7A5FEa6da18A752111E6551392,0,5613
0xC4C79099e60dEe89Ecb72836E1dd1FEDD74b7211,0,5614
0x422a4e2e25f7C7Ba90785068bf181026DE91af7e,0,5615
0x745d01C8c20a145b90967668A1daf43640784aE0,0,5616
0x9293e4e9eB7Ecce394F483e2e3013889c5540ca8,0,5617
0x3b909efE85267bAb469FFAc661794bF9ddb4ae0c,0,5618
0x3aAF2464f9ef15CfcE0faA82238aCE9Fbaa8925e,0,5619
0x84fe4c117A727b192abf67412B84254F73D674a2,0,5620
0x5e6B2dd09f06d06e0993404C6EEe884fBF273681,0,5621
0x28607b3400100923335173a049b804B3F23c3CD9,0,5622
0xE4B2D028163d8b0f2497427d65A183A3DA9f0788,0,5623
0x452554BfbC7774Cec9CCFeC7f3e7a70Ebd7f2284,0,5624
0x6120885Aa4A9DAf1E3aD00dAF38225d623db9037,0,5625
0x07774b9d6d351499cdDc9a5a0ebbA561C0a6ee97,0,5626
0x07276329F7a8c6A3bE638B072b795767F318ebd2,0,5627
0xEA37D04EB2D6976e750eae993bA193DA5b7e66Bc,0,5628
0x2642432c0aad205bDFA8509A33527b7c84f39810,0,5629
0xdBE4B5cd7203d20E50a3A67Aa24411E4B0666d0b,0,5630
0xBb7Bfa5Ece4F9495448741fC1ea07fa442e7c55b,0,5631
0x33cDCC8783583e3B5e8e4eF94a853190944dEc2f,0,5632
0xb28154480602dA187F72e6934192132439160680,0,5633
0x9FacC203b63C6252FB706BBEF702e402b6D717F4,0,5634
0xE89063b500306cF03De1D038805436a326107F8F,0,5635
0x539e449Ca4D41773a476B1cE5ead03428E1b6B07,0,5636
0x85697499D447314A4EF616395a1Fa00398bc0bC9,0,5637
0xe3Bd961cF6C12066Cff6cC2F564E458e250203CB,0,5638
0x46676ccd5191C0fe6d7fD05cc09fa902bde9cABa,0,5639
0x1442a770FfC21A8E5cA3Adbf971c3c29B87D7757,0,5640
0xFaC26A8D51BDEDE5EcDAd3f179f4f6530Ec3a5c6,0,5641
0x4d670Fcf741f5A3B3ff76b48A0AE88Cbb93cF371,0,5642
0x95bf6Ad3A4CD8E3cd42029A5CfEA5fb53CE87570,0,5643
0x23dD609d4a66F8A6B715D87a13929E430D1E4b3C,0,5644
0x5115970bec8910784d82240C5D361DfFc57097B0,0,5645
0x0c32b6a9cec9CEA21978b12260fD33757F654310,0,5646
0x529d506C48c0C7860EF4Bda4b2A8258670228738,0,5647
0x002B80De8BB89600e7ce3AD783E20Ca256A566fc,0,5648
0x8373dAe10Ed68169BCdEAb3Fb24370214F53d31c,0,5649
0x139449673E003A7D728fdC7Cf4d26002F23103F4,0,5650
0x629D98d7e8e25c3914d064678eE48611abFfAd81,0,5651
0x07192e308663e8d711B3673b9C45b446319008AF,0,5652
0x74e277c0C592627851B153E14b748a7074B9F043,0,5653
0x9086577856408C27c586c7e1ab20E66C8992F47C,0,5654
0x17Bc9391C99d888637cC32b45889Aea8ee8c6bc5,0,5655
0x7C30eB029BB5ddAb7ae0E6256C9CB19d09aE450c,0,5656
0x5e3C9Dd06CCFddF5C7a319BE6939419c32869A80,0,5657
0x634327B22c97b14C68e03222c8fB52D66A91aA78,0,5658
0x4c015a3900485B6082c52b4f49E19801Ba4f46FD,0,5659
0x611f69Fdfe81ebf65d2ACd8280ea6616542bF4C3,0,5660
0xca76287bf6f07d5F10095d0b282A7750BCeA27C3,0,5661
0x782dC1aA1202e3C553dcD714a7060fb62e7878Bd,0,5662
0xd98A34D421eB5e43619D03f4Ddc2a598f92a1446,0,5663
0xf7daAdaEf56779cf16b119053e0B7bc4eebC1558,0,5664
0x5b0d43B453bC8172849959849098E6dc7b74f343,0,5665
0x9452E92956D7aC1099481BC399D124201d4055BB,0,5666
0x1E16CEdF595Cb4DEe47aF8b59170aD5bd99C8A5f,0,5667
0xB1e3018259DAE8a29Cf8916b2763bbF50c430166,0,5668
0x402b9f8e2f9dF8f7Ccd19e9a1F7E98D26DC4C54f,0,5669
0xb820f2091608446b2Cd0D047F9DE5661d2B2fa03,0,5670
0xDB0C0a180d297cC747bA372914a9a7af26c1e723,0,5671
0x3051B2264a21CE601EfC2EBBe8b1342568162700,0,5672
0x0a65a72f7C192a5Fcc6018f3c5491Fc03DA98961,0,5673
0xcdE10ae7C40Bcb64a30C65861Be5C8513216f321,0,5674
0xD795a3a1a70927706796252cbBF3a89EFcfe2B6F,0,5675
0xAF254C689069c173C62B4F758Ee82b2337D8dB4d,0,5676
0xBd991c5957a5EA5fE6313f6592739Ef37C5bBA2c,0,5677
0x26Eab84cd8ae56520048413344f188e162832213,0,5678
0xCA4194C2D126111872bdDF46Fdd0Ec0B856fC2d2,0,5679
0x94707968793A2500695f8Ed8C75ad1Fe2827d912,0,5680
0xb31701939bBf98dB3cae48A9081422E34B2055c8,0,5681
0x7CcD2E2B595c60D99582e871E8e636aF39C1A9d0,0,5682
0x4b09cCC1Eb559fa68bd67D61B31DBa9530861851,0,5683
0x569D9B724D60e00Da2519D4dEb56F2FE3a24a3dC,0,5684
0x2eCD978C9F93Afddc7425ff2503965Bb42ff9977,0,5685
0xE15e4ce6996d1ffB3Db52Eca4a9DE513c81aA7a6,0,5686
0x007A35e507E8FA30C502D36aD97c63ea4CAf11E7,0,5687
0xB1E12B7E66B5959f5998d604Db7B90D482acCCA7,0,5688
0xef2F526cFF2e014f7D9491aA213cFcC61BD86A66,0,5689
0x2BFB1bc68362A1C2546b38b84869B1aaEC96AA4C,0,5690
0x105ae0AB37bef2Dc32f0b69Cc92F5856D59c2672,0,5691
0xFc0406194B4f844D8C6708C731E25294BcF300A8,0,5692
0xdc87C9E9D7AA8e73379b31111c65059905679B12,0,5693
0xD2d8dC686909B6c35EDB80B5A256437693373A19,0,5694
0xB1234022f7FA6509660f11593C745a02aa69AbF5,0,5695
0x26b111C73EEd681c617Bf04a3316BBB542F29454,0,5696
0xe5a6b69aa22f54f80aD451Eb07b304AE234DE4fd,0,5697
0xf9a1B016b28f400ae3feAB1ABf788Cce6b018B24,0,5698
0x2c4981b22363e391A9beeA3b2f059139b3b20366,0,5699
0x359672E7DBbAe60963BdE44cB06DA119C3dd3465,0,5700
0x7bdE784664f63695755697A3FAA6bAfe975A9fe2,0,901
0x406E391601b297F8e3F76259D049155d0dA9E309,0,902
0x7E5193ed45192E731862c7416714a4cDb244E780,0,903
0x2ACe8F46F05C96edc590ba7bC06dAAfddcF4D904,0,904
0xfAfE2E485Aa343Baf3Fd541CBF88DA61c21B3710,0,905
0x10a9Fad4099A2b61a59b8211fA59504763BC1c14,0,906
0x5f25635DDe114b889899546b7956Eb1c5979ff20,0,907
0x6994dfc3e75E6D48093E0dbc6A79363cEDE157Eb,0,908
0xA1c9f8ab8Ba4Cc8E292743DAE3fD366FE61B6680,0,909
0x2604BAC2D41050aD79DF70B491F2D87399B8d7DE,0,910
0x22DF0891c5F7c74c05710272F8bcd21Ce096b417,0,911
0x80EDFA021f6B043acab59eE19320b36A469cd6c9,0,912
0x3843c6Ac22ED912845811fE1D8e3BE55028f3511,0,913
0x65f834F180502fE0510063f86EA89D079f8a8E3C,0,914
0xa4F47C75237cf579542207071CE7a1870dd4DEA9,0,915
0x22b1d9dFb7dF20Bb02666788437B48BB13ded5d9,0,916
0x61FDf16aC762828CD38239B0fEE9Aa9aB730A5A8,0,917
0x3454d025DAA51a9543cAE3ee7fB284069754B224,0,918
0xFd2D4B99E9f5a72b07e598F539d9CD87dF06556B,0,919
0x5F1362fF44689df5E5e3d009f04d0B2C4A1B8EE9,0,920
0x7070eDEbf9e47f4dB41b7e61C093412604a1ADDd,0,921
0xC4f63B317a158fe9E79d7856241E00873c953C66,0,922
0x6c89B79C5094223cfe1d19e3cd3a073FaB0AA5D1,0,923
0x5469aDd0228aC1B8B9f26df7FCc8357a433775cB,0,924
0x2C6bC56F5A38b412e4525406aEE146E75C041056,0,925
0xf8af4cc81d539B847e7C1a8F41c542f816818510,0,926
0x8311d4E3FA57cBcA6Bfa22BEbb9683f33De3eEd0,0,927
0xad7E7aE8B3cf70aF750926B009B5AE2cf9d27AAe,0,928
0x027976774A4325C93d80b131aBaf71D98a30b713,0,929
0x6d6F58427f5fE600B4e37F43677E809Ee515dB53,0,930
0x0295B3c266B278BAa90CD6E7bf6FEc7AD755e3A4,0,931
0x0CdB2B3db33bA3f206115095f95B193e509C482e,0,932
0x59f249B93A22A9507aB3f39490f26Fd3d13119b2,0,933
0xD66066a772B2248E3395C3a126712fB1a5F364a3,0,934
0x8D74F7c3B3CF4dEA208e10Fb6959a27BA77C70a3,0,935
0xbd38157cbe95Ad250604d11223C83c3Eb52401a4,0,936
0xCC8311ff9101e69c893837476CDc3Dd4c8c34102,0,937
0x8d981d00439c8B0107212dDb242AB28F9e803d9B,0,938
0x414012E6C20EeA0860972c73c5B2de23Efb4b039,0,939
0xe9dBaC423e72614afF8B9cf2c756ba7a2C35c43c,0,940
0xdf5A8369e29A87F7c4922c4Eae9333e7e6785E90,0,941
0x1CcdF5391433A7DD8C31A98FF439109E1CD005Fa,0,942
0x48e0c52d44406C5a7a9E27AA15b73829a5a0eB03,0,943
0xD14ab7992C54bdD2816D7C3CDD12d5de2Cb71EbC,0,944
0xd179a55A2d61e03056A731c4344D760e8C2E6f51,0,945
0x16E71Fd093E24Dd255F36a10EFc2e3DE8B56217a,0,946
0x23af7b8E570d2236BA8D6a1eAf98DF6d7B8Fa0C8,0,947
0xace4BE22e91d46822478fA463350D3a9389474A3,0,948
0xfA776B5777a63f62098728bDF1C58D711623583f,0,949
0x104b26738E44faC56A5Eaff88E4eb240CDa2F609,0,950
0xD8beA578685074178448C3CCfc80c97516948Cb8,0,951
0x70e43302EE4e60a7aFfCd5b85d15B052e87A5160,0,952
0x46DbE2cD565fAD836321c7ab032423a9E0D7D921,0,953
0x13F3FA19DA702Db574F2A97418826478a59b6546,0,954
0x9bCe5999dB253371527A6bF3dE62bCA52bC7f93C,0,955
0x75CB16b5fEa96Ed22dcBf7a2E89D0aD27bd924a1,0,956
0x7791dB8a142990D025e36421cBEf257C0b627cF3,0,957
0xc2565Bb35805624D02e62749Cf6326794170792a,0,958
0xEC1C9858F8dCa12468EcB08A4B14A5C044F2c1D5,0,959
0x94584626A2b5C76E04063e44Da1583409F646c65,0,960
0x6d45ECC514c571A75cF30744A9B6C141aCd03cD8,0,961
0x4D15FffC385dB87Bb50Db8209d01293929070C49,0,962
0x79DFD315cfedE4d569503215A395EEEf2310B9f8,0,963
0x519F67297D27FEcC5977074E9539BC5F6af466a6,0,964
0x3AFd0b03Bb95edaAde495Deca22679130A638FF4,0,965
0xA94422C7db88f479e5D5b1d7D60AD682406F395a,0,966
0xb03b73AA19350CAC28BCAed6312E049762DD4c4F,0,967
0x790eaEFB7e93e3F3b88Cc5ED4B467E891A536987,0,968
0xaCD552e6d67c8472EE255a63308CACB52D467aE9,0,969
0xE471661aF78aD05936453EB3D80260bA10aB86FF,0,970
0x405B4102199F4D0E5c7E852c799A6d95c9Ee8827,0,971
0x1f2Cb2E4640cC8f4622d4c3B7e940279f183Df74,0,972
0xa9E0Fc46f3CFb72d83C424bBcFdE898674442eBe,0,973
0xc725cABE81628D0CFAEf7a4ea1C72111958D44E3,0,974
0x9BFC715608f8f07d19AbA3B6781c8f089e70bB78,0,975
0xc90FceaD11c2E1718E0E390274d0Eb570DE8c78E,0,976
0xAb66C10034D413bAb449f8E02A81CbA173378e3e,0,977
0x20623C5aB6B03f934c380e5390BEf0398510c5D0,0,978
0x1dB4C49d9B5ECC1DBb389f34f219050C1Cc02100,0,979
0x82397E79E98588952c5370853Bd7685B2e61883C,0,980
0xA5246BA990A2878a0E777D3A1ed199B40edcf55A,0,981
0x477885ce86E26a1cbAcDe1Dcaa7732D7F5f8fE18,0,982
0x6D4E5aE699739360E9fB6FaC69a628eA54b2D1a2,0,983
0x6D2FbA83bA6B8927aEcA7a2Eb8717676A41bc821,0,984
0x85bE25c9B4392bc7765d9Db91D69163e93707707,0,985
0xD3107559D538eCC32ea57fA8c1efE4b9d7bCf0aC,0,986
0x24bdEfF446e7d81884b0a20a411eFCB5A741Aa1d,0,987
0xdD8385f2B03eA05cf8f6eF35593C7DA2a85F418e,0,988
0xCCac7fcdecEdFE19597678066a918e2B5631D83B,0,989
0x9Ef5Af8d20c21016f2FDD31C5822e59Cde558218,0,990
0xe549dDb4a374E64d7AaA1C9201EfD2344CD0A7a0,0,991
0x585e9e7B46ebeb300021c7e0A5B5EC1D79898b36,0,992
0x47764d5C2F075657114D6EfdE1Fd62175D65C0C0,0,993
0x83FE944973fCDcec2D9eDB5fD1b18e34060D4058,0,994
0x4b1D93e94E48577a5326eD2e0F60Ad5474A610Fb,0,995
0x61599c44f231A0F6AFf236FfF451b7970A3D018b,0,996
0xDca0B5E381E7827590Ed03451f6851B1fF740D87,0,997
0xEE728508c91bE342568a2e30cDaF3D5455AdC908,0,998
0x64FC84E60d07dD25F6CC3177829Efc06fAdCd4E1,0,999
0x095335d4901036a70eAa279044823C404E3ea304,0,1000
0xb2CCcAaE513A9F1250E9F557676F550cCB75546e,0,1801
0x7D5cEE83A9A4D057Cf7533EA921aE749DeA1282d,0,1802
0xfD09c6dc10956379d268d05761E02847A2d84D58,0,1803
0xf32EFAfaFbD8669AEcB191d3055BF978F2137ca6,0,1804
0x9ee7d86D8401da7a13C542E6a679dd934281a41f,0,1805
0xA1770eca1e1CecE6AC0aE79D4Ba96581734fCbDe,0,1806
0x9F1b06E4A027BdAe45b9af95C52F270e619Eb4dA,0,1807
0xDD58AB6e79424A76De78f10F17CE95C0aF5ec4fd,0,1808
0x221031Dd40500B4406D2561FB7dd12ADb5e38846,0,1809
0x2dE6DeF536F02819E8221583DB86259c0409984A,0,1810
0x1374dD033a44D3205b710ef036Ee978A35c465eF,0,1811
0xac0c7B3ce9231854C14649A32872052Ca041cD65,0,1812
0x2Bfe55bD79e185fdEc15C7d98a0fbD2E697E4fCb,0,1813
0xFC10f521F096640407E05A1321d5fB14E86a1B17,0,1814
0x89219C79D894B39431B3f174737C4c1c44A6D602,0,1815
0x31Ffc988C3cF9bC02E993695EEA73F66186fF899,0,1816
0xE277E70d5d766b51bd4bC51090680bb3227529b3,0,1817
0x92423fd40C56A8215A6f31BFEbac00F827F4B17E,0,1818
0x913C4e5c566F5DcdD044ec27c5D1bCf99f4a5e38,0,1819
0x7EeFAfbcA159E3369E93C7ea8ABbB8B0d6ACaD44,0,1820
0xf9F120674313d0dEEE3DbEaaF494678bb6745348,0,1821
0x65A302c64372dED897DDf6B600D20C62DCddb00d,0,1822
0x2B3f86E4c6e3e37FC43E40A6E86E2126fA2f9F2a,0,1823
0x8D760CBc56E510118fbF659F6608b42f0e7c348b,0,1824
0xcBEBE21a2f1C6794FCDF0fe468dC08F4703E383f,0,1825
0x29C0Fb2935EEB87ff7063919B23992efC6079aE8,0,1826
0xD908333721db93fE90Ff0C8ADEB993382341aF4F,0,1827
0x3147E3B64189c668B53b7Cb810CBFB4dF0C7BB5c,0,1828
0xc96cCF3d2895b76a63639683d92AA8c7dAD9f1D9,0,1829
0xA38f327F48D24C0F935D9fa24B9B481b5bCdF49D,0,1830
0xB679f9e4DF07f9a0150b4ABEDb54aAa22Fb7f3f3,0,1831
0xb52E621A7546DeE27EB71fE9A6F56558FDb7F594,0,1832
0x2b7F9F72642e1505C6fc49eB915f0E734F38ACB9,0,1833
0x64dC03102cC473D8797f3561807e7f604cFd52D5,0,1834
0x635B85a95Bf41cC083FfAd2b0604Dec7f1464a32,0,1835
0x81b709F323Df1091D466C1a3a1C7C138F0f5d9AB,0,1836
0x2Cf32648C862973Ff018604738c8C5ee4c71BD43,0,1837
0x7DF1c6b6592f88B48440719f74DcE926D6bf0106,0,1838
0xF7C43Ae7bB27e31bb0dB020996075C503b0250C6,0,1839
0x40c0191ac9506982825327c000ca1AE56cc87f6c,0,1840
0x657534442adbfeeabcfdb28bEC6FBbeCcb5bd790,0,1841
0x0363B11e64EC73504ca974E0DA12cd2f91a5d36A,0,1842
0x08C5E4f6f7B4b66d3a07C23078362b0D28ac40da,0,1843
0xF7871963f4be705363Ad8dB1d8949A8D1F4Ebc92,0,1844
0xbdAE7514878507d721E08E7A83481013E6AB4C7c,0,1845
0x8Cba772957D0eCD6c677439CfFF4B494C2016F13,0,1846
0x2611Dc632E9167D32c5E8b1afF3C32a577eab211,0,1847
0xAfEeb51A548EEC5C899dDF9098a53745ac9061E8,0,1848
0x9423dfdD7fe4E3B682e4AA33ccf13F339EC70F69,0,1849
0xb880e95D457C1B9dA1C79B88C805e2AA557E7Ef6,0,1850
0xB0596E7cc4259272066550269aC7Bde6E45A640C,0,1851
0x9640D89f1161B10fa29029aBe294F0F6409fD90a,0,1852
0xDaB8Bca337eF14fb4bd835958483AFC00831E922,0,1853
0x76d031C81E48BF8A3e9018F16A9a398cD5eccbe6,0,1854
0xED17b2F793f04A1c03Aa6922a7fd34C4436054a7,0,1855
0x9A17DA412aE2de638B53580d7c64DBA85aEb30CA,0,1856
0x90cb151CF7A8Ee93fCa3CFBe3cd1E0Af069e06DE,0,1857
0x3f739F59Fa50491Ae5bb6e8Ad1916a7922e1D703,0,1858
0xBC41B3E1C72E371E82890b9F8c9308035AbBF60D,0,1859
0xb8FB35c4B56C604D6D240688fA44abFe7490a25b,0,1860
0x570C19bb322a483DDD371706a3400b8Ae0229994,0,1861
0xEEB05eb5980e3794F1dFeEC0970D33FB4f87288d,0,1862
0x9863DF1E71dD446c34A8e4344943aEDBbCc15Dc2,0,1863
0x06C8c31Fbdc113890518D9ECF70eE14Eb426103d,0,1864
0xc5441d3036180d17257A172A19E87268A1F01d44,0,1865
0x6d9a1bAa69B8A3a2aab98556A795C65A6D5c4ac7,0,1866
0xa1eCAB051be7d77cB05650670959a4416E696339,0,1867
0x772D3466A81E2c3D46BA9811cc0A2aca42fdB76c,0,1868
0xDA6910DB0dA7F605C7335f74931EE5B2245BA6aa,0,1869
0x3Cac126Ba0BD528Dd9dfeB02BD64A45AFDcE0226,0,1870
0xbd85D9f0700ff62FF89E9D17Fe143b9D3Da2554b,0,1871
0xD756C2c78b80fC07cd02a43dfa15C2D6950560dB,0,1872
0x9903E636CFc01AA31c063cc0066Ce586A0888fC6,0,1873
0x56724a34E3903e7Aa3d5D54717DFDe39cE75D974,0,1874
0xF2D8E8da80F313e1203A4Ed56092EEF6253a7C38,0,1875
0x89413d3CbA16f15AfF77F62Da8d15A2C1E253FF5,0,1876
0xb4e6f923E7FF9fA9C9fc1FE7599339Bd45640526,0,1877
0xAd795aAC8a1791F6e5Add02f3ad7f6917113689a,0,1878
0xFBC571D3a447686a956BCD0782DeB45AE9f556DF,0,1879
0x1DEfA38465fbFc2A734ecbCB3d98347d119f3ed1,0,1880
0x11c6D248710e646B5f5DB86b007F0833485844BF,0,1881
0x6d891eF0e70204082ed19F95E78A1d9Ab07033eB,0,1882
0x04C9971A6b47eeD861F18141621664fcC96CE58E,0,1883
0x291e7dBDf4747AA4FE0582ACff802A3F6d7D7b5a,0,1884
0xe46498ED1275B339EF44cDC11C874A6B05b22ed5,0,1885
0x061BE05fa642353D893d5491326248120CD9f968,0,1886
0x6Aca53EC0da265aE023D00feDF716636302DE73C,0,1887
0x78a085BbC5D79d8764da159D38d98498E2872816,0,1888
0xb7B0dD6e48e590B4565A1A908502cfE07cd64D20,0,1889
0x58160B4bD38d0aAF1edCc1e9BA866A0b12E39b31,0,1890
0x457b1B2B106300465FEdC10698A49a9703Ce65Eb,0,1891
0x8909Ec5E3854941082488158221c5b1F4E5E3Eae,0,1892
0x4b3564c481cACD058987aCd8a59c9C04015C6eF6,0,1893
0xCE418233d68B0a3591B81F326C905cF1fE831Bc7,0,1894
0x0f990334B9FF3452012c5644f578fBDc7Bfb86bB,0,1895
0x9321C9553a772cAAA8B7846CC720E5079f2df6c5,0,1896
0x3c0b6511A664909F8EA95d6081fB5F12B3d1215d,0,1897
0x337c050488bfbee4E7016A5FDF9aD40C7170CbCA,0,1898
0x29fa82F89ca0ad82d3c911778d2499aE337AC8c0,0,1899
0x10B5D56C651E5Dfa805e99D14e0AA2A58F96A129,0,1900
0xE04D4Bc99f7574D268839a1029Bd09D60d24177C,0,2801
0x504dDe64A7A329698Daa93fdce424EAdF27A9bea,0,2802
0x293f5BB0889AC98c548eADbDa66657642470e213,0,2803
0x6EC556Be99d58b31573cFdf996259344a5206fa0,0,2804
0xe6bAE41A4B0653696c3D0097C4A4db9187232b72,0,2805
0x1Ef608161d135f3b08Dbe7169DBfEc3c796dA50F,0,2806
0x5D5F8F944abD6042EeDCc02f86A07F82A8b5D68D,0,2807
0x1dfAFCE41Cd09382606629FE9eD7136937b48b82,0,2808
0x553fB1ECBABbCde90A269E7e672488739f6d7731,0,2809
0xfcb76c121dA434Ec9073849A85B4bCBf0cDDb298,0,2810
0xE56B234cAF293b4D35da5190e38beB8BD5C6A116,0,2811
0x639A5450CD6Cc3A7EcCfD6F7F71D243670753E68,0,2812
0x42E1DB0619d8f5ca6C7eeDd3446143fF81a259b5,0,2813
0x9bD705D226b544e431a756837315B1913F20705A,0,2814
0x94510631195d30E47A03EA849E1CfFd9f61d7A80,0,2815
0xcC9074E5DcC3bC2660a366CeBc16997F46FF7a3D,0,2816
0x0186a65f8ca12D3156E1E158fA1e35D77Ac5b897,0,2817
0x92F4359EF1C1Cb766E349b0794B6cCDc83C5C8fE,0,2818
0x5c6e68D4EB7068F82eA4DFd22680C5eD9FDEb90B,0,2819
0xeBE19d31F42D8b79083748090c0fd582D89ea136,0,2820
0xB8a8465b58dFc86A6812A12e0756A50617BA14c0,0,2821
0x67C331B6dA0382b9F0562a6C07887ae2e1BFF168,0,2822
0xae81f79Ac293E933a60107e7D62046529306bcb6,0,2823
0x7CAD44E014393EB26eF5D0e8fb6FEAd969B06fF1,0,2824
0x6a20Cf90777Ab734fd927E9f5B329CDa6d50B78B,0,2825
0x9e39b624A861e62e4D1eE333a5ab7B2939Ea3B97,0,2826
0xcd0675d8EAF7b7e40F992F7eF1C21F13Aa973e08,0,2827
0x2578819e3ca71832a108e1dF4bE35a4a045c40C5,0,2828
0x0226471664073325A761Ce950818fDe7d38671d1,0,2829
0x034Dc6614216d0CFdf41349127492ff59BbfaF83,0,2830
0x1537A967055B25163Ec648853d55A96fa304E64b,0,2831
0xD712d70a28cd68713E7d77BD0BC0Df80E13580A6,0,2832
0xc59D0133aa0ebe0a6D5394dD179ab4580D128FF5,0,2833
0x89EAF453bD69A786Ff505fd09f04E8AC0A10caBd,0,2834
0xC30DEC061725D53E7A85908a776A84d14F1ED5Dd,0,2835
0x4F6214834b144A151629Ff9eDb85ba521c2E4Ab5,0,2836
0x77B8C3fea4c2C8A65ed9d1CeBae1c60Ec9DdfEC0,0,2837
0xcBED595A674dC83C33904dBBe026dEEcEfcD5a7E,0,2838
0x6BA16F75404608441Dac6775aeab5886bFdDb328,0,2839
0xa38e55A7481dc795d6AFFcE6bF92c5C1c8f26FdB,0,2840
0x17a047814c96efd1Ee281eE17Fd5352eaeD7473B,0,2841
0xdEFCF0c9bD3Eab34Bac44A4ab52b19f74EB581ED,0,2842
0x1ABbcd3242905870632bf5525e046924ff40A9Fc,0,2843
0x0C2Ca5aB623EFc0f7cd6e5F48e0c296d4afFcC67,0,2844
0xab64436928F58928f6dD7760B982b218bFa63c88,0,2845
0xfEC060123C989074513E38E23f9d8C4c79C49607,0,2846
0xd201449AA07aedE1Eb99bBbCe3914E7c1D51046C,0,2847
0xcB5Bc88f800FD5E32F1618fe870d57F886391ca5,0,2848
0x5eAc1bD6daa0c1b620a9c1ffa1D01DeFa6C1Bb64,0,2849
0x7A1A6905807E8B0c4a98c9C317D23E13443B3129,0,2850
0xFf5ee9d90a5422927Fa468Fd03fb760738559867,0,2851
0x00934729975c1643f851B69224Ce80aE29C066CA,0,2852
0xc2a2bad2CB3231884586f01CFd0337f4304a472e,0,2853
0x4950D929A29B3292096fCb34568Cc326E41603D6,0,2854
0x80045ad300165abe688E9E4D69a95d76bE70C9Bc,0,2855
0xF6d3d41Ec4Cf8cE51F39294F5305D4Dcbbc9dff3,0,2856
0x82F054619dD778d5A7039EfC6A2D023d7279532d,0,2857
0x7A1DD53c8f38743A916c512Da6953FB338674C55,0,2858
0x27734727B648D15fcd7200B712cc897F595844FE,0,2859
0xaf36a6A4FA4FC52347200259E8C9FdA98A34729b,0,2860
0xcc4443081A20BeE35ABA75ef0E54A50C6aB8e9B2,0,2861
0xCdf7eBdF3d471069D794ea2c03beC2aD3E49e687,0,2862
0x5fFdaeBC17a27A0520EF167B05f905b7D970cD1E,0,2863
0xa6edB782028e208De0DEaF0ccEB4f45e026bDd2E,0,2864
0x31264072e6ce24AdB59cfE129B9Ee3F76073A6c6,0,2865
0xf6800CD36391B922cc0d0ae289c8f04Ddc548ECF,0,2866
0x717b932c6040E20A68F4d21D31dE0A6C71B2C9bb,0,2867
0x1d76421C8CD7A3b9b96E17426602115c157E66c5,0,2868
0x90CC6E290328881656dE7E3e2a091f726359f7E2,0,2869
0xA7E3eD63C55DF4dB9b0F3c860e2EBc7d9d629713,0,2870
0xC6A5744a07373805A95cA6754C714F14518ea07B,0,2871
0x1EC4683379486E5A2f095ff09b7886524f2A760c,0,2872
0xd91941b697C7227D91FaC556F79e7Fe52b36b541,0,2873
0x335e528027c5bf8FDa2a0fA6e4ce25C0fD5D4053,0,2874
0x21C9baf673Fa941cbe12f9B72B7AF280e3f0DF14,0,2875
0x85bfAF2273A9F540e1180270521dD2896fe19276,0,2876
0x549876D412447f5e81ec783eE82f780A4766F9f6,0,2877
0x4a55D6032cCE745bb9194059D97e14BB19c658a6,0,2878
0xb92935157Eb8fa5B7C462001196378a1638a0e87,0,2879
0x4aE3340bdf8763A5b94c943ACfD03C8E3A71aBC3,0,2880
0xa7b528E1D97c9d7EebACf11B96902122fB1948C4,0,2881
0x5BEB12825C534409795536fD94Ee9dd1FADf6265,0,2882
0x6a6AA24f4A0354B26C6B67e2F14E144934f7848f,0,2883
0xf0A0998B29Ad23BF147B22495B58c2bf4D49155c,0,2884
0xD2Ab1d58C3B524F9F346318C22A90959B0f1a079,0,2885
0x3cC45a1caaAb1AAC59beaa980010c583D1E38237,0,2886
0x6cF2929642807365C847984EBd2c3695bE87b8dB,0,2887
0xA4F68169963f6dA06FB14e44db518Dcc94d6f9a9,0,2888
0xC2CfB72E85FcDA4F4E0Fa0AAD5b76c27f6548824,0,2889
0x7fa022daEc8B8986b6767afcc1A7FA1Ba8Eb99F5,0,2890
0x545eeBDAD5b40499e7fdd65978cd999Af6e540BA,0,2891
0xfF7622517303C63970fF9CBeF039be086a61AD3f,0,2892
0xE2700a1acDA42B1413c584a34fbb85bBB117C865,0,2893
0xd4D906E1c69EbE094E25Fa5D145D25CcFa913679,0,2894
0xC7a5121228ab8E33E513e433b2EFB27eD5a7B740,0,2895
0xdae26157Fc94DE84ba1D81e5e43F2861b6A51181,0,2896
0xfBE6443E62f72118315e4D248c2D50DecB731696,0,2897
0xe5612bbA46656C7d5ba72f23c70b11ca6D2830c5,0,2898
0x4a21B4E22Da678589d30280C7458FC323378ba08,0,2899
0x04fa1762108B2802eABE00aFC859f5bbCC192024,0,2900
0xF37571CC0F03B672A9122721dA6fC0de7bAF7cC4,0,3901
0x694822DaAA1c1aC83D911A866feb8988EA80d3A7,0,3902
0x0bFBbFBebCED384f2b537BCF9E083f47110b10a5,0,3903
0xf507ad54DD01a66347f32076f94d1Dc8b5B57F79,0,3904
0x888FE9E550b7669dC5693313af08c9247FbD4535,0,3905
0x5a0EFece48124abe19b3aF6a131702657D66a29c,0,3906
0x7aE74d6a1546D6D2A11968dF34d060538e3C12DE,0,3907
0x8AEB4DBB6046531ceDF13827C7F6461EA124dD31,0,3908
0xCa57b152b99a0fFcc671DF7917361845180798b6,0,3909
0xD45654CF8e038f7A2aE8a72E756036Ee6CcE772c,0,3910
0xD337E6708EDcd96B01a32B13E5580F196FE9ECAb,0,3911
0xa5fdF16EAD30F7D83970fCB077adc868D11D4013,0,3912
0x3c5898A91B9596719053456d6b7D263654CC3131,0,3913
0x627945B3BDD6d6269E722a5b1f657Eb4A611bb09,0,3914
0xaEBdE0e5ebd2508a24b5cd0cD89d6479b6d52bA0,0,3915
0xfeaeAc6CDB2cd55CfADf74D77bf1Ac4a925b997b,0,3916
0xE05405FdA4fBF21ac77A51De594f0745aBE2d18b,0,3917
0xDe070f6FDe112e03fbce95248535B9A82DcA41AA,0,3918
0xf2B5863b184F247C4CE921d2dE1166F1685B01fF,0,3919
0xe49d2Eb38338B05A66ab872924d76ab11E6b1e1E,0,3920
0xa7d580ed211CbA7C3fa29262CA54b69Ac81ADB48,0,3921
0x0edA9eD84B10a7804B7395308a9a331680804205,0,3922
0x01144016088a190b8b58539F91Bd14EE2Df2607a,0,3923
0xa95a2C4FceB3cE6e16D4DCfe992A5f6DDEda5520,0,3924
0x32a60125C505B8AfcbFe9E77B9c69823790e3871,0,3925
0x611218077AF8D35154F337cB81025EEb2f40771f,0,3926
0xb8dA783D24222AD164db206158b2a6B50bf202c3,0,3927
0xC848C4968A8B9D4fb029D5fa0A3208B07F9D03b0,0,3928
0xCf7419D4920dAc55C89413Ad6318605200De20e8,0,3929
0x14a168f7850A5a7948f0de9130fe35714d1aEd19,0,3930
0x167c3d79c29979092B9F7Ebc021F30ebfFbd8dA7,0,3931
0x79699896Eda285F38a3753F994fC1918Ae08cbF6,0,3932
0x5A3E05267bD30ed0EEdD5BA31CdA44278A9F9AC1,0,3933
0x212Be4b5DD0AE5A2366b45350822ACDF0021AA2b,0,3934
0x52adaDA656Dd0043ADd14ECd490B4E0D7C47De95,0,3935
0x9bc842023c09A76668394118a30e8Ea68F8DBC05,0,3936
0xa06fc30Ba8392e356C698Bfe5c241dF610ff47aE,0,3937
0x23E0eafe2a218d9db85310971D7d58E717D33997,0,3938
0xBAD07af155A7A8f07BB026a682E4e526Ff9e7e40,0,3939
0x65A10804D353813C33166181451D8083a263ae51,0,3940
0x1fFdB5c79A94856B7b07082B8dE6008fb900C664,0,3941
0x2bcA2cD56603fFe157e516a2f314EcC95D23E217,0,3942
0x6Cf9c38c75Cd97883084d9C60c281341e437929D,0,3943
0x1e8758406A0a27fd41a06069ee0AFC6bfaF46cCC,0,3944
0xE1C34e22C9D53bc6C31fEEead5F073Af43e77674,0,3945
0x40A4009f9040A5eFc1d4e368d88B9abaFb7FBbB3,0,3946
0x7dCDfFFEd4295A6cDD1046faBAEa810b7354cc4C,0,3947
0x9Aa9bc7C847d055760577c79F7669C395e057eD6,0,3948
0x23B8c31671B8Cb365ce1ceE72E11d8ffed4cE8B3,0,3949
0xDDAfB576dF5Cc7F5F32Ff21aBe0b5D6Ec79997Bd,0,3950
0x084EE81b55CB9dCaEcd55133636AD399Bc290CD8,0,3951
0xE4fF26A84A4Ba6e53f21EA91508BB29cd4C925A6,0,3952
0x41EF2AdB35F36a75b615b98fd0D54be29D90E1BF,0,3953
0xdc893c48B0D6E09748f9f3A9Dd6564D0c56B7649,0,3954
0xc9Cb1d540C72C066627e9C9259F8bc2313F596Ee,0,3955
0x815c606b05A372f2A511e14522D9cE8E63C8a976,0,3956
0xB453DeaAAa9Ef3741B9a47258830bf6aCaEa327B,0,3957
0x454be17A966DA4242e66f4e1Ba5c2E92a863fbB3,0,3958
0x5BA7A668D8C6fF4B72D3A47fb6e7845E79153Bd2,0,3959
0xd93C3388726D5A5027bF30439118Dda5C48dFD73,0,3960
0xdD7720C0Dd929aE0a8D35D9b2Ec10c791cf343A4,0,3961
0x3F454b215B4C635a3bA5F456c28232281cb75e39,0,3962
0x20d6Cf508827E809E2eE7cCB7AdaDd162927221e,0,3963
0xA62d99eD63c147B2D19D1A3AB8853272f2eF1c37,0,3964
0x0FeFb7153263CC8B3d3669363331466A851b02F9,0,3965
0x0019b9B2b0a7b3001BCCbBd48eBa9e49893481aD,0,3966
0x64f890bCa0ea71d57162361e89FFDF1587B691F0,0,3967
0xA79d022EF0302feCEf1408e3Fe73162954dF794E,0,3968
0x0285dEA7D7977ccD16b18e1ef414d284F8E846be,0,3969
0x0788792153394E3f4b6bb7E7471628e3A8277CAC,0,3970
0xf48ce7B45643dd7239644512262879C5B38F93c7,0,3971
0x5AD1e1C11Cbd50D60B37Ec7CD65f1c3fFA4f9dBc,0,3972
0xfBf105497eEa7c3444A381342D821Fa6DBC58B1B,0,3973
0x94f9A6Cd6A090a653b2D466dea535a70386A4797,0,3974
0x716364388586226147F0e98a7a9e9447cEec90cC,0,3975
0xbdBdE58A850Ee58d8eD1357aEb5040ea5081e526,0,3976
0xdFf615a09eA5f78164c1A06589a3F7c7de7Dc538,0,3977
0x985c877CbcD72a7d0EF9c2196a0B7e788dBa067b,0,3978
0xeEC87eA42fCa2Ea0062EfC0675F17b829BD6Bfb8,0,3979
0xf265cC6A91fb62734718d5Fbf16473b3AA920C74,0,3980
0x12A49cedC01E849f616D46ae92d2e110D503305b,0,3981
0xD084A3c951107A4B5D0638568DA3E177f937536A,0,3982
0x018117e4965955967ceDE7Aeb8a97D7B90e796ea,0,3983
0xA533DD96F838E291B0dE43aF1FB3EAe224c907B2,0,3984
0x023bf7A8A7cBDdBF8aDB6149dbA6eC46D7F0a885,0,3985
0x1BE4d8bB391011C232f5F64cD724BE251be0c4e2,0,3986
0xbBD3239971612ec594C00cCA89E60eB2e51B9c81,0,3987
0xe0f548EC48848eb836112011C28f5c6f4D19A224,0,3988
0xDBa3Bd534975a521A3d00CF6EE6D3551492984D1,0,3989
0x693a621136b80C32EC94d75aB0D647EA29b9a5b6,0,3990
0x8D76EBbb607686ead2667863C2F96A6980364509,0,3991
0xf4509CeF4986206561bC1Fdb692e1eb44938AD3e,0,3992
0x34fefaa99fF5EF708A79852BC74b79A4DFa51341,0,3993
0xf03DDE6271bc3E35df7E51E52086934734BDBFB0,0,3994
0x55b009E801C0375cFC64Cd2b6D6293CD1f600750,0,3995
0x2ecEeb4B26036Bea84dB3FB81eC12BE7BB51F6C1,0,3996
0x5b8eBA02458C46CF07413bdF4023e6469DE867c8,0,3997
0xf1A5D1060231677FF5748671A490ECd1dcC2f6b9,0,3998
0xe09e318A79c881Fa460F37777eaC0be569b7302C,0,3999
0x7c0286e7aCE900Ab2809Ac63C87483E4a2ABCBC5,0,4000
0x5893A4163AB0a971A2b8Be9Cc1C10dE28f122d30,0,5001
0x957C7Dd93bE310509f552f44e4a878b85AA889AE,0,5002
0x9BEf68c490f02C9E4a129c4666BDAc033ecf873a,0,5003
0x0f417EbbFB91988D5791D17B8e7c0cdb0716E3c5,0,5004
0xA4fB04d5075eEEf1D8Db00B9cd1E6493DB9563df,0,5005
0x0F91248aBF98971e1043A2532175644E53618327,0,5006
0x52307581145895c973B44c1ad483f3AbDa1CD0c3,0,5007
0xc3976b3EA3d6B262F3881C2584E8a402c48f2606,0,5008
0x1361b2FdCD6060BAc91bfd49f04473C7B57d4554,0,5009
0x71D02D191354eD365b3a66E5B59bE2085F65789C,0,5010
0xd4A93d08E38fc5F93180d05b216C8354e7EAA431,0,5011
0xcb0251bdACE3Eb28d44d252F284c45901d053656,0,5012
0x623C73B723D930927e44860345c45e58d47fC9b0,0,5013
0xbb94dD58Ea09B7CCE339775c3474c42211b06A18,0,5014
0xd04472A1BED64F8BbD4Ad4C6e3E4dF0f067dBc92,0,5015
0xce16bf04EcFE5093FAcC33131b9E774eAf699caf,0,5016
0x270893433632678bec2c0C508C9AEa3c81FD655E,0,5017
0xDd19B93511305218AC44C26eaaF24e84253CfB3a,0,5018
0x85bc3a5aFE37956f91221928A19C2157ca3191F6,0,5019
0x697196F0D1AB1804d6Ad3b707e89D533C7737912,0,5020
0x60a0b9177fc534bf888a8c98E47F72431D56a290,0,5021
0xb7cB807c0F2413ab5a44C975C65B855ca07f636E,0,5022
0xA48b9798ec7faC516940cF03131C19Fc2Eb847b8,0,5023
0x3Dfba7fC9968455Dee612a32442fA038F37B5052,0,5024
0xFA364788F33AE1e6b9BB20AA9A9F7574705757Ef,0,5025
0x9F0e27D7cFe134B59d717473ceA64429bB2E51C2,0,5026
0x75e037fC090BbF9CCBdc4dAA58C8AaB130EC15bF,0,5027
0x296F9CBB2fdC885924036A7024b00bD70B8Db5c2,0,5028
0x07fEC0EFe6492F7d447F0295E49F6e3Eb9F5b1af,0,5029
0x9D4264763EE8Db5E8384E66d704E2F81eC37bD7C,0,5030
0x175e278e72dEE00ECd96dbc6AA64E2dFFf691599,0,5031
0xccb3401F37FBC8DA8E8eDD25a5a8BCE329475306,0,5032
0x29c3C854501779354B8888179796e6a8Ba99BF25,0,5033
0x1E09Ab8d66b2B20a1bEC9490cf0509eAE380CF06,0,5034
0xFDdAf56CdbFe74920B00F734071007d8922CE3a6,0,5035
0xd72cc19fe4b40588f52952fE1aF9c00200D5E842,0,5036
0xe8348e16949486Abb4143357C3Fb44AdAAEFfDFd,0,5037
0x6618B2383cdC535c64f729adEB7d839C7D14CfFa,0,5038
0x479343a9485AbFd5686ae3558dc896F4F16570FF,0,5039
0x5bCA38820b5e64626c88278E22Fedf428dc2FfC8,0,5040
0x2dAcFc434439a1b181e3970f9559f68f3bc36F32,0,5041
0x6Ad70a81bb79fa053C45f716e646Dd5A3638f816,0,5042
0xE38e2fd1CD73Da54642b6000F722ae8725cc983d,0,5043
0xCE35382F0d540e902fA1e45886a39e67b12f57C2,0,5044
0xAd8fa5d50261E5df731eD6f6a82a96FafB01A75e,0,5045
0x0813FF69304d3214a14864Bf39c8cCd5B9f00B61,0,5046
0x9513e1Ae05484541852e985260CB8F077549d4Ee,0,5047
0x5F17c9cD336953e930B9bb7E41FA158d87ef81de,0,5048
0x51665B6df04E4260AAfFb38C8F3432587760455D,0,5049
0x6784b42a1D1c062da39fFE10c519066D1F90DB92,0,5050
0xAc876fB3C1643175dd6AE2Ad4B21109f92000231,0,5051
0xb83E028c8cC4139Ee05d071454b2907fd500b537,0,5052
0xA1467aa54FeeC78c4F5A949fa08A369fD2D11E7c,0,5053
0x97Dc36c2A0d9c7189746B203ff8e5aB8eBC09CF2,0,5054
0xA7Ea8D3cB5638E4c188683438092523879211701,0,5055
0x81980ceEdB8D8cA3AaA4f0aA31bf06025da2cEB7,0,5056
0x0266632046D656b09aC6507B9b235Da3E6c71102,0,5057
0x3f98d32e55d47899fb1D96F356E7916161F4380f,0,5058
0x0BE7eeFAB030c6Afc3E18145BeF45D026769dada,0,5059
0x24595dd54cd2138aC43289f5D23824435adee9f6,0,5060
0x60a1Bb4bDB52EAF03023c5aacd50Af2c129Fa89b,0,5061
0x8B01195263B4E54aAEe28eB20400277Bf514cE19,0,5062
0x56856Bf092b92F50Abdd4741bBEaf216d4309332,0,5063
0x70e7Cc85c3B003919d98e6B57EADDBE29537FFCd,0,5064
0x94f2E8370fd8A9B607f6746BACc39F022aB42C46,0,5065
0x5E8f9e8cA2977CA6250f38184E265762C241C1bf,0,5066
0xc81e36549d0055AD069e1971FBC0c5a9456D9B98,0,5067
0xe56228668F4404f72b0D42F1cd6E09d5769CCbaA,0,5068
0x55EEc9C34acb59f1314Ab1039B17f2d833e7C093,0,5069
0x3797748361a873b2D08ab5E712Cb7aF5fdEE5fDd,0,5070
0x85Fe247785cCe794190dd66750Ee6BfA4dE52858,0,5071
0xd1615379b6cd1451c356b21096D829f44deb4Da3,0,5072
0x3A8dbED4bAAFc31d9198898110A152148a5cC0CE,0,5073
0xa9983D41FD31D0B2f274D56bD1072622F9a99023,0,5074
0xFeD3F26298b11AFba8B239838C7ee32C1d2939eB,0,5075
0x27Ec4f289b947A729e1B3c8B2AA1E758C6B967B5,0,5076
0xDb20e31A1CFaf4DA863879CdFD77F03A38948FfB,0,5077
0xcBfe83F869f98DFee6B1A579B01f9D42FcDBAbF3,0,5078
0x1bc1C93ad5994B078D91384d2FF9b6c87A640705,0,5079
0x6AB28b1fa5aC54332A2108Eb7E1eC9e9656Db875,0,5080
0x92a72358e29557ACf2724902529A4d6077475c8A,0,5081
0xB13D3088D323d3145771AFDc80bf7e31F7534085,0,5082
0x1FBF7f7EdEC12478442e4026e95CFA78A9d1b5F2,0,5083
0x49cCc7a18D01eDb19107F0c628D1E2e1cCafaA6D,0,5084
0x2c07fAf2F1275aF9D445102a2645Fe8D604cbae0,0,5085
0x25edAc77DEf06beC3B9EDb24A6dBF1aa81732447,0,5086
0x94557aF147ead10735080B827E0e2036a695Ae9b,0,5087
0xD07Fb3CA175B993E1bF1A208127d8E7785c88768,0,5088
0x9699C917E5465DcEc18a5d5bca38584a0a963192,0,5089
0xA7CA0171cdf5A20C91942C044aecd1CFA3944B7B,0,5090
0x47e447C18c9bd98b8CC88E1Ad6737fFE111c807b,0,5091
0x669E509aE63A94745DBaa1AEdf7858ecD543bd02,0,5092
0xB04E2D1DbD52958bdcF95A673F2d4C00b75Cedd7,0,5093
0x1F6705861d3E64a6c22F1ac266C71Be9EAb32E34,0,5094
0x1089F7d8E46Ac406842EeA38b1BDd86D013b7606,0,5095
0x4AC5C19d56BE48ceDD42Bd47568E35E86F91F38B,0,5096
0xA2530CFec6e07B4BbadeF83EFD6d9704c45315C5,0,5097
0x040327860C32E804f4EEDabCD6A38a2Da8E6B164,0,5098
0x72913710474A3c1e6e38123b1db8E3ACf90Ecba6,0,5099
0xF258785D36769f7c4F4d14739243FefF67224CA9,0,5100
0xd5Ff4A4458BC8d2684A452C0C57531731410F3f4,151162,0
